target_id,source_table,source_location,portfolio_set,model,statistic,published_value,published_decimals,uncertainty_type,uncertainty_value,tolerance_rule,notes
TBL3_BM_lambda_M,Table 3,article_pdf:p.938:Table 3,book_to_market,capm,lambda_market,0.70,2,shanken_t_statistic,3.33,published_rounding,article row label BM; risk price in %; t-ratio marked ***; */**/*** = 10%/5%/1% significance of the Shanken t-ratio
TBL3_BM_lambda_M_empp,Table 3,article_pdf:p.938:Table 3,book_to_market,capm,lambda_market,0.70,2,empirical_bootstrap_p_value,0.000,published_rounding,article row label BM; bootstrap empirical p-value for lambda_market printed in square brackets; no significance stars are printed on empirical p-values
TBL3_BM_chi2,Table 3,article_pdf:p.938:Table 3,book_to_market,capm,chi_square,16.00,2,asymptotic_p_value,0.067,published_rounding,article row label BM; chi-square test of joint significance of pricing errors; asymptotic p-value printed in parentheses
TBL3_BM_chi2_empp,Table 3,article_pdf:p.938:Table 3,book_to_market,capm,chi_square,16.00,2,empirical_bootstrap_p_value,0.063,published_rounding,article row label BM; same chi-square statistic as TBL3_BM_chi2; bootstrap empirical p-value printed in square brackets
TBL3_BM_R2OLS,Table 3,article_pdf:p.938:Table 3,book_to_market,capm,r2_ols,-0.41,2,empirical_bootstrap_p_value,0.289,published_rounding,article row label BM; cross-sectional OLS R2 printed as a negative decimal fraction (source uses Unicode minus U+2212); empirical p-value in square brackets
TBL3_DUR_lambda_M,Table 3,article_pdf:p.938:Table 3,equity_duration,capm,lambda_market,0.68,2,shanken_t_statistic,3.23,published_rounding,article row label DUR; risk price in %; t-ratio marked ***; */**/*** = 10%/5%/1% significance of the Shanken t-ratio
TBL3_DUR_lambda_M_empp,Table 3,article_pdf:p.938:Table 3,equity_duration,capm,lambda_market,0.68,2,empirical_bootstrap_p_value,0.000,published_rounding,article row label DUR; bootstrap empirical p-value for lambda_market printed in square brackets; no significance stars are printed on empirical p-values
TBL3_DUR_chi2,Table 3,article_pdf:p.938:Table 3,equity_duration,capm,chi_square,22.31,2,asymptotic_p_value,0.008,published_rounding,article row label DUR; chi-square test of joint significance of pricing errors; asymptotic p-value printed in parentheses
TBL3_DUR_chi2_empp,Table 3,article_pdf:p.938:Table 3,equity_duration,capm,chi_square,22.31,2,empirical_bootstrap_p_value,0.045,published_rounding,article row label DUR; same chi-square statistic as TBL3_DUR_chi2; bootstrap empirical p-value printed in square brackets
TBL3_DUR_R2OLS,Table 3,article_pdf:p.938:Table 3,equity_duration,capm,r2_ols,-0.85,2,empirical_bootstrap_p_value,0.342,published_rounding,article row label DUR; cross-sectional OLS R2 printed as a negative decimal fraction (source uses Unicode minus U+2212); empirical p-value in square brackets
TBL3_EP_lambda_M,Table 3,article_pdf:p.938:Table 3,earnings_to_price,capm,lambda_market,0.67,2,shanken_t_statistic,3.21,published_rounding,article row label EP; risk price in %; t-ratio marked ***; */**/*** = 10%/5%/1% significance of the Shanken t-ratio
TBL3_EP_lambda_M_empp,Table 3,article_pdf:p.938:Table 3,earnings_to_price,capm,lambda_market,0.67,2,empirical_bootstrap_p_value,0.000,published_rounding,article row label EP; bootstrap empirical p-value for lambda_market printed in square brackets; no significance stars are printed on empirical p-values
TBL3_EP_chi2,Table 3,article_pdf:p.938:Table 3,earnings_to_price,capm,chi_square,23.12,2,asymptotic_p_value,0.006,published_rounding,article row label EP; chi-square test of joint significance of pricing errors; asymptotic p-value printed in parentheses
TBL3_EP_chi2_empp,Table 3,article_pdf:p.938:Table 3,earnings_to_price,capm,chi_square,23.12,2,empirical_bootstrap_p_value,0.049,published_rounding,article row label EP; same chi-square statistic as TBL3_EP_chi2; bootstrap empirical p-value printed in square brackets
TBL3_EP_R2OLS,Table 3,article_pdf:p.938:Table 3,earnings_to_price,capm,r2_ols,-0.74,2,empirical_bootstrap_p_value,0.344,published_rounding,article row label EP; cross-sectional OLS R2 printed as a negative decimal fraction (source uses Unicode minus U+2212); empirical p-value in square brackets
TBL3_REV_lambda_M,Table 3,article_pdf:p.938:Table 3,long_term_reversal,capm,lambda_market,0.71,2,shanken_t_statistic,3.37,published_rounding,article row label REV; risk price in %; t-ratio marked ***; */**/*** = 10%/5%/1% significance of the Shanken t-ratio
TBL3_REV_lambda_M_empp,Table 3,article_pdf:p.938:Table 3,long_term_reversal,capm,lambda_market,0.71,2,empirical_bootstrap_p_value,0.000,published_rounding,article row label REV; bootstrap empirical p-value for lambda_market printed in square brackets; no significance stars are printed on empirical p-values
TBL3_REV_chi2,Table 3,article_pdf:p.938:Table 3,long_term_reversal,capm,chi_square,12.74,2,asymptotic_p_value,0.175,published_rounding,article row label REV; chi-square test of joint significance of pricing errors; asymptotic p-value printed in parentheses
TBL3_REV_chi2_empp,Table 3,article_pdf:p.938:Table 3,long_term_reversal,capm,chi_square,12.74,2,empirical_bootstrap_p_value,0.093,published_rounding,article row label REV; same chi-square statistic as TBL3_REV_chi2; bootstrap empirical p-value printed in square brackets
TBL3_REV_R2OLS,Table 3,article_pdf:p.938:Table 3,long_term_reversal,capm,r2_ols,-0.18,2,empirical_bootstrap_p_value,0.156,published_rounding,article row label REV; cross-sectional OLS R2 printed as a negative decimal fraction (source uses Unicode minus U+2212); empirical p-value in square brackets
TBL3_IA_lambda_M,Table 3,article_pdf:p.938:Table 3,investment_to_assets,capm,lambda_market,0.60,2,shanken_t_statistic,2.92,published_rounding,article row label IA; risk price in %; t-ratio marked ***; */**/*** = 10%/5%/1% significance of the Shanken t-ratio
TBL3_IA_lambda_M_empp,Table 3,article_pdf:p.938:Table 3,investment_to_assets,capm,lambda_market,0.60,2,empirical_bootstrap_p_value,0.000,published_rounding,article row label IA; bootstrap empirical p-value for lambda_market printed in square brackets; no significance stars are printed on empirical p-values
TBL3_IA_chi2,Table 3,article_pdf:p.938:Table 3,investment_to_assets,capm,chi_square,21.56,2,asymptotic_p_value,0.010,published_rounding,article row label IA; chi-square test of joint significance of pricing errors; asymptotic p-value printed in parentheses
TBL3_IA_chi2_empp,Table 3,article_pdf:p.938:Table 3,investment_to_assets,capm,chi_square,21.56,2,empirical_bootstrap_p_value,0.069,published_rounding,article row label IA; same chi-square statistic as TBL3_IA_chi2; bootstrap empirical p-value printed in square brackets
TBL3_IA_R2OLS,Table 3,article_pdf:p.938:Table 3,investment_to_assets,capm,r2_ols,-1.18,2,empirical_bootstrap_p_value,0.334,published_rounding,article row label IA; cross-sectional OLS R2 printed as a negative decimal fraction (source uses Unicode minus U+2212); empirical p-value in square brackets
TBL3_PIA_lambda_M,Table 3,article_pdf:p.938:Table 3,ppe_investment,capm,lambda_market,0.57,2,shanken_t_statistic,2.78,published_rounding,article row label PIA; risk price in %; t-ratio marked ***; */**/*** = 10%/5%/1% significance of the Shanken t-ratio
TBL3_PIA_lambda_M_empp,Table 3,article_pdf:p.938:Table 3,ppe_investment,capm,lambda_market,0.57,2,empirical_bootstrap_p_value,0.000,published_rounding,article row label PIA; bootstrap empirical p-value for lambda_market printed in square brackets; no significance stars are printed on empirical p-values
TBL3_PIA_chi2,Table 3,article_pdf:p.938:Table 3,ppe_investment,capm,chi_square,26.36,2,asymptotic_p_value,0.002,published_rounding,article row label PIA; chi-square test of joint significance of pricing errors; asymptotic p-value printed in parentheses
TBL3_PIA_chi2_empp,Table 3,article_pdf:p.938:Table 3,ppe_investment,capm,chi_square,26.36,2,empirical_bootstrap_p_value,0.056,published_rounding,article row label PIA; same chi-square statistic as TBL3_PIA_chi2; bootstrap empirical p-value printed in square brackets
TBL3_PIA_R2OLS,Table 3,article_pdf:p.938:Table 3,ppe_investment,capm,r2_ols,-0.43,2,empirical_bootstrap_p_value,0.220,published_rounding,article row label PIA; cross-sectional OLS R2 printed as a negative decimal fraction (source uses Unicode minus U+2212); empirical p-value in square brackets
TBL3_IVG_lambda_M,Table 3,article_pdf:p.938:Table 3,inventory_growth,capm,lambda_market,0.60,2,shanken_t_statistic,2.91,published_rounding,article row label IVG; risk price in %; t-ratio marked ***; */**/*** = 10%/5%/1% significance of the Shanken t-ratio
TBL3_IVG_lambda_M_empp,Table 3,article_pdf:p.938:Table 3,inventory_growth,capm,lambda_market,0.60,2,empirical_bootstrap_p_value,0.000,published_rounding,article row label IVG; bootstrap empirical p-value for lambda_market printed in square brackets; no significance stars are printed on empirical p-values
TBL3_IVG_chi2,Table 3,article_pdf:p.938:Table 3,inventory_growth,capm,chi_square,18.10,2,asymptotic_p_value,0.034,published_rounding,article row label IVG; chi-square test of joint significance of pricing errors; asymptotic p-value printed in parentheses
TBL3_IVG_chi2_empp,Table 3,article_pdf:p.938:Table 3,inventory_growth,capm,chi_square,18.10,2,empirical_bootstrap_p_value,0.073,published_rounding,article row label IVG; same chi-square statistic as TBL3_IVG_chi2; bootstrap empirical p-value printed in square brackets
TBL3_IVG_R2OLS,Table 3,article_pdf:p.938:Table 3,inventory_growth,capm,r2_ols,-0.55,2,empirical_bootstrap_p_value,0.204,published_rounding,article row label IVG; cross-sectional OLS R2 printed as a negative decimal fraction (source uses Unicode minus U+2212); empirical p-value in square brackets
TBL3_All_lambda_M,Table 3,article_pdf:p.938:Table 3,all_seven_families_joint,capm,lambda_market,0.65,2,shanken_t_statistic,3.12,published_rounding,article row label All; risk price in %; t-ratio marked ***; */**/*** = 10%/5%/1% significance of the Shanken t-ratio
TBL3_All_lambda_M_empp,Table 3,article_pdf:p.938:Table 3,all_seven_families_joint,capm,lambda_market,0.65,2,empirical_bootstrap_p_value,0.001,published_rounding,article row label All; bootstrap empirical p-value for lambda_market printed in square brackets; no significance stars are printed on empirical p-values
TBL3_All_chi2,Table 3,article_pdf:p.938:Table 3,all_seven_families_joint,capm,chi_square,105.58,2,asymptotic_p_value,0.003,published_rounding,article row label All; chi-square test of joint significance of pricing errors; asymptotic p-value printed in parentheses
TBL3_All_chi2_empp,Table 3,article_pdf:p.938:Table 3,all_seven_families_joint,capm,chi_square,105.58,2,empirical_bootstrap_p_value,0.092,published_rounding,article row label All; same chi-square statistic as TBL3_All_chi2; bootstrap empirical p-value printed in square brackets
TBL3_All_R2OLS,Table 3,article_pdf:p.938:Table 3,all_seven_families_joint,capm,r2_ols,-0.59,2,empirical_bootstrap_p_value,0.218,published_rounding,article row label All; cross-sectional OLS R2 printed as a negative decimal fraction (source uses Unicode minus U+2212); empirical p-value in square brackets
TBL4_BM_lambda_M,Table 4,article_pdf:p.939:Table 4,book_to_market,market_plus_fedfunds_innovation,lambda_market,0.61,2,shanken_t_statistic,2.89,published_rounding,article row label BM; risk price in %; t-ratio marked ***; */**/*** = 10%/5%/1% significance of the Shanken t-ratio
TBL4_BM_lambda_M_empp,Table 4,article_pdf:p.939:Table 4,book_to_market,market_plus_fedfunds_innovation,lambda_market,0.61,2,empirical_bootstrap_p_value,0.000,published_rounding,article row label BM; bootstrap empirical p-value for lambda_market printed in square brackets
TBL4_BM_lambda_FFR,Table 4,article_pdf:p.939:Table 4,book_to_market,market_plus_fedfunds_innovation,lambda_rate,-0.67,2,shanken_t_statistic,-2.25,published_rounding,article row label BM; risk price in %; interest rate factor is the innovation in the federal funds rate; t-ratio marked **; */**/*** = 10%/5%/1% significance of the Shanken t-ratio
TBL4_BM_lambda_FFR_empp,Table 4,article_pdf:p.939:Table 4,book_to_market,market_plus_fedfunds_innovation,lambda_rate,-0.67,2,empirical_bootstrap_p_value,0.006,published_rounding,article row label BM; bootstrap empirical p-value for lambda_rate printed in square brackets; interest rate factor is the innovation in the federal funds rate
TBL4_BM_chi2,Table 4,article_pdf:p.939:Table 4,book_to_market,market_plus_fedfunds_innovation,chi_square,5.25,2,asymptotic_p_value,0.731,published_rounding,article row label BM; chi-square test of joint significance of pricing errors; asymptotic p-value printed in parentheses
TBL4_BM_chi2_empp,Table 4,article_pdf:p.939:Table 4,book_to_market,market_plus_fedfunds_innovation,chi_square,5.25,2,empirical_bootstrap_p_value,0.190,published_rounding,article row label BM; same chi-square statistic as TBL4_BM_chi2; bootstrap empirical p-value printed in square brackets
TBL4_BM_R2OLS,Table 4,article_pdf:p.939:Table 4,book_to_market,market_plus_fedfunds_innovation,r2_ols,0.62,2,empirical_bootstrap_p_value,0.043,published_rounding,article row label BM; cross-sectional OLS R2 as a decimal fraction; empirical p-value in square brackets
TBL4_DUR_lambda_M,Table 4,article_pdf:p.939:Table 4,equity_duration,market_plus_fedfunds_innovation,lambda_market,0.61,2,shanken_t_statistic,2.89,published_rounding,article row label DUR; risk price in %; t-ratio marked ***; */**/*** = 10%/5%/1% significance of the Shanken t-ratio
TBL4_DUR_lambda_M_empp,Table 4,article_pdf:p.939:Table 4,equity_duration,market_plus_fedfunds_innovation,lambda_market,0.61,2,empirical_bootstrap_p_value,0.000,published_rounding,article row label DUR; bootstrap empirical p-value for lambda_market printed in square brackets
TBL4_DUR_lambda_FFR,Table 4,article_pdf:p.939:Table 4,equity_duration,market_plus_fedfunds_innovation,lambda_rate,-0.78,2,shanken_t_statistic,-2.49,published_rounding,article row label DUR; risk price in %; interest rate factor is the innovation in the federal funds rate; t-ratio marked **; */**/*** = 10%/5%/1% significance of the Shanken t-ratio
TBL4_DUR_lambda_FFR_empp,Table 4,article_pdf:p.939:Table 4,equity_duration,market_plus_fedfunds_innovation,lambda_rate,-0.78,2,empirical_bootstrap_p_value,0.003,published_rounding,article row label DUR; bootstrap empirical p-value for lambda_rate printed in square brackets; interest rate factor is the innovation in the federal funds rate
TBL4_DUR_chi2,Table 4,article_pdf:p.939:Table 4,equity_duration,market_plus_fedfunds_innovation,chi_square,4.48,2,asymptotic_p_value,0.811,published_rounding,article row label DUR; chi-square test of joint significance of pricing errors; asymptotic p-value printed in parentheses
TBL4_DUR_chi2_empp,Table 4,article_pdf:p.939:Table 4,equity_duration,market_plus_fedfunds_innovation,chi_square,4.48,2,empirical_bootstrap_p_value,0.343,published_rounding,article row label DUR; same chi-square statistic as TBL4_DUR_chi2; bootstrap empirical p-value printed in square brackets
TBL4_DUR_R2OLS,Table 4,article_pdf:p.939:Table 4,equity_duration,market_plus_fedfunds_innovation,r2_ols,0.70,2,empirical_bootstrap_p_value,0.013,published_rounding,article row label DUR; cross-sectional OLS R2 as a decimal fraction; empirical p-value in square brackets
TBL4_EP_lambda_M,Table 4,article_pdf:p.939:Table 4,earnings_to_price,market_plus_fedfunds_innovation,lambda_market,0.59,2,shanken_t_statistic,2.73,published_rounding,article row label EP; risk price in %; t-ratio marked ***; */**/*** = 10%/5%/1% significance of the Shanken t-ratio
TBL4_EP_lambda_M_empp,Table 4,article_pdf:p.939:Table 4,earnings_to_price,market_plus_fedfunds_innovation,lambda_market,0.59,2,empirical_bootstrap_p_value,0.000,published_rounding,article row label EP; bootstrap empirical p-value for lambda_market printed in square brackets
TBL4_EP_lambda_FFR,Table 4,article_pdf:p.939:Table 4,earnings_to_price,market_plus_fedfunds_innovation,lambda_rate,-0.80,2,shanken_t_statistic,-2.19,published_rounding,article row label EP; risk price in %; interest rate factor is the innovation in the federal funds rate; t-ratio marked **; */**/*** = 10%/5%/1% significance of the Shanken t-ratio
TBL4_EP_lambda_FFR_empp,Table 4,article_pdf:p.939:Table 4,earnings_to_price,market_plus_fedfunds_innovation,lambda_rate,-0.80,2,empirical_bootstrap_p_value,0.011,published_rounding,article row label EP; bootstrap empirical p-value for lambda_rate printed in square brackets; interest rate factor is the innovation in the federal funds rate
TBL4_EP_chi2,Table 4,article_pdf:p.939:Table 4,earnings_to_price,market_plus_fedfunds_innovation,chi_square,4.87,2,asymptotic_p_value,0.771,published_rounding,article row label EP; chi-square test of joint significance of pricing errors; asymptotic p-value printed in parentheses
TBL4_EP_chi2_empp,Table 4,article_pdf:p.939:Table 4,earnings_to_price,market_plus_fedfunds_innovation,chi_square,4.87,2,empirical_bootstrap_p_value,0.324,published_rounding,article row label EP; same chi-square statistic as TBL4_EP_chi2; bootstrap empirical p-value printed in square brackets
TBL4_EP_R2OLS,Table 4,article_pdf:p.939:Table 4,earnings_to_price,market_plus_fedfunds_innovation,r2_ols,0.78,2,empirical_bootstrap_p_value,0.004,published_rounding,article row label EP; cross-sectional OLS R2 as a decimal fraction; empirical p-value in square brackets
TBL4_REV_lambda_M,Table 4,article_pdf:p.939:Table 4,long_term_reversal,market_plus_fedfunds_innovation,lambda_market,0.64,2,shanken_t_statistic,3.01,published_rounding,article row label REV; risk price in %; t-ratio marked ***; */**/*** = 10%/5%/1% significance of the Shanken t-ratio
TBL4_REV_lambda_M_empp,Table 4,article_pdf:p.939:Table 4,long_term_reversal,market_plus_fedfunds_innovation,lambda_market,0.64,2,empirical_bootstrap_p_value,0.000,published_rounding,article row label REV; bootstrap empirical p-value for lambda_market printed in square brackets
TBL4_REV_lambda_FFR,Table 4,article_pdf:p.939:Table 4,long_term_reversal,market_plus_fedfunds_innovation,lambda_rate,-0.58,2,shanken_t_statistic,-1.94,published_rounding,article row label REV; risk price in %; interest rate factor is the innovation in the federal funds rate; t-ratio marked *; */**/*** = 10%/5%/1% significance of the Shanken t-ratio
TBL4_REV_lambda_FFR_empp,Table 4,article_pdf:p.939:Table 4,long_term_reversal,market_plus_fedfunds_innovation,lambda_rate,-0.58,2,empirical_bootstrap_p_value,0.019,published_rounding,article row label REV; bootstrap empirical p-value for lambda_rate printed in square brackets; interest rate factor is the innovation in the federal funds rate
TBL4_REV_chi2,Table 4,article_pdf:p.939:Table 4,long_term_reversal,market_plus_fedfunds_innovation,chi_square,5.29,2,asymptotic_p_value,0.726,published_rounding,article row label REV; chi-square test of joint significance of pricing errors; asymptotic p-value printed in parentheses
TBL4_REV_chi2_empp,Table 4,article_pdf:p.939:Table 4,long_term_reversal,market_plus_fedfunds_innovation,chi_square,5.29,2,empirical_bootstrap_p_value,0.208,published_rounding,article row label REV; same chi-square statistic as TBL4_REV_chi2; bootstrap empirical p-value printed in square brackets
TBL4_REV_R2OLS,Table 4,article_pdf:p.939:Table 4,long_term_reversal,market_plus_fedfunds_innovation,r2_ols,0.52,2,empirical_bootstrap_p_value,0.043,published_rounding,article row label REV; cross-sectional OLS R2 as a decimal fraction; empirical p-value in square brackets
TBL4_IA_lambda_M,Table 4,article_pdf:p.939:Table 4,investment_to_assets,market_plus_fedfunds_innovation,lambda_market,0.57,2,shanken_t_statistic,2.69,published_rounding,article row label IA; risk price in %; t-ratio marked ***; */**/*** = 10%/5%/1% significance of the Shanken t-ratio
TBL4_IA_lambda_M_empp,Table 4,article_pdf:p.939:Table 4,investment_to_assets,market_plus_fedfunds_innovation,lambda_market,0.57,2,empirical_bootstrap_p_value,0.001,published_rounding,article row label IA; bootstrap empirical p-value for lambda_market printed in square brackets
TBL4_IA_lambda_FFR,Table 4,article_pdf:p.939:Table 4,investment_to_assets,market_plus_fedfunds_innovation,lambda_rate,-0.82,2,shanken_t_statistic,-2.18,published_rounding,article row label IA; risk price in %; interest rate factor is the innovation in the federal funds rate; t-ratio marked **; */**/*** = 10%/5%/1% significance of the Shanken t-ratio
TBL4_IA_lambda_FFR_empp,Table 4,article_pdf:p.939:Table 4,investment_to_assets,market_plus_fedfunds_innovation,lambda_rate,-0.82,2,empirical_bootstrap_p_value,0.009,published_rounding,article row label IA; bootstrap empirical p-value for lambda_rate printed in square brackets; interest rate factor is the innovation in the federal funds rate
TBL4_IA_chi2,Table 4,article_pdf:p.939:Table 4,investment_to_assets,market_plus_fedfunds_innovation,chi_square,3.28,2,asymptotic_p_value,0.916,published_rounding,article row label IA; chi-square test of joint significance of pricing errors; asymptotic p-value printed in parentheses
TBL4_IA_chi2_empp,Table 4,article_pdf:p.939:Table 4,investment_to_assets,market_plus_fedfunds_innovation,chi_square,3.28,2,empirical_bootstrap_p_value,0.587,published_rounding,article row label IA; same chi-square statistic as TBL4_IA_chi2; bootstrap empirical p-value printed in square brackets
TBL4_IA_R2OLS,Table 4,article_pdf:p.939:Table 4,investment_to_assets,market_plus_fedfunds_innovation,r2_ols,0.65,2,empirical_bootstrap_p_value,0.005,published_rounding,article row label IA; cross-sectional OLS R2 as a decimal fraction; empirical p-value in square brackets
TBL4_PIA_lambda_M,Table 4,article_pdf:p.939:Table 4,ppe_investment,market_plus_fedfunds_innovation,lambda_market,0.56,2,shanken_t_statistic,2.68,published_rounding,article row label PIA; risk price in %; t-ratio marked ***; */**/*** = 10%/5%/1% significance of the Shanken t-ratio
TBL4_PIA_lambda_M_empp,Table 4,article_pdf:p.939:Table 4,ppe_investment,market_plus_fedfunds_innovation,lambda_market,0.56,2,empirical_bootstrap_p_value,0.001,published_rounding,article row label PIA; bootstrap empirical p-value for lambda_market printed in square brackets
TBL4_PIA_lambda_FFR,Table 4,article_pdf:p.939:Table 4,ppe_investment,market_plus_fedfunds_innovation,lambda_rate,-0.80,2,shanken_t_statistic,-2.47,published_rounding,article row label PIA; risk price in %; interest rate factor is the innovation in the federal funds rate; t-ratio marked **; */**/*** = 10%/5%/1% significance of the Shanken t-ratio
TBL4_PIA_lambda_FFR_empp,Table 4,article_pdf:p.939:Table 4,ppe_investment,market_plus_fedfunds_innovation,lambda_rate,-0.80,2,empirical_bootstrap_p_value,0.003,published_rounding,article row label PIA; bootstrap empirical p-value for lambda_rate printed in square brackets; interest rate factor is the innovation in the federal funds rate
TBL4_PIA_chi2,Table 4,article_pdf:p.939:Table 4,ppe_investment,market_plus_fedfunds_innovation,chi_square,4.46,2,asymptotic_p_value,0.814,published_rounding,article row label PIA; chi-square test of joint significance of pricing errors; asymptotic p-value printed in parentheses
TBL4_PIA_chi2_empp,Table 4,article_pdf:p.939:Table 4,ppe_investment,market_plus_fedfunds_innovation,chi_square,4.46,2,empirical_bootstrap_p_value,0.545,published_rounding,article row label PIA; same chi-square statistic as TBL4_PIA_chi2; bootstrap empirical p-value printed in square brackets
TBL4_PIA_R2OLS,Table 4,article_pdf:p.939:Table 4,ppe_investment,market_plus_fedfunds_innovation,r2_ols,0.59,2,empirical_bootstrap_p_value,0.010,published_rounding,article row label PIA; cross-sectional OLS R2 as a decimal fraction; empirical p-value in square brackets
TBL4_IVG_lambda_M,Table 4,article_pdf:p.939:Table 4,inventory_growth,market_plus_fedfunds_innovation,lambda_market,0.61,2,shanken_t_statistic,2.91,published_rounding,article row label IVG; risk price in %; t-ratio marked ***; */**/*** = 10%/5%/1% significance of the Shanken t-ratio
TBL4_IVG_lambda_M_empp,Table 4,article_pdf:p.939:Table 4,inventory_growth,market_plus_fedfunds_innovation,lambda_market,0.61,2,empirical_bootstrap_p_value,0.000,published_rounding,article row label IVG; bootstrap empirical p-value for lambda_market printed in square brackets
TBL4_IVG_lambda_FFR,Table 4,article_pdf:p.939:Table 4,inventory_growth,market_plus_fedfunds_innovation,lambda_rate,-0.44,2,shanken_t_statistic,-2.01,published_rounding,article row label IVG; risk price in %; interest rate factor is the innovation in the federal funds rate; t-ratio marked **; */**/*** = 10%/5%/1% significance of the Shanken t-ratio
TBL4_IVG_lambda_FFR_empp,Table 4,article_pdf:p.939:Table 4,inventory_growth,market_plus_fedfunds_innovation,lambda_rate,-0.44,2,empirical_bootstrap_p_value,0.017,published_rounding,article row label IVG; bootstrap empirical p-value for lambda_rate printed in square brackets; interest rate factor is the innovation in the federal funds rate
TBL4_IVG_chi2,Table 4,article_pdf:p.939:Table 4,inventory_growth,market_plus_fedfunds_innovation,chi_square,7.37,2,asymptotic_p_value,0.498,published_rounding,article row label IVG; chi-square test of joint significance of pricing errors; asymptotic p-value printed in parentheses
TBL4_IVG_chi2_empp,Table 4,article_pdf:p.939:Table 4,inventory_growth,market_plus_fedfunds_innovation,chi_square,7.37,2,empirical_bootstrap_p_value,0.216,published_rounding,article row label IVG; same chi-square statistic as TBL4_IVG_chi2; bootstrap empirical p-value printed in square brackets
TBL4_IVG_R2OLS,Table 4,article_pdf:p.939:Table 4,inventory_growth,market_plus_fedfunds_innovation,r2_ols,0.20,2,empirical_bootstrap_p_value,0.065,published_rounding,article row label IVG; cross-sectional OLS R2 as a decimal fraction; empirical p-value in square brackets
TBL4_All_lambda_M,Table 4,article_pdf:p.939:Table 4,all_seven_families_joint,market_plus_fedfunds_innovation,lambda_market,0.60,2,shanken_t_statistic,2.86,published_rounding,article row label All; risk price in %; t-ratio marked ***; */**/*** = 10%/5%/1% significance of the Shanken t-ratio
TBL4_All_lambda_M_empp,Table 4,article_pdf:p.939:Table 4,all_seven_families_joint,market_plus_fedfunds_innovation,lambda_market,0.60,2,empirical_bootstrap_p_value,0.003,published_rounding,article row label All; bootstrap empirical p-value for lambda_market printed in square brackets
TBL4_All_lambda_FFR,Table 4,article_pdf:p.939:Table 4,all_seven_families_joint,market_plus_fedfunds_innovation,lambda_rate,-0.71,2,shanken_t_statistic,-2.85,published_rounding,article row label All; risk price in %; interest rate factor is the innovation in the federal funds rate; t-ratio marked ***; */**/*** = 10%/5%/1% significance of the Shanken t-ratio
TBL4_All_lambda_FFR_empp,Table 4,article_pdf:p.939:Table 4,all_seven_families_joint,market_plus_fedfunds_innovation,lambda_rate,-0.71,2,empirical_bootstrap_p_value,0.002,published_rounding,article row label All; bootstrap empirical p-value for lambda_rate printed in square brackets; interest rate factor is the innovation in the federal funds rate
TBL4_All_chi2,Table 4,article_pdf:p.939:Table 4,all_seven_families_joint,market_plus_fedfunds_innovation,chi_square,36.09,2,asymptotic_p_value,0.999,published_rounding,article row label All; chi-square test of joint significance of pricing errors; asymptotic p-value printed in parentheses
TBL4_All_chi2_empp,Table 4,article_pdf:p.939:Table 4,all_seven_families_joint,market_plus_fedfunds_innovation,chi_square,36.09,2,empirical_bootstrap_p_value,0.422,published_rounding,article row label All; same chi-square statistic as TBL4_All_chi2; bootstrap empirical p-value printed in square brackets
TBL4_All_R2OLS,Table 4,article_pdf:p.939:Table 4,all_seven_families_joint,market_plus_fedfunds_innovation,r2_ols,0.58,2,empirical_bootstrap_p_value,0.000,published_rounding,article row label All; cross-sectional OLS R2 as a decimal fraction; empirical p-value in square brackets
TBLA1_BM_lambda_M,Table A.1,supplement_zip:appendix_pdf:Table A.1,book_to_market,market_plus_tbill_innovation,lambda_market,0.62,2,shanken_t_statistic,2.94,published_rounding,"article row label BM; risk price in %; Table A.1 marks significance with italic/underlined/bold t-ratios (10%/5%/1%); that formatting is not recoverable from the plain-text extraction, so no significance marker is recorded"
TBLA1_BM_lambda_M_empp,Table A.1,supplement_zip:appendix_pdf:Table A.1,book_to_market,market_plus_tbill_innovation,lambda_market,0.62,2,empirical_bootstrap_p_value,0.000,published_rounding,article row label BM; bootstrap empirical p-value for lambda_market printed in square brackets
TBLA1_BM_lambda_z,Table A.1,supplement_zip:appendix_pdf:Table A.1,book_to_market,market_plus_tbill_innovation,lambda_rate,-0.53,2,shanken_t_statistic,-2.33,published_rounding,"article row label BM; risk price in %; interest rate factor is the innovation in the T-bill rate (column labeled lambda_z); Table A.1 marks significance with italic/underlined/bold t-ratios (10%/5%/1%); that formatting is not recoverable from the plain-text extraction, so no significance marker is recorded"
TBLA1_BM_lambda_z_empp,Table A.1,supplement_zip:appendix_pdf:Table A.1,book_to_market,market_plus_tbill_innovation,lambda_rate,-0.53,2,empirical_bootstrap_p_value,0.004,published_rounding,article row label BM; bootstrap empirical p-value for lambda_rate printed in square brackets; interest rate factor is the innovation in the T-bill rate (column labeled lambda_z)
TBLA1_BM_chi2,Table A.1,supplement_zip:appendix_pdf:Table A.1,book_to_market,market_plus_tbill_innovation,chi_square,4.84,2,asymptotic_p_value,0.775,published_rounding,article row label BM; chi-square test of joint significance of pricing errors; asymptotic p-value printed in parentheses
TBLA1_BM_chi2_empp,Table A.1,supplement_zip:appendix_pdf:Table A.1,book_to_market,market_plus_tbill_innovation,chi_square,4.84,2,empirical_bootstrap_p_value,0.236,published_rounding,article row label BM; same chi-square statistic as TBLA1_BM_chi2; bootstrap empirical p-value printed in square brackets
TBLA1_BM_R2OLS,Table A.1,supplement_zip:appendix_pdf:Table A.1,book_to_market,market_plus_tbill_innovation,r2_ols,0.69,2,empirical_bootstrap_p_value,0.027,published_rounding,article row label BM; cross-sectional OLS R2 as a decimal fraction; empirical p-value in square brackets
TBLA1_DUR_lambda_M,Table A.1,supplement_zip:appendix_pdf:Table A.1,equity_duration,market_plus_tbill_innovation,lambda_market,0.63,2,shanken_t_statistic,2.99,published_rounding,"article row label DUR; risk price in %; Table A.1 marks significance with italic/underlined/bold t-ratios (10%/5%/1%); that formatting is not recoverable from the plain-text extraction, so no significance marker is recorded"
TBLA1_DUR_lambda_M_empp,Table A.1,supplement_zip:appendix_pdf:Table A.1,equity_duration,market_plus_tbill_innovation,lambda_market,0.63,2,empirical_bootstrap_p_value,0.000,published_rounding,article row label DUR; bootstrap empirical p-value for lambda_market printed in square brackets
TBLA1_DUR_lambda_z,Table A.1,supplement_zip:appendix_pdf:Table A.1,equity_duration,market_plus_tbill_innovation,lambda_rate,-0.57,2,shanken_t_statistic,-2.84,published_rounding,"article row label DUR; risk price in %; interest rate factor is the innovation in the T-bill rate (column labeled lambda_z); Table A.1 marks significance with italic/underlined/bold t-ratios (10%/5%/1%); that formatting is not recoverable from the plain-text extraction, so no significance marker is recorded"
TBLA1_DUR_lambda_z_empp,Table A.1,supplement_zip:appendix_pdf:Table A.1,equity_duration,market_plus_tbill_innovation,lambda_rate,-0.57,2,empirical_bootstrap_p_value,0.001,published_rounding,article row label DUR; bootstrap empirical p-value for lambda_rate printed in square brackets; interest rate factor is the innovation in the T-bill rate (column labeled lambda_z)
TBLA1_DUR_chi2,Table A.1,supplement_zip:appendix_pdf:Table A.1,equity_duration,market_plus_tbill_innovation,chi_square,3.97,2,asymptotic_p_value,0.860,published_rounding,article row label DUR; chi-square test of joint significance of pricing errors; asymptotic p-value printed in parentheses
TBLA1_DUR_chi2_empp,Table A.1,supplement_zip:appendix_pdf:Table A.1,equity_duration,market_plus_tbill_innovation,chi_square,3.97,2,empirical_bootstrap_p_value,0.399,published_rounding,article row label DUR; same chi-square statistic as TBLA1_DUR_chi2; bootstrap empirical p-value printed in square brackets
TBLA1_DUR_R2OLS,Table A.1,supplement_zip:appendix_pdf:Table A.1,equity_duration,market_plus_tbill_innovation,r2_ols,0.74,2,empirical_bootstrap_p_value,0.008,published_rounding,article row label DUR; cross-sectional OLS R2 as a decimal fraction; empirical p-value in square brackets
TBLA1_EP_lambda_M,Table A.1,supplement_zip:appendix_pdf:Table A.1,earnings_to_price,market_plus_tbill_innovation,lambda_market,0.63,2,shanken_t_statistic,2.98,published_rounding,"article row label EP; risk price in %; Table A.1 marks significance with italic/underlined/bold t-ratios (10%/5%/1%); that formatting is not recoverable from the plain-text extraction, so no significance marker is recorded"
TBLA1_EP_lambda_M_empp,Table A.1,supplement_zip:appendix_pdf:Table A.1,earnings_to_price,market_plus_tbill_innovation,lambda_market,0.63,2,empirical_bootstrap_p_value,0.000,published_rounding,article row label EP; bootstrap empirical p-value for lambda_market printed in square brackets
TBLA1_EP_lambda_z,Table A.1,supplement_zip:appendix_pdf:Table A.1,earnings_to_price,market_plus_tbill_innovation,lambda_rate,-0.43,2,shanken_t_statistic,-2.66,published_rounding,"article row label EP; risk price in %; interest rate factor is the innovation in the T-bill rate (column labeled lambda_z); Table A.1 marks significance with italic/underlined/bold t-ratios (10%/5%/1%); that formatting is not recoverable from the plain-text extraction, so no significance marker is recorded"
TBLA1_EP_lambda_z_empp,Table A.1,supplement_zip:appendix_pdf:Table A.1,earnings_to_price,market_plus_tbill_innovation,lambda_rate,-0.43,2,empirical_bootstrap_p_value,0.001,published_rounding,article row label EP; bootstrap empirical p-value for lambda_rate printed in square brackets; interest rate factor is the innovation in the T-bill rate (column labeled lambda_z)
TBLA1_EP_chi2,Table A.1,supplement_zip:appendix_pdf:Table A.1,earnings_to_price,market_plus_tbill_innovation,chi_square,9.72,2,asymptotic_p_value,0.285,published_rounding,article row label EP; chi-square test of joint significance of pricing errors; asymptotic p-value printed in parentheses
TBLA1_EP_chi2_empp,Table A.1,supplement_zip:appendix_pdf:Table A.1,earnings_to_price,market_plus_tbill_innovation,chi_square,9.72,2,empirical_bootstrap_p_value,0.082,published_rounding,article row label EP; same chi-square statistic as TBLA1_EP_chi2; bootstrap empirical p-value printed in square brackets
TBLA1_EP_R2OLS,Table A.1,supplement_zip:appendix_pdf:Table A.1,earnings_to_price,market_plus_tbill_innovation,r2_ols,0.40,2,empirical_bootstrap_p_value,0.087,published_rounding,article row label EP; cross-sectional OLS R2 as a decimal fraction; empirical p-value in square brackets
TBLA1_REV_lambda_M,Table A.1,supplement_zip:appendix_pdf:Table A.1,long_term_reversal,market_plus_tbill_innovation,lambda_market,0.68,2,shanken_t_statistic,3.22,published_rounding,"article row label REV; risk price in %; Table A.1 marks significance with italic/underlined/bold t-ratios (10%/5%/1%); that formatting is not recoverable from the plain-text extraction, so no significance marker is recorded"
TBLA1_REV_lambda_M_empp,Table A.1,supplement_zip:appendix_pdf:Table A.1,long_term_reversal,market_plus_tbill_innovation,lambda_market,0.68,2,empirical_bootstrap_p_value,0.000,published_rounding,article row label REV; bootstrap empirical p-value for lambda_market printed in square brackets
TBLA1_REV_lambda_z,Table A.1,supplement_zip:appendix_pdf:Table A.1,long_term_reversal,market_plus_tbill_innovation,lambda_rate,-0.37,2,shanken_t_statistic,-2.18,published_rounding,"article row label REV; risk price in %; interest rate factor is the innovation in the T-bill rate (column labeled lambda_z); Table A.1 marks significance with italic/underlined/bold t-ratios (10%/5%/1%); that formatting is not recoverable from the plain-text extraction, so no significance marker is recorded"
TBLA1_REV_lambda_z_empp,Table A.1,supplement_zip:appendix_pdf:Table A.1,long_term_reversal,market_plus_tbill_innovation,lambda_rate,-0.37,2,empirical_bootstrap_p_value,0.006,published_rounding,article row label REV; bootstrap empirical p-value for lambda_rate printed in square brackets; interest rate factor is the innovation in the T-bill rate (column labeled lambda_z)
TBLA1_REV_chi2,Table A.1,supplement_zip:appendix_pdf:Table A.1,long_term_reversal,market_plus_tbill_innovation,chi_square,6.37,2,asymptotic_p_value,0.606,published_rounding,article row label REV; chi-square test of joint significance of pricing errors; asymptotic p-value printed in parentheses
TBLA1_REV_chi2_empp,Table A.1,supplement_zip:appendix_pdf:Table A.1,long_term_reversal,market_plus_tbill_innovation,chi_square,6.37,2,empirical_bootstrap_p_value,0.138,published_rounding,article row label REV; same chi-square statistic as TBLA1_REV_chi2; bootstrap empirical p-value printed in square brackets
TBLA1_REV_R2OLS,Table A.1,supplement_zip:appendix_pdf:Table A.1,long_term_reversal,market_plus_tbill_innovation,r2_ols,0.52,2,empirical_bootstrap_p_value,0.051,published_rounding,article row label REV; cross-sectional OLS R2 as a decimal fraction; empirical p-value in square brackets
TBLA1_IA_lambda_M,Table A.1,supplement_zip:appendix_pdf:Table A.1,investment_to_assets,market_plus_tbill_innovation,lambda_market,0.59,2,shanken_t_statistic,2.82,published_rounding,"article row label IA; risk price in %; Table A.1 marks significance with italic/underlined/bold t-ratios (10%/5%/1%); that formatting is not recoverable from the plain-text extraction, so no significance marker is recorded"
TBLA1_IA_lambda_M_empp,Table A.1,supplement_zip:appendix_pdf:Table A.1,investment_to_assets,market_plus_tbill_innovation,lambda_market,0.59,2,empirical_bootstrap_p_value,0.001,published_rounding,article row label IA; bootstrap empirical p-value for lambda_market printed in square brackets
TBLA1_IA_lambda_z,Table A.1,supplement_zip:appendix_pdf:Table A.1,investment_to_assets,market_plus_tbill_innovation,lambda_rate,-0.59,2,shanken_t_statistic,-2.41,published_rounding,"article row label IA; risk price in %; interest rate factor is the innovation in the T-bill rate (column labeled lambda_z); Table A.1 marks significance with italic/underlined/bold t-ratios (10%/5%/1%); that formatting is not recoverable from the plain-text extraction, so no significance marker is recorded"
TBLA1_IA_lambda_z_empp,Table A.1,supplement_zip:appendix_pdf:Table A.1,investment_to_assets,market_plus_tbill_innovation,lambda_rate,-0.59,2,empirical_bootstrap_p_value,0.002,published_rounding,article row label IA; bootstrap empirical p-value for lambda_rate printed in square brackets; interest rate factor is the innovation in the T-bill rate (column labeled lambda_z)
TBLA1_IA_chi2,Table A.1,supplement_zip:appendix_pdf:Table A.1,investment_to_assets,market_plus_tbill_innovation,chi_square,4.46,2,asymptotic_p_value,0.813,published_rounding,article row label IA; chi-square test of joint significance of pricing errors; asymptotic p-value printed in parentheses
TBLA1_IA_chi2_empp,Table A.1,supplement_zip:appendix_pdf:Table A.1,investment_to_assets,market_plus_tbill_innovation,chi_square,4.46,2,empirical_bootstrap_p_value,0.444,published_rounding,article row label IA; same chi-square statistic as TBLA1_IA_chi2; bootstrap empirical p-value printed in square brackets
TBLA1_IA_R2OLS,Table A.1,supplement_zip:appendix_pdf:Table A.1,investment_to_assets,market_plus_tbill_innovation,r2_ols,0.56,2,empirical_bootstrap_p_value,0.014,published_rounding,article row label IA; cross-sectional OLS R2 as a decimal fraction; empirical p-value in square brackets
TBLA1_PIA_lambda_M,Table A.1,supplement_zip:appendix_pdf:Table A.1,ppe_investment,market_plus_tbill_innovation,lambda_market,0.57,2,shanken_t_statistic,2.72,published_rounding,"article row label PIA; risk price in %; Table A.1 marks significance with italic/underlined/bold t-ratios (10%/5%/1%); that formatting is not recoverable from the plain-text extraction, so no significance marker is recorded"
TBLA1_PIA_lambda_M_empp,Table A.1,supplement_zip:appendix_pdf:Table A.1,ppe_investment,market_plus_tbill_innovation,lambda_market,0.57,2,empirical_bootstrap_p_value,0.001,published_rounding,article row label PIA; bootstrap empirical p-value for lambda_market printed in square brackets
TBLA1_PIA_lambda_z,Table A.1,supplement_zip:appendix_pdf:Table A.1,ppe_investment,market_plus_tbill_innovation,lambda_rate,-0.73,2,shanken_t_statistic,-2.08,published_rounding,"article row label PIA; risk price in %; interest rate factor is the innovation in the T-bill rate (column labeled lambda_z); Table A.1 marks significance with italic/underlined/bold t-ratios (10%/5%/1%); that formatting is not recoverable from the plain-text extraction, so no significance marker is recorded"
TBLA1_PIA_lambda_z_empp,Table A.1,supplement_zip:appendix_pdf:Table A.1,ppe_investment,market_plus_tbill_innovation,lambda_rate,-0.73,2,empirical_bootstrap_p_value,0.016,published_rounding,article row label PIA; bootstrap empirical p-value for lambda_rate printed in square brackets; interest rate factor is the innovation in the T-bill rate (column labeled lambda_z)
TBLA1_PIA_chi2,Table A.1,supplement_zip:appendix_pdf:Table A.1,ppe_investment,market_plus_tbill_innovation,chi_square,6.09,2,asymptotic_p_value,0.637,published_rounding,article row label PIA; chi-square test of joint significance of pricing errors; asymptotic p-value printed in parentheses
TBLA1_PIA_chi2_empp,Table A.1,supplement_zip:appendix_pdf:Table A.1,ppe_investment,market_plus_tbill_innovation,chi_square,6.09,2,empirical_bootstrap_p_value,0.392,published_rounding,article row label PIA; same chi-square statistic as TBLA1_PIA_chi2; bootstrap empirical p-value printed in square brackets
TBLA1_PIA_R2OLS,Table A.1,supplement_zip:appendix_pdf:Table A.1,ppe_investment,market_plus_tbill_innovation,r2_ols,0.39,2,empirical_bootstrap_p_value,0.035,published_rounding,article row label PIA; cross-sectional OLS R2 as a decimal fraction; empirical p-value in square brackets
TBLA1_IVG_lambda_M,Table A.1,supplement_zip:appendix_pdf:Table A.1,inventory_growth,market_plus_tbill_innovation,lambda_market,0.61,2,shanken_t_statistic,2.92,published_rounding,"article row label IVG; risk price in %; Table A.1 marks significance with italic/underlined/bold t-ratios (10%/5%/1%); that formatting is not recoverable from the plain-text extraction, so no significance marker is recorded"
TBLA1_IVG_lambda_M_empp,Table A.1,supplement_zip:appendix_pdf:Table A.1,inventory_growth,market_plus_tbill_innovation,lambda_market,0.61,2,empirical_bootstrap_p_value,0.000,published_rounding,article row label IVG; bootstrap empirical p-value for lambda_market printed in square brackets
TBLA1_IVG_lambda_z,Table A.1,supplement_zip:appendix_pdf:Table A.1,inventory_growth,market_plus_tbill_innovation,lambda_rate,-0.35,2,shanken_t_statistic,-1.89,published_rounding,"article row label IVG; risk price in %; interest rate factor is the innovation in the T-bill rate (column labeled lambda_z); Table A.1 marks significance with italic/underlined/bold t-ratios (10%/5%/1%); that formatting is not recoverable from the plain-text extraction, so no significance marker is recorded"
TBLA1_IVG_lambda_z_empp,Table A.1,supplement_zip:appendix_pdf:Table A.1,inventory_growth,market_plus_tbill_innovation,lambda_rate,-0.35,2,empirical_bootstrap_p_value,0.024,published_rounding,article row label IVG; bootstrap empirical p-value for lambda_rate printed in square brackets; interest rate factor is the innovation in the T-bill rate (column labeled lambda_z)
TBLA1_IVG_chi2,Table A.1,supplement_zip:appendix_pdf:Table A.1,inventory_growth,market_plus_tbill_innovation,chi_square,7.62,2,asymptotic_p_value,0.472,published_rounding,article row label IVG; chi-square test of joint significance of pricing errors; asymptotic p-value printed in parentheses
TBLA1_IVG_chi2_empp,Table A.1,supplement_zip:appendix_pdf:Table A.1,inventory_growth,market_plus_tbill_innovation,chi_square,7.62,2,empirical_bootstrap_p_value,0.205,published_rounding,article row label IVG; same chi-square statistic as TBLA1_IVG_chi2; bootstrap empirical p-value printed in square brackets
TBLA1_IVG_R2OLS,Table A.1,supplement_zip:appendix_pdf:Table A.1,inventory_growth,market_plus_tbill_innovation,r2_ols,0.13,2,empirical_bootstrap_p_value,0.086,published_rounding,article row label IVG; cross-sectional OLS R2 as a decimal fraction; empirical p-value in square brackets
TBLA1_All_lambda_M,Table A.1,supplement_zip:appendix_pdf:Table A.1,all_seven_families_joint,market_plus_tbill_innovation,lambda_market,0.62,2,shanken_t_statistic,2.96,published_rounding,"article row label All; risk price in %; Table A.1 marks significance with italic/underlined/bold t-ratios (10%/5%/1%); that formatting is not recoverable from the plain-text extraction, so no significance marker is recorded"
TBLA1_All_lambda_M_empp,Table A.1,supplement_zip:appendix_pdf:Table A.1,all_seven_families_joint,market_plus_tbill_innovation,lambda_market,0.62,2,empirical_bootstrap_p_value,0.001,published_rounding,article row label All; bootstrap empirical p-value for lambda_market printed in square brackets
TBLA1_All_lambda_z,Table A.1,supplement_zip:appendix_pdf:Table A.1,all_seven_families_joint,market_plus_tbill_innovation,lambda_rate,-0.49,2,shanken_t_statistic,-3.00,published_rounding,"article row label All; risk price in %; interest rate factor is the innovation in the T-bill rate (column labeled lambda_z); Table A.1 marks significance with italic/underlined/bold t-ratios (10%/5%/1%); that formatting is not recoverable from the plain-text extraction, so no significance marker is recorded"
TBLA1_All_lambda_z_empp,Table A.1,supplement_zip:appendix_pdf:Table A.1,all_seven_families_joint,market_plus_tbill_innovation,lambda_rate,-0.49,2,empirical_bootstrap_p_value,0.001,published_rounding,article row label All; bootstrap empirical p-value for lambda_rate printed in square brackets; interest rate factor is the innovation in the T-bill rate (column labeled lambda_z)
TBLA1_All_chi2,Table A.1,supplement_zip:appendix_pdf:Table A.1,all_seven_families_joint,market_plus_tbill_innovation,chi_square,47.92,2,asymptotic_p_value,0.969,published_rounding,article row label All; chi-square test of joint significance of pricing errors; asymptotic p-value printed in parentheses
TBLA1_All_chi2_empp,Table A.1,supplement_zip:appendix_pdf:Table A.1,all_seven_families_joint,market_plus_tbill_innovation,chi_square,47.92,2,empirical_bootstrap_p_value,0.277,published_rounding,article row label All; same chi-square statistic as TBLA1_All_chi2; bootstrap empirical p-value printed in square brackets
TBLA1_All_R2OLS,Table A.1,supplement_zip:appendix_pdf:Table A.1,all_seven_families_joint,market_plus_tbill_innovation,r2_ols,0.48,2,empirical_bootstrap_p_value,0.004,published_rounding,article row label All; cross-sectional OLS R2 as a decimal fraction; empirical p-value in square brackets
TBL6_FF3_lambda_M,Table 6,article_pdf:p.949:Table 6,all_seven_families_joint,fama_french_3,lambda_market,0.60,2,shanken_t_statistic,2.91,published_rounding,article row stub printed as '1' in the extracted text; model identified as FF3 from the populated factor columns and confirmed by the discussion on article p.948; article label FF3; risk price in %; t-ratio marked ***; */**/*** = 10%/5%/1% significance of the Shanken t-ratio
TBL6_FF3_lambda_M_empp,Table 6,article_pdf:p.949:Table 6,all_seven_families_joint,fama_french_3,lambda_market,0.60,2,empirical_bootstrap_p_value,0.002,published_rounding,article row stub printed as '1' in the extracted text; model identified as FF3 from the populated factor columns and confirmed by the discussion on article p.948; article label FF3; bootstrap empirical p-value printed in square brackets
TBL6_FF3_lambda_SMB,Table 6,article_pdf:p.949:Table 6,all_seven_families_joint,fama_french_3,lambda_smb,-0.01,2,shanken_t_statistic,-0.02,published_rounding,article row stub printed as '1' in the extracted text; model identified as FF3 from the populated factor columns and confirmed by the discussion on article p.948; article label FF3; risk price in %; t-ratio carries no significance stars
TBL6_FF3_lambda_SMB_empp,Table 6,article_pdf:p.949:Table 6,all_seven_families_joint,fama_french_3,lambda_smb,-0.01,2,empirical_bootstrap_p_value,0.994,published_rounding,article row stub printed as '1' in the extracted text; model identified as FF3 from the populated factor columns and confirmed by the discussion on article p.948; article label FF3; bootstrap empirical p-value printed in square brackets
TBL6_FF3_lambda_HML,Table 6,article_pdf:p.949:Table 6,all_seven_families_joint,fama_french_3,lambda_hml,0.46,2,shanken_t_statistic,2.99,published_rounding,article row stub printed as '1' in the extracted text; model identified as FF3 from the populated factor columns and confirmed by the discussion on article p.948; article label FF3; risk price in %; t-ratio marked ***; */**/*** = 10%/5%/1% significance of the Shanken t-ratio
TBL6_FF3_lambda_HML_empp,Table 6,article_pdf:p.949:Table 6,all_seven_families_joint,fama_french_3,lambda_hml,0.46,2,empirical_bootstrap_p_value,0.001,published_rounding,article row stub printed as '1' in the extracted text; model identified as FF3 from the populated factor columns and confirmed by the discussion on article p.948; article label FF3; bootstrap empirical p-value printed in square brackets
TBL6_FF3_chi2,Table 6,article_pdf:p.949:Table 6,all_seven_families_joint,fama_french_3,chi_square,87.04,2,asymptotic_p_value,0.051,published_rounding,article row stub printed as '1' in the extracted text; model identified as FF3 from the populated factor columns and confirmed by the discussion on article p.948; chi-square test of joint significance of pricing errors; asymptotic p-value printed in parentheses
TBL6_FF3_chi2_empp,Table 6,article_pdf:p.949:Table 6,all_seven_families_joint,fama_french_3,chi_square,87.04,2,empirical_bootstrap_p_value,0.055,published_rounding,article row stub printed as '1' in the extracted text; model identified as FF3 from the populated factor columns and confirmed by the discussion on article p.948; same chi-square statistic as TBL6_FF3_chi2; bootstrap empirical p-value printed in square brackets
TBL6_FF3_R2OLS,Table 6,article_pdf:p.949:Table 6,all_seven_families_joint,fama_french_3,r2_ols,0.70,2,empirical_bootstrap_p_value,0.000,published_rounding,article row stub printed as '1' in the extracted text; model identified as FF3 from the populated factor columns and confirmed by the discussion on article p.948; cross-sectional OLS R2; empirical p-value in square brackets
TBL6_FF3_R2C,Table 6,article_pdf:p.949:Table 6,all_seven_families_joint,fama_french_3,r2_constrained,0.67,2,none,,published_rounding,article row stub printed as '1' in the extracted text; model identified as FF3 from the populated factor columns and confirmed by the discussion on article p.948; constrained cross-sectional R2 (column RC2); no p-value or t-statistic is printed for this column; statistic name r2_constrained is outside the base schema enumeration because Table 6 reports this extra column
TBL6_C4_lambda_M,Table 6,article_pdf:p.949:Table 6,all_seven_families_joint,carhart_4,lambda_market,0.60,2,shanken_t_statistic,2.89,published_rounding,article row stub printed as '2' in the extracted text; model identified as C4 from the populated factor columns and confirmed by the discussion on article p.948; article label C4; risk price in %; t-ratio marked ***; */**/*** = 10%/5%/1% significance of the Shanken t-ratio
TBL6_C4_lambda_M_empp,Table 6,article_pdf:p.949:Table 6,all_seven_families_joint,carhart_4,lambda_market,0.60,2,empirical_bootstrap_p_value,0.002,published_rounding,article row stub printed as '2' in the extracted text; model identified as C4 from the populated factor columns and confirmed by the discussion on article p.948; article label C4; bootstrap empirical p-value printed in square brackets
TBL6_C4_lambda_SMB,Table 6,article_pdf:p.949:Table 6,all_seven_families_joint,carhart_4,lambda_smb,0.12,2,shanken_t_statistic,0.66,published_rounding,article row stub printed as '2' in the extracted text; model identified as C4 from the populated factor columns and confirmed by the discussion on article p.948; article label C4; risk price in %; t-ratio carries no significance stars
TBL6_C4_lambda_SMB_empp,Table 6,article_pdf:p.949:Table 6,all_seven_families_joint,carhart_4,lambda_smb,0.12,2,empirical_bootstrap_p_value,0.725,published_rounding,article row stub printed as '2' in the extracted text; model identified as C4 from the populated factor columns and confirmed by the discussion on article p.948; article label C4; bootstrap empirical p-value printed in square brackets
TBL6_C4_lambda_HML,Table 6,article_pdf:p.949:Table 6,all_seven_families_joint,carhart_4,lambda_hml,0.42,2,shanken_t_statistic,2.76,published_rounding,article row stub printed as '2' in the extracted text; model identified as C4 from the populated factor columns and confirmed by the discussion on article p.948; article label C4; risk price in %; t-ratio marked ***; */**/*** = 10%/5%/1% significance of the Shanken t-ratio
TBL6_C4_lambda_HML_empp,Table 6,article_pdf:p.949:Table 6,all_seven_families_joint,carhart_4,lambda_hml,0.42,2,empirical_bootstrap_p_value,0.003,published_rounding,article row stub printed as '2' in the extracted text; model identified as C4 from the populated factor columns and confirmed by the discussion on article p.948; article label C4; bootstrap empirical p-value printed in square brackets
TBL6_C4_lambda_UMD,Table 6,article_pdf:p.949:Table 6,all_seven_families_joint,carhart_4,lambda_umd,0.59,2,shanken_t_statistic,1.61,published_rounding,article row stub printed as '2' in the extracted text; model identified as C4 from the populated factor columns and confirmed by the discussion on article p.948; article label C4; risk price in %; t-ratio carries no significance stars
TBL6_C4_lambda_UMD_empp,Table 6,article_pdf:p.949:Table 6,all_seven_families_joint,carhart_4,lambda_umd,0.59,2,empirical_bootstrap_p_value,0.208,published_rounding,article row stub printed as '2' in the extracted text; model identified as C4 from the populated factor columns and confirmed by the discussion on article p.948; article label C4; bootstrap empirical p-value printed in square brackets
TBL6_C4_chi2,Table 6,article_pdf:p.949:Table 6,all_seven_families_joint,carhart_4,chi_square,74.23,2,asymptotic_p_value,0.228,published_rounding,article row stub printed as '2' in the extracted text; model identified as C4 from the populated factor columns and confirmed by the discussion on article p.948; chi-square test of joint significance of pricing errors; asymptotic p-value printed in parentheses
TBL6_C4_chi2_empp,Table 6,article_pdf:p.949:Table 6,all_seven_families_joint,carhart_4,chi_square,74.23,2,empirical_bootstrap_p_value,0.106,published_rounding,article row stub printed as '2' in the extracted text; model identified as C4 from the populated factor columns and confirmed by the discussion on article p.948; same chi-square statistic as TBL6_C4_chi2; bootstrap empirical p-value printed in square brackets
TBL6_C4_R2OLS,Table 6,article_pdf:p.949:Table 6,all_seven_families_joint,carhart_4,r2_ols,0.74,2,empirical_bootstrap_p_value,0.000,published_rounding,article row stub printed as '2' in the extracted text; model identified as C4 from the populated factor columns and confirmed by the discussion on article p.948; cross-sectional OLS R2; empirical p-value in square brackets
TBL6_C4_R2C,Table 6,article_pdf:p.949:Table 6,all_seven_families_joint,carhart_4,r2_constrained,0.75,2,none,,published_rounding,article row stub printed as '2' in the extracted text; model identified as C4 from the populated factor columns and confirmed by the discussion on article p.948; constrained cross-sectional R2 (column RC2); no p-value or t-statistic is printed for this column; statistic name r2_constrained is outside the base schema enumeration because Table 6 reports this extra column
TBL6_PS4_lambda_M,Table 6,article_pdf:p.949:Table 6,all_seven_families_joint,liquidity,lambda_market,0.61,2,shanken_t_statistic,2.92,published_rounding,article row stub printed as '3' in the extracted text; model identified as PS4 from the populated factor columns and confirmed by the discussion on article p.948; article label PS4; risk price in %; t-ratio marked ***; */**/*** = 10%/5%/1% significance of the Shanken t-ratio
TBL6_PS4_lambda_M_empp,Table 6,article_pdf:p.949:Table 6,all_seven_families_joint,liquidity,lambda_market,0.61,2,empirical_bootstrap_p_value,0.002,published_rounding,article row stub printed as '3' in the extracted text; model identified as PS4 from the populated factor columns and confirmed by the discussion on article p.948; article label PS4; bootstrap empirical p-value printed in square brackets
TBL6_PS4_lambda_SMB,Table 6,article_pdf:p.949:Table 6,all_seven_families_joint,liquidity,lambda_smb,-0.00,2,shanken_t_statistic,-0.00,published_rounding,article row stub printed as '3' in the extracted text; model identified as PS4 from the populated factor columns and confirmed by the discussion on article p.948; article label PS4; risk price in %; t-ratio carries no significance stars
TBL6_PS4_lambda_SMB_empp,Table 6,article_pdf:p.949:Table 6,all_seven_families_joint,liquidity,lambda_smb,-0.00,2,empirical_bootstrap_p_value,0.999,published_rounding,article row stub printed as '3' in the extracted text; model identified as PS4 from the populated factor columns and confirmed by the discussion on article p.948; article label PS4; bootstrap empirical p-value printed in square brackets
TBL6_PS4_lambda_HML,Table 6,article_pdf:p.949:Table 6,all_seven_families_joint,liquidity,lambda_hml,0.46,2,shanken_t_statistic,2.98,published_rounding,article row stub printed as '3' in the extracted text; model identified as PS4 from the populated factor columns and confirmed by the discussion on article p.948; article label PS4; risk price in %; t-ratio marked ***; */**/*** = 10%/5%/1% significance of the Shanken t-ratio
TBL6_PS4_lambda_HML_empp,Table 6,article_pdf:p.949:Table 6,all_seven_families_joint,liquidity,lambda_hml,0.46,2,empirical_bootstrap_p_value,0.001,published_rounding,article row stub printed as '3' in the extracted text; model identified as PS4 from the populated factor columns and confirmed by the discussion on article p.948; article label PS4; bootstrap empirical p-value printed in square brackets
TBL6_PS4_lambda_LIQ,Table 6,article_pdf:p.949:Table 6,all_seven_families_joint,liquidity,lambda_liq,-0.13,2,shanken_t_statistic,-0.27,published_rounding,article row stub printed as '3' in the extracted text; model identified as PS4 from the populated factor columns and confirmed by the discussion on article p.948; article label PS4; risk price in %; t-ratio carries no significance stars
TBL6_PS4_lambda_LIQ_empp,Table 6,article_pdf:p.949:Table 6,all_seven_families_joint,liquidity,lambda_liq,-0.13,2,empirical_bootstrap_p_value,0.890,published_rounding,article row stub printed as '3' in the extracted text; model identified as PS4 from the populated factor columns and confirmed by the discussion on article p.948; article label PS4; bootstrap empirical p-value printed in square brackets
TBL6_PS4_chi2,Table 6,article_pdf:p.949:Table 6,all_seven_families_joint,liquidity,chi_square,86.60,2,asymptotic_p_value,0.045,published_rounding,article row stub printed as '3' in the extracted text; model identified as PS4 from the populated factor columns and confirmed by the discussion on article p.948; chi-square test of joint significance of pricing errors; asymptotic p-value printed in parentheses
TBL6_PS4_chi2_empp,Table 6,article_pdf:p.949:Table 6,all_seven_families_joint,liquidity,chi_square,86.60,2,empirical_bootstrap_p_value,0.051,published_rounding,article row stub printed as '3' in the extracted text; model identified as PS4 from the populated factor columns and confirmed by the discussion on article p.948; same chi-square statistic as TBL6_PS4_chi2; bootstrap empirical p-value printed in square brackets
TBL6_PS4_R2OLS,Table 6,article_pdf:p.949:Table 6,all_seven_families_joint,liquidity,r2_ols,0.71,2,empirical_bootstrap_p_value,0.000,published_rounding,article row stub printed as '3' in the extracted text; model identified as PS4 from the populated factor columns and confirmed by the discussion on article p.948; cross-sectional OLS R2; empirical p-value in square brackets
TBL6_PS4_R2C,Table 6,article_pdf:p.949:Table 6,all_seven_families_joint,liquidity,r2_constrained,0.65,2,none,,published_rounding,article row stub printed as '3' in the extracted text; model identified as PS4 from the populated factor columns and confirmed by the discussion on article p.948; constrained cross-sectional R2 (column RC2); no p-value or t-statistic is printed for this column; statistic name r2_constrained is outside the base schema enumeration because Table 6 reports this extra column
TBL6_HXZ4_lambda_M,Table 6,article_pdf:p.949:Table 6,all_seven_families_joint,q_factor,lambda_market,0.61,2,shanken_t_statistic,2.94,published_rounding,article row stub printed as '4' in the extracted text; model identified as HXZ4 from the populated factor columns and confirmed by the discussion on article p.948; article label HXZ4; risk price in %; t-ratio marked ***; */**/*** = 10%/5%/1% significance of the Shanken t-ratio
TBL6_HXZ4_lambda_M_empp,Table 6,article_pdf:p.949:Table 6,all_seven_families_joint,q_factor,lambda_market,0.61,2,empirical_bootstrap_p_value,0.001,published_rounding,article row stub printed as '4' in the extracted text; model identified as HXZ4 from the populated factor columns and confirmed by the discussion on article p.948; article label HXZ4; bootstrap empirical p-value printed in square brackets
TBL6_HXZ4_lambda_ME,Table 6,article_pdf:p.949:Table 6,all_seven_families_joint,q_factor,lambda_me,0.09,2,shanken_t_statistic,0.47,published_rounding,article row stub printed as '4' in the extracted text; model identified as HXZ4 from the populated factor columns and confirmed by the discussion on article p.948; article label HXZ4; risk price in %; t-ratio carries no significance stars
TBL6_HXZ4_lambda_ME_empp,Table 6,article_pdf:p.949:Table 6,all_seven_families_joint,q_factor,lambda_me,0.09,2,empirical_bootstrap_p_value,0.805,published_rounding,article row stub printed as '4' in the extracted text; model identified as HXZ4 from the populated factor columns and confirmed by the discussion on article p.948; article label HXZ4; bootstrap empirical p-value printed in square brackets
TBL6_HXZ4_lambda_IA,Table 6,article_pdf:p.949:Table 6,all_seven_families_joint,q_factor,lambda_ia,0.32,2,shanken_t_statistic,2.99,published_rounding,article row stub printed as '4' in the extracted text; model identified as HXZ4 from the populated factor columns and confirmed by the discussion on article p.948; article label HXZ4; risk price in %; t-ratio marked ***; */**/*** = 10%/5%/1% significance of the Shanken t-ratio
TBL6_HXZ4_lambda_IA_empp,Table 6,article_pdf:p.949:Table 6,all_seven_families_joint,q_factor,lambda_ia,0.32,2,empirical_bootstrap_p_value,0.001,published_rounding,article row stub printed as '4' in the extracted text; model identified as HXZ4 from the populated factor columns and confirmed by the discussion on article p.948; article label HXZ4; bootstrap empirical p-value printed in square brackets
TBL6_HXZ4_lambda_ROE,Table 6,article_pdf:p.949:Table 6,all_seven_families_joint,q_factor,lambda_roe,-0.21,2,shanken_t_statistic,-1.15,published_rounding,article row stub printed as '4' in the extracted text; model identified as HXZ4 from the populated factor columns and confirmed by the discussion on article p.948; article label HXZ4; risk price in %; t-ratio carries no significance stars
TBL6_HXZ4_lambda_ROE_empp,Table 6,article_pdf:p.949:Table 6,all_seven_families_joint,q_factor,lambda_roe,-0.21,2,empirical_bootstrap_p_value,0.438,published_rounding,article row stub printed as '4' in the extracted text; model identified as HXZ4 from the populated factor columns and confirmed by the discussion on article p.948; article label HXZ4; bootstrap empirical p-value printed in square brackets
TBL6_HXZ4_chi2,Table 6,article_pdf:p.949:Table 6,all_seven_families_joint,q_factor,chi_square,86.55,2,asymptotic_p_value,0.046,published_rounding,article row stub printed as '4' in the extracted text; model identified as HXZ4 from the populated factor columns and confirmed by the discussion on article p.948; chi-square test of joint significance of pricing errors; asymptotic p-value printed in parentheses
TBL6_HXZ4_chi2_empp,Table 6,article_pdf:p.949:Table 6,all_seven_families_joint,q_factor,chi_square,86.55,2,empirical_bootstrap_p_value,0.050,published_rounding,article row stub printed as '4' in the extracted text; model identified as HXZ4 from the populated factor columns and confirmed by the discussion on article p.948; same chi-square statistic as TBL6_HXZ4_chi2; bootstrap empirical p-value printed in square brackets
TBL6_HXZ4_R2OLS,Table 6,article_pdf:p.949:Table 6,all_seven_families_joint,q_factor,r2_ols,0.68,2,empirical_bootstrap_p_value,0.000,published_rounding,article row stub printed as '4' in the extracted text; model identified as HXZ4 from the populated factor columns and confirmed by the discussion on article p.948; cross-sectional OLS R2; empirical p-value in square brackets
TBL6_HXZ4_R2C,Table 6,article_pdf:p.949:Table 6,all_seven_families_joint,q_factor,r2_constrained,0.30,2,none,,published_rounding,article row stub printed as '4' in the extracted text; model identified as HXZ4 from the populated factor columns and confirmed by the discussion on article p.948; constrained cross-sectional R2 (column RC2); no p-value or t-statistic is printed for this column; statistic name r2_constrained is outside the base schema enumeration because Table 6 reports this extra column
TBL6_FF5_lambda_M,Table 6,article_pdf:p.949:Table 6,all_seven_families_joint,fama_french_5,lambda_market,0.61,2,shanken_t_statistic,2.93,published_rounding,article row stub printed as '5' in the extracted text; model identified as FF5 from the populated factor columns and confirmed by the discussion on article p.948; article label FF5; risk price in %; t-ratio marked ***; */**/*** = 10%/5%/1% significance of the Shanken t-ratio
TBL6_FF5_lambda_M_empp,Table 6,article_pdf:p.949:Table 6,all_seven_families_joint,fama_french_5,lambda_market,0.61,2,empirical_bootstrap_p_value,0.002,published_rounding,article row stub printed as '5' in the extracted text; model identified as FF5 from the populated factor columns and confirmed by the discussion on article p.948; article label FF5; bootstrap empirical p-value printed in square brackets
TBL6_FF5_lambda_SMB,Table 6,article_pdf:p.949:Table 6,all_seven_families_joint,fama_french_5,lambda_smb,-0.03,2,shanken_t_statistic,-0.13,published_rounding,article row stub printed as '5' in the extracted text; model identified as FF5 from the populated factor columns and confirmed by the discussion on article p.948; article label FF5; risk price in %; t-ratio carries no significance stars
TBL6_FF5_lambda_SMB_empp,Table 6,article_pdf:p.949:Table 6,all_seven_families_joint,fama_french_5,lambda_smb,-0.03,2,empirical_bootstrap_p_value,0.944,published_rounding,article row stub printed as '5' in the extracted text; model identified as FF5 from the populated factor columns and confirmed by the discussion on article p.948; article label FF5; bootstrap empirical p-value printed in square brackets
TBL6_FF5_lambda_HML,Table 6,article_pdf:p.949:Table 6,all_seven_families_joint,fama_french_5,lambda_hml,0.43,2,shanken_t_statistic,2.79,published_rounding,article row stub printed as '5' in the extracted text; model identified as FF5 from the populated factor columns and confirmed by the discussion on article p.948; article label FF5; risk price in %; t-ratio marked ***; */**/*** = 10%/5%/1% significance of the Shanken t-ratio
TBL6_FF5_lambda_HML_empp,Table 6,article_pdf:p.949:Table 6,all_seven_families_joint,fama_french_5,lambda_hml,0.43,2,empirical_bootstrap_p_value,0.003,published_rounding,article row stub printed as '5' in the extracted text; model identified as FF5 from the populated factor columns and confirmed by the discussion on article p.948; article label FF5; bootstrap empirical p-value printed in square brackets
TBL6_FF5_lambda_RMW,Table 6,article_pdf:p.949:Table 6,all_seven_families_joint,fama_french_5,lambda_rmw,-0.13,2,shanken_t_statistic,-0.94,published_rounding,article row stub printed as '5' in the extracted text; model identified as FF5 from the populated factor columns and confirmed by the discussion on article p.948; article label FF5; risk price in %; t-ratio carries no significance stars
TBL6_FF5_lambda_RMW_empp,Table 6,article_pdf:p.949:Table 6,all_seven_families_joint,fama_french_5,lambda_rmw,-0.13,2,empirical_bootstrap_p_value,0.561,published_rounding,article row stub printed as '5' in the extracted text; model identified as FF5 from the populated factor columns and confirmed by the discussion on article p.948; article label FF5; bootstrap empirical p-value printed in square brackets
TBL6_FF5_lambda_CMA,Table 6,article_pdf:p.949:Table 6,all_seven_families_joint,fama_french_5,lambda_cma,0.24,2,shanken_t_statistic,2.31,published_rounding,article row stub printed as '5' in the extracted text; model identified as FF5 from the populated factor columns and confirmed by the discussion on article p.948; article label FF5; risk price in %; t-ratio marked **; */**/*** = 10%/5%/1% significance of the Shanken t-ratio
TBL6_FF5_lambda_CMA_empp,Table 6,article_pdf:p.949:Table 6,all_seven_families_joint,fama_french_5,lambda_cma,0.24,2,empirical_bootstrap_p_value,0.029,published_rounding,article row stub printed as '5' in the extracted text; model identified as FF5 from the populated factor columns and confirmed by the discussion on article p.948; article label FF5; bootstrap empirical p-value printed in square brackets
TBL6_FF5_chi2,Table 6,article_pdf:p.949:Table 6,all_seven_families_joint,fama_french_5,chi_square,83.49,2,asymptotic_p_value,0.061,published_rounding,article row stub printed as '5' in the extracted text; model identified as FF5 from the populated factor columns and confirmed by the discussion on article p.948; chi-square test of joint significance of pricing errors; asymptotic p-value printed in parentheses
TBL6_FF5_chi2_empp,Table 6,article_pdf:p.949:Table 6,all_seven_families_joint,fama_french_5,chi_square,83.49,2,empirical_bootstrap_p_value,0.058,published_rounding,article row stub printed as '5' in the extracted text; model identified as FF5 from the populated factor columns and confirmed by the discussion on article p.948; same chi-square statistic as TBL6_FF5_chi2; bootstrap empirical p-value printed in square brackets
TBL6_FF5_R2OLS,Table 6,article_pdf:p.949:Table 6,all_seven_families_joint,fama_french_5,r2_ols,0.74,2,empirical_bootstrap_p_value,0.000,published_rounding,article row stub printed as '5' in the extracted text; model identified as FF5 from the populated factor columns and confirmed by the discussion on article p.948; cross-sectional OLS R2; empirical p-value in square brackets
TBL6_FF5_R2C,Table 6,article_pdf:p.949:Table 6,all_seven_families_joint,fama_french_5,r2_constrained,0.52,2,none,,published_rounding,article row stub printed as '5' in the extracted text; model identified as FF5 from the populated factor columns and confirmed by the discussion on article p.948; constrained cross-sectional R2 (column RC2); no p-value or t-statistic is printed for this column; statistic name r2_constrained is outside the base schema enumeration because Table 6 reports this extra column
TBL5_BM_D1_MEAN_EXCESS_RETURN,Table 5,article_pdf:p.944:Table 5,book_to_market,market_plus_fedfunds_innovation,mean_excess_return_d1,0.38,2,none,,published_rounding,article Table 5 panel A (BM); risk premium is beta times risk price for the named factor; D1 is the lowest decile and DIF is D1 minus D10; every DIF cell is independently quoted in the discussion on article pp.944-945 and agrees with the table
TBL5_BM_D1_RISK_PREMIUM_MARKET,Table 5,article_pdf:p.944:Table 5,book_to_market,market_plus_fedfunds_innovation,risk_premium_market_d1,0.66,2,none,,published_rounding,article Table 5 panel A (BM); risk premium is beta times risk price for the named factor; D1 is the lowest decile and DIF is D1 minus D10; every DIF cell is independently quoted in the discussion on article pp.944-945 and agrees with the table
TBL5_BM_D1_RISK_PREMIUM_RATE,Table 5,article_pdf:p.944:Table 5,book_to_market,market_plus_fedfunds_innovation,risk_premium_rate_d1,-0.20,2,none,,published_rounding,article Table 5 panel A (BM); risk premium is beta times risk price for the named factor; D1 is the lowest decile and DIF is D1 minus D10; every DIF cell is independently quoted in the discussion on article pp.944-945 and agrees with the table
TBL5_BM_D1_PRICING_ERROR,Table 5,article_pdf:p.944:Table 5,book_to_market,market_plus_fedfunds_innovation,pricing_error_d1,-0.08,2,none,,published_rounding,article Table 5 panel A (BM); risk premium is beta times risk price for the named factor; D1 is the lowest decile and DIF is D1 minus D10; every DIF cell is independently quoted in the discussion on article pp.944-945 and agrees with the table
TBL5_BM_D10_MEAN_EXCESS_RETURN,Table 5,article_pdf:p.944:Table 5,book_to_market,market_plus_fedfunds_innovation,mean_excess_return_d10,1.07,2,none,,published_rounding,article Table 5 panel A (BM); risk premium is beta times risk price for the named factor; D1 is the lowest decile and DIF is D1 minus D10; every DIF cell is independently quoted in the discussion on article pp.944-945 and agrees with the table
TBL5_BM_D10_RISK_PREMIUM_MARKET,Table 5,article_pdf:p.944:Table 5,book_to_market,market_plus_fedfunds_innovation,risk_premium_market_d10,0.58,2,none,,published_rounding,article Table 5 panel A (BM); risk premium is beta times risk price for the named factor; D1 is the lowest decile and DIF is D1 minus D10; every DIF cell is independently quoted in the discussion on article pp.944-945 and agrees with the table
TBL5_BM_D10_RISK_PREMIUM_RATE,Table 5,article_pdf:p.944:Table 5,book_to_market,market_plus_fedfunds_innovation,risk_premium_rate_d10,0.39,2,none,,published_rounding,article Table 5 panel A (BM); risk premium is beta times risk price for the named factor; D1 is the lowest decile and DIF is D1 minus D10; every DIF cell is independently quoted in the discussion on article pp.944-945 and agrees with the table
TBL5_BM_D10_PRICING_ERROR,Table 5,article_pdf:p.944:Table 5,book_to_market,market_plus_fedfunds_innovation,pricing_error_d10,0.11,2,none,,published_rounding,article Table 5 panel A (BM); risk premium is beta times risk price for the named factor; D1 is the lowest decile and DIF is D1 minus D10; every DIF cell is independently quoted in the discussion on article pp.944-945 and agrees with the table
TBL5_BM_DIF_MEAN_EXCESS_RETURN,Table 5,article_pdf:p.944:Table 5,book_to_market,market_plus_fedfunds_innovation,mean_excess_return_dif,-0.69,2,none,,published_rounding,article Table 5 panel A (BM); risk premium is beta times risk price for the named factor; D1 is the lowest decile and DIF is D1 minus D10; every DIF cell is independently quoted in the discussion on article pp.944-945 and agrees with the table
TBL5_BM_DIF_RISK_PREMIUM_MARKET,Table 5,article_pdf:p.944:Table 5,book_to_market,market_plus_fedfunds_innovation,risk_premium_market_dif,0.08,2,none,,published_rounding,article Table 5 panel A (BM); risk premium is beta times risk price for the named factor; D1 is the lowest decile and DIF is D1 minus D10; every DIF cell is independently quoted in the discussion on article pp.944-945 and agrees with the table
TBL5_BM_DIF_RISK_PREMIUM_RATE,Table 5,article_pdf:p.944:Table 5,book_to_market,market_plus_fedfunds_innovation,risk_premium_rate_dif,-0.59,2,none,,published_rounding,article Table 5 panel A (BM); risk premium is beta times risk price for the named factor; D1 is the lowest decile and DIF is D1 minus D10; every DIF cell is independently quoted in the discussion on article pp.944-945 and agrees with the table
TBL5_BM_DIF_PRICING_ERROR,Table 5,article_pdf:p.944:Table 5,book_to_market,market_plus_fedfunds_innovation,pricing_error_dif,-0.18,2,none,,published_rounding,article Table 5 panel A (BM); risk premium is beta times risk price for the named factor; D1 is the lowest decile and DIF is D1 minus D10; every DIF cell is independently quoted in the discussion on article pp.944-945 and agrees with the table
TBL5_DUR_D1_MEAN_EXCESS_RETURN,Table 5,article_pdf:p.944:Table 5,equity_duration,market_plus_fedfunds_innovation,mean_excess_return_d1,0.83,2,none,,published_rounding,article Table 5 panel B (DUR); risk premium is beta times risk price for the named factor; D1 is the lowest decile and DIF is D1 minus D10; every DIF cell is independently quoted in the discussion on article pp.944-945 and agrees with the table
TBL5_DUR_D1_RISK_PREMIUM_MARKET,Table 5,article_pdf:p.944:Table 5,equity_duration,market_plus_fedfunds_innovation,risk_premium_market_d1,0.64,2,none,,published_rounding,article Table 5 panel B (DUR); risk premium is beta times risk price for the named factor; D1 is the lowest decile and DIF is D1 minus D10; every DIF cell is independently quoted in the discussion on article pp.944-945 and agrees with the table
TBL5_DUR_D1_RISK_PREMIUM_RATE,Table 5,article_pdf:p.944:Table 5,equity_duration,market_plus_fedfunds_innovation,risk_premium_rate_d1,0.17,2,none,,published_rounding,article Table 5 panel B (DUR); risk premium is beta times risk price for the named factor; D1 is the lowest decile and DIF is D1 minus D10; every DIF cell is independently quoted in the discussion on article pp.944-945 and agrees with the table
TBL5_DUR_D1_PRICING_ERROR,Table 5,article_pdf:p.944:Table 5,equity_duration,market_plus_fedfunds_innovation,pricing_error_d1,0.02,2,none,,published_rounding,article Table 5 panel B (DUR); risk premium is beta times risk price for the named factor; D1 is the lowest decile and DIF is D1 minus D10; every DIF cell is independently quoted in the discussion on article pp.944-945 and agrees with the table
TBL5_DUR_D10_MEAN_EXCESS_RETURN,Table 5,article_pdf:p.944:Table 5,equity_duration,market_plus_fedfunds_innovation,mean_excess_return_d10,0.31,2,none,,published_rounding,article Table 5 panel B (DUR); risk premium is beta times risk price for the named factor; D1 is the lowest decile and DIF is D1 minus D10; every DIF cell is independently quoted in the discussion on article pp.944-945 and agrees with the table
TBL5_DUR_D10_RISK_PREMIUM_MARKET,Table 5,article_pdf:p.944:Table 5,equity_duration,market_plus_fedfunds_innovation,risk_premium_market_d10,0.75,2,none,,published_rounding,article Table 5 panel B (DUR); risk premium is beta times risk price for the named factor; D1 is the lowest decile and DIF is D1 minus D10; every DIF cell is independently quoted in the discussion on article pp.944-945 and agrees with the table
TBL5_DUR_D10_RISK_PREMIUM_RATE,Table 5,article_pdf:p.944:Table 5,equity_duration,market_plus_fedfunds_innovation,risk_premium_rate_d10,-0.30,2,none,,published_rounding,article Table 5 panel B (DUR); risk premium is beta times risk price for the named factor; D1 is the lowest decile and DIF is D1 minus D10; every DIF cell is independently quoted in the discussion on article pp.944-945 and agrees with the table
TBL5_DUR_D10_PRICING_ERROR,Table 5,article_pdf:p.944:Table 5,equity_duration,market_plus_fedfunds_innovation,pricing_error_d10,-0.14,2,none,,published_rounding,article Table 5 panel B (DUR); risk premium is beta times risk price for the named factor; D1 is the lowest decile and DIF is D1 minus D10; every DIF cell is independently quoted in the discussion on article pp.944-945 and agrees with the table
TBL5_DUR_DIF_MEAN_EXCESS_RETURN,Table 5,article_pdf:p.944:Table 5,equity_duration,market_plus_fedfunds_innovation,mean_excess_return_dif,0.52,2,none,,published_rounding,article Table 5 panel B (DUR); risk premium is beta times risk price for the named factor; D1 is the lowest decile and DIF is D1 minus D10; every DIF cell is independently quoted in the discussion on article pp.944-945 and agrees with the table
TBL5_DUR_DIF_RISK_PREMIUM_MARKET,Table 5,article_pdf:p.944:Table 5,equity_duration,market_plus_fedfunds_innovation,risk_premium_market_dif,-0.11,2,none,,published_rounding,article Table 5 panel B (DUR); risk premium is beta times risk price for the named factor; D1 is the lowest decile and DIF is D1 minus D10; every DIF cell is independently quoted in the discussion on article pp.944-945 and agrees with the table
TBL5_DUR_DIF_RISK_PREMIUM_RATE,Table 5,article_pdf:p.944:Table 5,equity_duration,market_plus_fedfunds_innovation,risk_premium_rate_dif,0.48,2,none,,published_rounding,article Table 5 panel B (DUR); risk premium is beta times risk price for the named factor; D1 is the lowest decile and DIF is D1 minus D10; every DIF cell is independently quoted in the discussion on article pp.944-945 and agrees with the table
TBL5_DUR_DIF_PRICING_ERROR,Table 5,article_pdf:p.944:Table 5,equity_duration,market_plus_fedfunds_innovation,pricing_error_dif,0.16,2,none,,published_rounding,article Table 5 panel B (DUR); risk premium is beta times risk price for the named factor; D1 is the lowest decile and DIF is D1 minus D10; every DIF cell is independently quoted in the discussion on article pp.944-945 and agrees with the table
TBL5_EP_D1_MEAN_EXCESS_RETURN,Table 5,article_pdf:p.944:Table 5,earnings_to_price,market_plus_fedfunds_innovation,mean_excess_return_d1,0.38,2,none,,published_rounding,article Table 5 panel C (EP); risk premium is beta times risk price for the named factor; D1 is the lowest decile and DIF is D1 minus D10; every DIF cell is independently quoted in the discussion on article pp.944-945 and agrees with the table
TBL5_EP_D1_RISK_PREMIUM_MARKET,Table 5,article_pdf:p.944:Table 5,earnings_to_price,market_plus_fedfunds_innovation,risk_premium_market_d1,0.70,2,none,,published_rounding,article Table 5 panel C (EP); risk premium is beta times risk price for the named factor; D1 is the lowest decile and DIF is D1 minus D10; every DIF cell is independently quoted in the discussion on article pp.944-945 and agrees with the table
TBL5_EP_D1_RISK_PREMIUM_RATE,Table 5,article_pdf:p.944:Table 5,earnings_to_price,market_plus_fedfunds_innovation,risk_premium_rate_d1,-0.30,2,none,,published_rounding,article Table 5 panel C (EP); risk premium is beta times risk price for the named factor; D1 is the lowest decile and DIF is D1 minus D10; every DIF cell is independently quoted in the discussion on article pp.944-945 and agrees with the table
TBL5_EP_D1_PRICING_ERROR,Table 5,article_pdf:p.944:Table 5,earnings_to_price,market_plus_fedfunds_innovation,pricing_error_d1,-0.02,2,none,,published_rounding,article Table 5 panel C (EP); risk premium is beta times risk price for the named factor; D1 is the lowest decile and DIF is D1 minus D10; every DIF cell is independently quoted in the discussion on article pp.944-945 and agrees with the table
TBL5_EP_D10_MEAN_EXCESS_RETURN,Table 5,article_pdf:p.944:Table 5,earnings_to_price,market_plus_fedfunds_innovation,mean_excess_return_d10,0.96,2,none,,published_rounding,article Table 5 panel C (EP); risk premium is beta times risk price for the named factor; D1 is the lowest decile and DIF is D1 minus D10; every DIF cell is independently quoted in the discussion on article pp.944-945 and agrees with the table
TBL5_EP_D10_RISK_PREMIUM_MARKET,Table 5,article_pdf:p.944:Table 5,earnings_to_price,market_plus_fedfunds_innovation,risk_premium_market_d10,0.57,2,none,,published_rounding,article Table 5 panel C (EP); risk premium is beta times risk price for the named factor; D1 is the lowest decile and DIF is D1 minus D10; every DIF cell is independently quoted in the discussion on article pp.944-945 and agrees with the table
TBL5_EP_D10_RISK_PREMIUM_RATE,Table 5,article_pdf:p.944:Table 5,earnings_to_price,market_plus_fedfunds_innovation,risk_premium_rate_d10,0.28,2,none,,published_rounding,article Table 5 panel C (EP); risk premium is beta times risk price for the named factor; D1 is the lowest decile and DIF is D1 minus D10; every DIF cell is independently quoted in the discussion on article pp.944-945 and agrees with the table
TBL5_EP_D10_PRICING_ERROR,Table 5,article_pdf:p.944:Table 5,earnings_to_price,market_plus_fedfunds_innovation,pricing_error_d10,0.11,2,none,,published_rounding,article Table 5 panel C (EP); risk premium is beta times risk price for the named factor; D1 is the lowest decile and DIF is D1 minus D10; every DIF cell is independently quoted in the discussion on article pp.944-945 and agrees with the table
TBL5_EP_DIF_MEAN_EXCESS_RETURN,Table 5,article_pdf:p.944:Table 5,earnings_to_price,market_plus_fedfunds_innovation,mean_excess_return_dif,-0.58,2,none,,published_rounding,article Table 5 panel C (EP); risk premium is beta times risk price for the named factor; D1 is the lowest decile and DIF is D1 minus D10; every DIF cell is independently quoted in the discussion on article pp.944-945 and agrees with the table
TBL5_EP_DIF_RISK_PREMIUM_MARKET,Table 5,article_pdf:p.944:Table 5,earnings_to_price,market_plus_fedfunds_innovation,risk_premium_market_dif,0.14,2,none,,published_rounding,article Table 5 panel C (EP); risk premium is beta times risk price for the named factor; D1 is the lowest decile and DIF is D1 minus D10; every DIF cell is independently quoted in the discussion on article pp.944-945 and agrees with the table
TBL5_EP_DIF_RISK_PREMIUM_RATE,Table 5,article_pdf:p.944:Table 5,earnings_to_price,market_plus_fedfunds_innovation,risk_premium_rate_dif,-0.58,2,none,,published_rounding,article Table 5 panel C (EP); risk premium is beta times risk price for the named factor; D1 is the lowest decile and DIF is D1 minus D10; every DIF cell is independently quoted in the discussion on article pp.944-945 and agrees with the table
TBL5_EP_DIF_PRICING_ERROR,Table 5,article_pdf:p.944:Table 5,earnings_to_price,market_plus_fedfunds_innovation,pricing_error_dif,-0.13,2,none,,published_rounding,article Table 5 panel C (EP); risk premium is beta times risk price for the named factor; D1 is the lowest decile and DIF is D1 minus D10; every DIF cell is independently quoted in the discussion on article pp.944-945 and agrees with the table
TBL5_REV_D1_MEAN_EXCESS_RETURN,Table 5,article_pdf:p.944:Table 5,long_term_reversal,market_plus_fedfunds_innovation,mean_excess_return_d1,0.96,2,none,,published_rounding,article Table 5 panel D (REV); risk premium is beta times risk price for the named factor; D1 is the lowest decile and DIF is D1 minus D10; every DIF cell is independently quoted in the discussion on article pp.944-945 and agrees with the table
TBL5_REV_D1_RISK_PREMIUM_MARKET,Table 5,article_pdf:p.944:Table 5,long_term_reversal,market_plus_fedfunds_innovation,risk_premium_market_d1,0.78,2,none,,published_rounding,article Table 5 panel D (REV); risk premium is beta times risk price for the named factor; D1 is the lowest decile and DIF is D1 minus D10; every DIF cell is independently quoted in the discussion on article pp.944-945 and agrees with the table
TBL5_REV_D1_RISK_PREMIUM_RATE,Table 5,article_pdf:p.944:Table 5,long_term_reversal,market_plus_fedfunds_innovation,risk_premium_rate_d1,0.07,2,none,,published_rounding,article Table 5 panel D (REV); risk premium is beta times risk price for the named factor; D1 is the lowest decile and DIF is D1 minus D10; every DIF cell is independently quoted in the discussion on article pp.944-945 and agrees with the table
TBL5_REV_D1_PRICING_ERROR,Table 5,article_pdf:p.944:Table 5,long_term_reversal,market_plus_fedfunds_innovation,pricing_error_d1,0.11,2,none,,published_rounding,article Table 5 panel D (REV); risk premium is beta times risk price for the named factor; D1 is the lowest decile and DIF is D1 minus D10; every DIF cell is independently quoted in the discussion on article pp.944-945 and agrees with the table
TBL5_REV_D10_MEAN_EXCESS_RETURN,Table 5,article_pdf:p.944:Table 5,long_term_reversal,market_plus_fedfunds_innovation,mean_excess_return_d10,0.55,2,none,,published_rounding,article Table 5 panel D (REV); risk premium is beta times risk price for the named factor; D1 is the lowest decile and DIF is D1 minus D10; every DIF cell is independently quoted in the discussion on article pp.944-945 and agrees with the table
TBL5_REV_D10_RISK_PREMIUM_MARKET,Table 5,article_pdf:p.944:Table 5,long_term_reversal,market_plus_fedfunds_innovation,risk_premium_market_d10,0.79,2,none,,published_rounding,article Table 5 panel D (REV); risk premium is beta times risk price for the named factor; D1 is the lowest decile and DIF is D1 minus D10; every DIF cell is independently quoted in the discussion on article pp.944-945 and agrees with the table
TBL5_REV_D10_RISK_PREMIUM_RATE,Table 5,article_pdf:p.944:Table 5,long_term_reversal,market_plus_fedfunds_innovation,risk_premium_rate_d10,-0.18,2,none,,published_rounding,article Table 5 panel D (REV); risk premium is beta times risk price for the named factor; D1 is the lowest decile and DIF is D1 minus D10; every DIF cell is independently quoted in the discussion on article pp.944-945 and agrees with the table
TBL5_REV_D10_PRICING_ERROR,Table 5,article_pdf:p.944:Table 5,long_term_reversal,market_plus_fedfunds_innovation,pricing_error_d10,-0.06,2,none,,published_rounding,article Table 5 panel D (REV); risk premium is beta times risk price for the named factor; D1 is the lowest decile and DIF is D1 minus D10; every DIF cell is independently quoted in the discussion on article pp.944-945 and agrees with the table
TBL5_REV_DIF_MEAN_EXCESS_RETURN,Table 5,article_pdf:p.944:Table 5,long_term_reversal,market_plus_fedfunds_innovation,mean_excess_return_dif,0.41,2,none,,published_rounding,article Table 5 panel D (REV); risk premium is beta times risk price for the named factor; D1 is the lowest decile and DIF is D1 minus D10; every DIF cell is independently quoted in the discussion on article pp.944-945 and agrees with the table
TBL5_REV_DIF_RISK_PREMIUM_MARKET,Table 5,article_pdf:p.944:Table 5,long_term_reversal,market_plus_fedfunds_innovation,risk_premium_market_dif,-0.01,2,none,,published_rounding,article Table 5 panel D (REV); risk premium is beta times risk price for the named factor; D1 is the lowest decile and DIF is D1 minus D10; every DIF cell is independently quoted in the discussion on article pp.944-945 and agrees with the table
TBL5_REV_DIF_RISK_PREMIUM_RATE,Table 5,article_pdf:p.944:Table 5,long_term_reversal,market_plus_fedfunds_innovation,risk_premium_rate_dif,0.25,2,none,,published_rounding,article Table 5 panel D (REV); risk premium is beta times risk price for the named factor; D1 is the lowest decile and DIF is D1 minus D10; every DIF cell is independently quoted in the discussion on article pp.944-945 and agrees with the table
TBL5_REV_DIF_PRICING_ERROR,Table 5,article_pdf:p.944:Table 5,long_term_reversal,market_plus_fedfunds_innovation,pricing_error_dif,0.17,2,none,,published_rounding,article Table 5 panel D (REV); risk premium is beta times risk price for the named factor; D1 is the lowest decile and DIF is D1 minus D10; every DIF cell is independently quoted in the discussion on article pp.944-945 and agrees with the table
TBL5_IA_D1_MEAN_EXCESS_RETURN,Table 5,article_pdf:p.944:Table 5,investment_to_assets,market_plus_fedfunds_innovation,mean_excess_return_d1,0.76,2,none,,published_rounding,article Table 5 panel E (IA); risk premium is beta times risk price for the named factor; D1 is the lowest decile and DIF is D1 minus D10; every DIF cell is independently quoted in the discussion on article pp.944-945 and agrees with the table
TBL5_IA_D1_RISK_PREMIUM_MARKET,Table 5,article_pdf:p.944:Table 5,investment_to_assets,market_plus_fedfunds_innovation,risk_premium_market_d1,0.61,2,none,,published_rounding,article Table 5 panel E (IA); risk premium is beta times risk price for the named factor; D1 is the lowest decile and DIF is D1 minus D10; every DIF cell is independently quoted in the discussion on article pp.944-945 and agrees with the table
TBL5_IA_D1_RISK_PREMIUM_RATE,Table 5,article_pdf:p.944:Table 5,investment_to_assets,market_plus_fedfunds_innovation,risk_premium_rate_d1,0.12,2,none,,published_rounding,article Table 5 panel E (IA); risk premium is beta times risk price for the named factor; D1 is the lowest decile and DIF is D1 minus D10; every DIF cell is independently quoted in the discussion on article pp.944-945 and agrees with the table
TBL5_IA_D1_PRICING_ERROR,Table 5,article_pdf:p.944:Table 5,investment_to_assets,market_plus_fedfunds_innovation,pricing_error_d1,0.03,2,none,,published_rounding,article Table 5 panel E (IA); risk premium is beta times risk price for the named factor; D1 is the lowest decile and DIF is D1 minus D10; every DIF cell is independently quoted in the discussion on article pp.944-945 and agrees with the table
TBL5_IA_D10_MEAN_EXCESS_RETURN,Table 5,article_pdf:p.944:Table 5,investment_to_assets,market_plus_fedfunds_innovation,mean_excess_return_d10,0.34,2,none,,published_rounding,article Table 5 panel E (IA); risk premium is beta times risk price for the named factor; D1 is the lowest decile and DIF is D1 minus D10; every DIF cell is independently quoted in the discussion on article pp.944-945 and agrees with the table
TBL5_IA_D10_RISK_PREMIUM_MARKET,Table 5,article_pdf:p.944:Table 5,investment_to_assets,market_plus_fedfunds_innovation,risk_premium_market_d10,0.72,2,none,,published_rounding,article Table 5 panel E (IA); risk premium is beta times risk price for the named factor; D1 is the lowest decile and DIF is D1 minus D10; every DIF cell is independently quoted in the discussion on article pp.944-945 and agrees with the table
TBL5_IA_D10_RISK_PREMIUM_RATE,Table 5,article_pdf:p.944:Table 5,investment_to_assets,market_plus_fedfunds_innovation,risk_premium_rate_d10,-0.26,2,none,,published_rounding,article Table 5 panel E (IA); risk premium is beta times risk price for the named factor; D1 is the lowest decile and DIF is D1 minus D10; every DIF cell is independently quoted in the discussion on article pp.944-945 and agrees with the table
TBL5_IA_D10_PRICING_ERROR,Table 5,article_pdf:p.944:Table 5,investment_to_assets,market_plus_fedfunds_innovation,pricing_error_d10,-0.12,2,none,,published_rounding,article Table 5 panel E (IA); risk premium is beta times risk price for the named factor; D1 is the lowest decile and DIF is D1 minus D10; every DIF cell is independently quoted in the discussion on article pp.944-945 and agrees with the table
TBL5_IA_DIF_MEAN_EXCESS_RETURN,Table 5,article_pdf:p.944:Table 5,investment_to_assets,market_plus_fedfunds_innovation,mean_excess_return_dif,0.42,2,none,,published_rounding,article Table 5 panel E (IA); risk premium is beta times risk price for the named factor; D1 is the lowest decile and DIF is D1 minus D10; every DIF cell is independently quoted in the discussion on article pp.944-945 and agrees with the table
TBL5_IA_DIF_RISK_PREMIUM_MARKET,Table 5,article_pdf:p.944:Table 5,investment_to_assets,market_plus_fedfunds_innovation,risk_premium_market_dif,-0.11,2,none,,published_rounding,article Table 5 panel E (IA); risk premium is beta times risk price for the named factor; D1 is the lowest decile and DIF is D1 minus D10; every DIF cell is independently quoted in the discussion on article pp.944-945 and agrees with the table
TBL5_IA_DIF_RISK_PREMIUM_RATE,Table 5,article_pdf:p.944:Table 5,investment_to_assets,market_plus_fedfunds_innovation,risk_premium_rate_dif,0.38,2,none,,published_rounding,article Table 5 panel E (IA); risk premium is beta times risk price for the named factor; D1 is the lowest decile and DIF is D1 minus D10; every DIF cell is independently quoted in the discussion on article pp.944-945 and agrees with the table
TBL5_IA_DIF_PRICING_ERROR,Table 5,article_pdf:p.944:Table 5,investment_to_assets,market_plus_fedfunds_innovation,pricing_error_dif,0.15,2,none,,published_rounding,article Table 5 panel E (IA); risk premium is beta times risk price for the named factor; D1 is the lowest decile and DIF is D1 minus D10; every DIF cell is independently quoted in the discussion on article pp.944-945 and agrees with the table
TBL5_PIA_D1_MEAN_EXCESS_RETURN,Table 5,article_pdf:p.944:Table 5,ppe_investment,market_plus_fedfunds_innovation,mean_excess_return_d1,0.85,2,none,,published_rounding,article Table 5 panel F (PIA); risk premium is beta times risk price for the named factor; D1 is the lowest decile and DIF is D1 minus D10; every DIF cell is independently quoted in the discussion on article pp.944-945 and agrees with the table
TBL5_PIA_D1_RISK_PREMIUM_MARKET,Table 5,article_pdf:p.944:Table 5,ppe_investment,market_plus_fedfunds_innovation,risk_premium_market_d1,0.59,2,none,,published_rounding,article Table 5 panel F (PIA); risk premium is beta times risk price for the named factor; D1 is the lowest decile and DIF is D1 minus D10; every DIF cell is independently quoted in the discussion on article pp.944-945 and agrees with the table
TBL5_PIA_D1_RISK_PREMIUM_RATE,Table 5,article_pdf:p.944:Table 5,ppe_investment,market_plus_fedfunds_innovation,risk_premium_rate_d1,0.16,2,none,,published_rounding,article Table 5 panel F (PIA); risk premium is beta times risk price for the named factor; D1 is the lowest decile and DIF is D1 minus D10; every DIF cell is independently quoted in the discussion on article pp.944-945 and agrees with the table
TBL5_PIA_D1_PRICING_ERROR,Table 5,article_pdf:p.944:Table 5,ppe_investment,market_plus_fedfunds_innovation,pricing_error_d1,0.10,2,none,,published_rounding,article Table 5 panel F (PIA); risk premium is beta times risk price for the named factor; D1 is the lowest decile and DIF is D1 minus D10; every DIF cell is independently quoted in the discussion on article pp.944-945 and agrees with the table
TBL5_PIA_D10_MEAN_EXCESS_RETURN,Table 5,article_pdf:p.944:Table 5,ppe_investment,market_plus_fedfunds_innovation,mean_excess_return_d10,0.36,2,none,,published_rounding,article Table 5 panel F (PIA); risk premium is beta times risk price for the named factor; D1 is the lowest decile and DIF is D1 minus D10; every DIF cell is independently quoted in the discussion on article pp.944-945 and agrees with the table
TBL5_PIA_D10_RISK_PREMIUM_MARKET,Table 5,article_pdf:p.944:Table 5,ppe_investment,market_plus_fedfunds_innovation,risk_premium_market_d10,0.67,2,none,,published_rounding,article Table 5 panel F (PIA); risk premium is beta times risk price for the named factor; D1 is the lowest decile and DIF is D1 minus D10; every DIF cell is independently quoted in the discussion on article pp.944-945 and agrees with the table
TBL5_PIA_D10_RISK_PREMIUM_RATE,Table 5,article_pdf:p.944:Table 5,ppe_investment,market_plus_fedfunds_innovation,risk_premium_rate_d10,-0.17,2,none,,published_rounding,article Table 5 panel F (PIA); risk premium is beta times risk price for the named factor; D1 is the lowest decile and DIF is D1 minus D10; every DIF cell is independently quoted in the discussion on article pp.944-945 and agrees with the table
TBL5_PIA_D10_PRICING_ERROR,Table 5,article_pdf:p.944:Table 5,ppe_investment,market_plus_fedfunds_innovation,pricing_error_d10,-0.14,2,none,,published_rounding,article Table 5 panel F (PIA); risk premium is beta times risk price for the named factor; D1 is the lowest decile and DIF is D1 minus D10; every DIF cell is independently quoted in the discussion on article pp.944-945 and agrees with the table
TBL5_PIA_DIF_MEAN_EXCESS_RETURN,Table 5,article_pdf:p.944:Table 5,ppe_investment,market_plus_fedfunds_innovation,mean_excess_return_dif,0.49,2,none,,published_rounding,article Table 5 panel F (PIA); risk premium is beta times risk price for the named factor; D1 is the lowest decile and DIF is D1 minus D10; every DIF cell is independently quoted in the discussion on article pp.944-945 and agrees with the table
TBL5_PIA_DIF_RISK_PREMIUM_MARKET,Table 5,article_pdf:p.944:Table 5,ppe_investment,market_plus_fedfunds_innovation,risk_premium_market_dif,-0.08,2,none,,published_rounding,article Table 5 panel F (PIA); risk premium is beta times risk price for the named factor; D1 is the lowest decile and DIF is D1 minus D10; every DIF cell is independently quoted in the discussion on article pp.944-945 and agrees with the table
TBL5_PIA_DIF_RISK_PREMIUM_RATE,Table 5,article_pdf:p.944:Table 5,ppe_investment,market_plus_fedfunds_innovation,risk_premium_rate_dif,0.34,2,none,,published_rounding,article Table 5 panel F (PIA); risk premium is beta times risk price for the named factor; D1 is the lowest decile and DIF is D1 minus D10; every DIF cell is independently quoted in the discussion on article pp.944-945 and agrees with the table
TBL5_PIA_DIF_PRICING_ERROR,Table 5,article_pdf:p.944:Table 5,ppe_investment,market_plus_fedfunds_innovation,pricing_error_dif,0.23,2,none,,published_rounding,article Table 5 panel F (PIA); risk premium is beta times risk price for the named factor; D1 is the lowest decile and DIF is D1 minus D10; every DIF cell is independently quoted in the discussion on article pp.944-945 and agrees with the table
TBL5_IVG_D1_MEAN_EXCESS_RETURN,Table 5,article_pdf:p.944:Table 5,inventory_growth,market_plus_fedfunds_innovation,mean_excess_return_d1,0.76,2,none,,published_rounding,article Table 5 panel G (IVG); risk premium is beta times risk price for the named factor; D1 is the lowest decile and DIF is D1 minus D10; every DIF cell is independently quoted in the discussion on article pp.944-945 and agrees with the table
TBL5_IVG_D1_RISK_PREMIUM_MARKET,Table 5,article_pdf:p.944:Table 5,inventory_growth,market_plus_fedfunds_innovation,risk_premium_market_d1,0.62,2,none,,published_rounding,article Table 5 panel G (IVG); risk premium is beta times risk price for the named factor; D1 is the lowest decile and DIF is D1 minus D10; every DIF cell is independently quoted in the discussion on article pp.944-945 and agrees with the table
TBL5_IVG_D1_RISK_PREMIUM_RATE,Table 5,article_pdf:p.944:Table 5,inventory_growth,market_plus_fedfunds_innovation,risk_premium_rate_d1,-0.05,2,none,,published_rounding,article Table 5 panel G (IVG); risk premium is beta times risk price for the named factor; D1 is the lowest decile and DIF is D1 minus D10; every DIF cell is independently quoted in the discussion on article pp.944-945 and agrees with the table
TBL5_IVG_D1_PRICING_ERROR,Table 5,article_pdf:p.944:Table 5,inventory_growth,market_plus_fedfunds_innovation,pricing_error_d1,0.19,2,none,,published_rounding,article Table 5 panel G (IVG); risk premium is beta times risk price for the named factor; D1 is the lowest decile and DIF is D1 minus D10; every DIF cell is independently quoted in the discussion on article pp.944-945 and agrees with the table
TBL5_IVG_D10_MEAN_EXCESS_RETURN,Table 5,article_pdf:p.944:Table 5,inventory_growth,market_plus_fedfunds_innovation,mean_excess_return_d10,0.40,2,none,,published_rounding,article Table 5 panel G (IVG); risk premium is beta times risk price for the named factor; D1 is the lowest decile and DIF is D1 minus D10; every DIF cell is independently quoted in the discussion on article pp.944-945 and agrees with the table
TBL5_IVG_D10_RISK_PREMIUM_MARKET,Table 5,article_pdf:p.944:Table 5,inventory_growth,market_plus_fedfunds_innovation,risk_premium_market_d10,0.71,2,none,,published_rounding,article Table 5 panel G (IVG); risk premium is beta times risk price for the named factor; D1 is the lowest decile and DIF is D1 minus D10; every DIF cell is independently quoted in the discussion on article pp.944-945 and agrees with the table
TBL5_IVG_D10_RISK_PREMIUM_RATE,Table 5,article_pdf:p.944:Table 5,inventory_growth,market_plus_fedfunds_innovation,risk_premium_rate_d10,-0.17,2,none,,published_rounding,article Table 5 panel G (IVG); risk premium is beta times risk price for the named factor; D1 is the lowest decile and DIF is D1 minus D10; every DIF cell is independently quoted in the discussion on article pp.944-945 and agrees with the table
TBL5_IVG_D10_PRICING_ERROR,Table 5,article_pdf:p.944:Table 5,inventory_growth,market_plus_fedfunds_innovation,pricing_error_d10,-0.14,2,none,,published_rounding,article Table 5 panel G (IVG); risk premium is beta times risk price for the named factor; D1 is the lowest decile and DIF is D1 minus D10; every DIF cell is independently quoted in the discussion on article pp.944-945 and agrees with the table
TBL5_IVG_DIF_MEAN_EXCESS_RETURN,Table 5,article_pdf:p.944:Table 5,inventory_growth,market_plus_fedfunds_innovation,mean_excess_return_dif,0.36,2,none,,published_rounding,article Table 5 panel G (IVG); risk premium is beta times risk price for the named factor; D1 is the lowest decile and DIF is D1 minus D10; every DIF cell is independently quoted in the discussion on article pp.944-945 and agrees with the table
TBL5_IVG_DIF_RISK_PREMIUM_MARKET,Table 5,article_pdf:p.944:Table 5,inventory_growth,market_plus_fedfunds_innovation,risk_premium_market_dif,-0.09,2,none,,published_rounding,article Table 5 panel G (IVG); risk premium is beta times risk price for the named factor; D1 is the lowest decile and DIF is D1 minus D10; every DIF cell is independently quoted in the discussion on article pp.944-945 and agrees with the table
TBL5_IVG_DIF_RISK_PREMIUM_RATE,Table 5,article_pdf:p.944:Table 5,inventory_growth,market_plus_fedfunds_innovation,risk_premium_rate_dif,0.11,2,none,,published_rounding,article Table 5 panel G (IVG); risk premium is beta times risk price for the named factor; D1 is the lowest decile and DIF is D1 minus D10; every DIF cell is independently quoted in the discussion on article pp.944-945 and agrees with the table
TBL5_IVG_DIF_PRICING_ERROR,Table 5,article_pdf:p.944:Table 5,inventory_growth,market_plus_fedfunds_innovation,pricing_error_dif,0.33,2,none,,published_rounding,article Table 5 panel G (IVG); risk premium is beta times risk price for the named factor; D1 is the lowest decile and DIF is D1 minus D10; every DIF cell is independently quoted in the discussion on article pp.944-945 and agrees with the table
