omitted_family,portfolio_set,model,n_assets,n_months,lambda_rate,lambda_market,shanken_se_lambda_rate,baseline_lambda_rate,baseline_lambda_market,asset,family,decile,beta_rate,baseline_beta_rate,pi_rate,baseline_pi_rate,pi_rate_change,family_spread_baseline,family_spread_refit,family_spread_change,family_material_baseline,family_material_refit,family_sign_reversal,family_materiality_lost,family_gate_passes
book_to_market,all_seven_families_joint__minus__book_to_market,market_plus_fedfunds_innovation,60,504,-0.6864647345242658,0.6002330258351217,0.23410831194976087,-0.6984645567038997,0.6012277352967575,earnings_to_price__decile_01,earnings_to_price,decile_01,0.3674037770031306,0.3674037770031306,-0.2522097362436666,-0.25661851623583004,0.004408779992163436,0.40711206367007624,0.40011776120428094,-0.006994302465795299,True,True,False,False,True
book_to_market,all_seven_families_joint__minus__book_to_market,market_plus_fedfunds_innovation,60,504,-0.6864647345242658,0.6002330258351217,0.23410831194976087,-0.6984645567038997,0.6012277352967575,earnings_to_price__decile_02,earnings_to_price,decile_02,0.21515810939249336,0.21515810939249336,-0.1476984544448609,-0.15028031349807705,0.0025818590532161456,0.40711206367007624,0.40011776120428094,-0.006994302465795299,True,True,False,False,True
book_to_market,all_seven_families_joint__minus__book_to_market,market_plus_fedfunds_innovation,60,504,-0.6864647345242658,0.6002330258351217,0.23410831194976087,-0.6984645567038997,0.6012277352967575,earnings_to_price__decile_03,earnings_to_price,decile_03,-0.11713719354840524,-0.11713719354840524,0.08041055247212354,0.08181617796532577,-0.0014056254932022227,0.40711206367007624,0.40011776120428094,-0.006994302465795299,True,True,False,False,True
book_to_market,all_seven_families_joint__minus__book_to_market,market_plus_fedfunds_innovation,60,504,-0.6864647345242658,0.6002330258351217,0.23410831194976087,-0.6984645567038997,0.6012277352967575,earnings_to_price__decile_04,earnings_to_price,decile_04,-0.05449604576900344,-0.05449604576900344,0.03740961359144118,0.03806355645016242,-0.0006539428587212376,0.40711206367007624,0.40011776120428094,-0.006994302465795299,True,True,False,False,True
book_to_market,all_seven_families_joint__minus__book_to_market,market_plus_fedfunds_innovation,60,504,-0.6864647345242658,0.6002330258351217,0.23410831194976087,-0.6984645567038997,0.6012277352967575,earnings_to_price__decile_05,earnings_to_price,decile_05,-0.17985100381793068,-0.17985100381793068,0.1234613715897985,0.12561955165444233,-0.0021581800646438276,0.40711206367007624,0.40011776120428094,-0.006994302465795299,True,True,False,False,True
book_to_market,all_seven_families_joint__minus__book_to_market,market_plus_fedfunds_innovation,60,504,-0.6864647345242658,0.6002330258351217,0.23410831194976087,-0.6984645567038997,0.6012277352967575,earnings_to_price__decile_06,earnings_to_price,decile_06,-0.24684352196199272,-0.24684352196199272,0.1694493727726741,0.17241145114241258,-0.002962078369738469,0.40711206367007624,0.40011776120428094,-0.006994302465795299,True,True,False,False,True
book_to_market,all_seven_families_joint__minus__book_to_market,market_plus_fedfunds_innovation,60,504,-0.6864647345242658,0.6002330258351217,0.23410831194976087,-0.6984645567038997,0.6012277352967575,earnings_to_price__decile_07,earnings_to_price,decile_07,-0.2028675136929416,-0.2028675136929416,0.139261393930823,0.14169576802116277,-0.0024343740903397526,0.40711206367007624,0.40011776120428094,-0.006994302465795299,True,True,False,False,True
book_to_market,all_seven_families_joint__minus__book_to_market,market_plus_fedfunds_innovation,60,504,-0.6864647345242658,0.6002330258351217,0.23410831194976087,-0.6984645567038997,0.6012277352967575,earnings_to_price__decile_08,earnings_to_price,decile_08,-0.2763733051652346,-0.2763733051652346,0.1897205275598467,0.1930369580770272,-0.003316430517180502,0.40711206367007624,0.40011776120428094,-0.006994302465795299,True,True,False,False,True
book_to_market,all_seven_families_joint__minus__book_to_market,market_plus_fedfunds_innovation,60,504,-0.6864647345242658,0.6002330258351217,0.23410831194976087,-0.6984645567038997,0.6012277352967575,earnings_to_price__decile_09,earnings_to_price,decile_09,-0.53996682842143,-0.53996682842143,0.3706681855242267,0.3771476914481848,-0.006479505923958073,0.40711206367007624,0.40011776120428094,-0.006994302465795299,True,True,False,False,True
book_to_market,all_seven_families_joint__minus__book_to_market,market_plus_fedfunds_innovation,60,504,-0.6864647345242658,0.6002330258351217,0.23410831194976087,-0.6984645567038997,0.6012277352967575,earnings_to_price__decile_10,earnings_to_price,decile_10,-0.21546339895102934,-0.21546339895102934,0.14790802496061434,0.1504935474342462,-0.0025855224736318627,0.40711206367007624,0.40011776120428094,-0.006994302465795299,True,True,False,False,True
book_to_market,all_seven_families_joint__minus__book_to_market,market_plus_fedfunds_innovation,60,504,-0.6864647345242658,0.6002330258351217,0.23410831194976087,-0.6984645567038997,0.6012277352967575,equity_duration__decile_01,equity_duration,decile_01,-0.2757730743776661,-0.2757730743776661,0.18930849029160518,0.19261771814606815,-0.0033092278544629705,-0.46173860380246506,-0.45380580164962664,0.007932802152838425,True,True,False,False,True
book_to_market,all_seven_families_joint__minus__book_to_market,market_plus_fedfunds_innovation,60,504,-0.6864647345242658,0.6002330258351217,0.23410831194976087,-0.6984645567038997,0.6012277352967575,equity_duration__decile_02,equity_duration,decile_02,-0.6212963812089413,-0.6212963812089413,0.4264980553874829,0.43395350148284023,-0.00745544609535731,-0.46173860380246506,-0.45380580164962664,0.007932802152838425,True,True,False,False,True
book_to_market,all_seven_families_joint__minus__book_to_market,market_plus_fedfunds_innovation,60,504,-0.6864647345242658,0.6002330258351217,0.23410831194976087,-0.6984645567038997,0.6012277352967575,equity_duration__decile_03,equity_duration,decile_03,-0.21052604024417604,-0.21052604024417604,0.1445187023266632,0.14704497737377578,-0.002526275047112586,-0.46173860380246506,-0.45380580164962664,0.007932802152838425,True,True,False,False,True
book_to_market,all_seven_families_joint__minus__book_to_market,market_plus_fedfunds_innovation,60,504,-0.6864647345242658,0.6002330258351217,0.23410831194976087,-0.6984645567038997,0.6012277352967575,equity_duration__decile_04,equity_duration,decile_04,-0.2992811146997262,-0.2992811146997262,0.2054459309504739,0.20903725110859323,-0.003591320158119332,-0.46173860380246506,-0.45380580164962664,0.007932802152838425,True,True,False,False,True
book_to_market,all_seven_families_joint__minus__book_to_market,market_plus_fedfunds_innovation,60,504,-0.6864647345242658,0.6002330258351217,0.23410831194976087,-0.6984645567038997,0.6012277352967575,equity_duration__decile_05,equity_duration,decile_05,-0.03468774751433397,-0.03468774751433397,0.023811915388672028,0.024228162190656075,-0.0004162468019840472,-0.46173860380246506,-0.45380580164962664,0.007932802152838425,True,True,False,False,True
book_to_market,all_seven_families_joint__minus__book_to_market,market_plus_fedfunds_innovation,60,504,-0.6864647345242658,0.6002330258351217,0.23410831194976087,-0.6984645567038997,0.6012277352967575,equity_duration__decile_06,equity_duration,decile_06,-0.10222213829188435,-0.10222213829188435,0.07017189302504118,0.07139854050736574,-0.0012266474823245666,-0.46173860380246506,-0.45380580164962664,0.007932802152838425,True,True,False,False,True
book_to_market,all_seven_families_joint__minus__book_to_market,market_plus_fedfunds_innovation,60,504,-0.6864647345242658,0.6002330258351217,0.23410831194976087,-0.6984645567038997,0.6012277352967575,equity_duration__decile_07,equity_duration,decile_07,-0.033996203455434026,-0.033996203455434026,0.023337194779867447,0.023745143176115313,-0.0004079483962478661,-0.46173860380246506,-0.45380580164962664,0.007932802152838425,True,True,False,False,True
book_to_market,all_seven_families_joint__minus__book_to_market,market_plus_fedfunds_innovation,60,504,-0.6864647345242658,0.6002330258351217,0.23410831194976087,-0.6984645567038997,0.6012277352967575,equity_duration__decile_08,equity_duration,decile_08,-0.13137619779919033,-0.13137619779919033,0.09018512674502863,0.09176161775725532,-0.0015764910122266912,-0.46173860380246506,-0.45380580164962664,0.007932802152838425,True,True,False,False,True
book_to_market,all_seven_families_joint__minus__book_to_market,market_plus_fedfunds_innovation,60,504,-0.6864647345242658,0.6002330258351217,0.23410831194976087,-0.6984645567038997,0.6012277352967575,equity_duration__decile_09,equity_duration,decile_09,0.1937273673461788,0.1937273673461788,-0.13298700579537956,-0.13531169975486232,0.00232469395948276,-0.46173860380246506,-0.45380580164962664,0.007932802152838425,True,True,False,False,True
book_to_market,all_seven_families_joint__minus__book_to_market,market_plus_fedfunds_innovation,60,504,-0.6864647345242658,0.6002330258351217,0.23410831194976087,-0.6984645567038997,0.6012277352967575,equity_duration__decile_10,equity_duration,decile_10,0.3853035677664105,0.3853035677664105,-0.26449731135802146,-0.2691208856563969,0.004623574298375455,-0.46173860380246506,-0.45380580164962664,0.007932802152838425,True,True,False,False,True
book_to_market,all_seven_families_joint__minus__book_to_market,market_plus_fedfunds_innovation,60,504,-0.6864647345242658,0.6002330258351217,0.23410831194976087,-0.6984645567038997,0.6012277352967575,inventory_growth__decile_01,inventory_growth,decile_01,0.1378085262815926,0.1378085262815926,-0.09460069340907377,-0.09625437121929029,0.0016536778102165112,-0.1907630266549669,-0.18748566293430668,0.0032773637206602035,False,False,False,False,True
book_to_market,all_seven_families_joint__minus__book_to_market,market_plus_fedfunds_innovation,60,504,-0.6864647345242658,0.6002330258351217,0.23410831194976087,-0.6984645567038997,0.6012277352967575,inventory_growth__decile_02,inventory_growth,decile_02,-0.03906799453335866,-0.03906799453335866,0.02681880049573752,0.027287609483052734,-0.00046880898731521334,-0.1907630266549669,-0.18748566293430668,0.0032773637206602035,False,False,False,False,True
book_to_market,all_seven_families_joint__minus__book_to_market,market_plus_fedfunds_innovation,60,504,-0.6864647345242658,0.6002330258351217,0.23410831194976087,-0.6984645567038997,0.6012277352967575,inventory_growth__decile_03,inventory_growth,decile_03,-0.0645053741149414,-0.0645053741149414,0.044280664517201695,0.04505471753621175,-0.0007740530190100542,-0.1907630266549669,-0.18748566293430668,0.0032773637206602035,False,False,False,False,True
book_to_market,all_seven_families_joint__minus__book_to_market,market_plus_fedfunds_innovation,60,504,-0.6864647345242658,0.6002330258351217,0.23410831194976087,-0.6984645567038997,0.6012277352967575,inventory_growth__decile_04,inventory_growth,decile_04,-0.2787481552267323,-0.2787481552267323,0.19135077837684764,0.1946957066724694,-0.003344928295621774,-0.1907630266549669,-0.18748566293430668,0.0032773637206602035,False,False,False,False,True
book_to_market,all_seven_families_joint__minus__book_to_market,market_plus_fedfunds_innovation,60,504,-0.6864647345242658,0.6002330258351217,0.23410831194976087,-0.6984645567038997,0.6012277352967575,inventory_growth__decile_05,inventory_growth,decile_05,-0.41941719616829937,-0.41941719616829937,0.28791511422258353,0.29294804599568375,-0.005032931773100213,-0.1907630266549669,-0.18748566293430668,0.0032773637206602035,False,False,False,False,True
book_to_market,all_seven_families_joint__minus__book_to_market,market_plus_fedfunds_innovation,60,504,-0.6864647345242658,0.6002330258351217,0.23410831194976087,-0.6984645567038997,0.6012277352967575,inventory_growth__decile_06,inventory_growth,decile_06,-0.16239124077594566,-0.16239124077594566,0.11147585998832567,0.11342452600116713,-0.0019486660128414657,-0.1907630266549669,-0.18748566293430668,0.0032773637206602035,False,False,False,False,True
book_to_market,all_seven_families_joint__minus__book_to_market,market_plus_fedfunds_innovation,60,504,-0.6864647345242658,0.6002330258351217,0.23410831194976087,-0.6984645567038997,0.6012277352967575,inventory_growth__decile_07,inventory_growth,decile_07,0.20886192148974358,0.20886192148974358,-0.14337634348768488,-0.14588264940565845,0.0025063059179735725,-0.1907630266549669,-0.18748566293430668,0.0032773637206602035,False,False,False,False,True
book_to_market,all_seven_families_joint__minus__book_to_market,market_plus_fedfunds_innovation,60,504,-0.6864647345242658,0.6002330258351217,0.23410831194976087,-0.6984645567038997,0.6012277352967575,inventory_growth__decile_08,inventory_growth,decile_08,-0.010938040972533189,-0.010938040972533189,0.007508579392425538,0.007639833939089486,-0.0001312545466639484,-0.1907630266549669,-0.18748566293430668,0.0032773637206602035,False,False,False,False,True
book_to_market,all_seven_families_joint__minus__book_to_market,market_plus_fedfunds_innovation,60,504,-0.6864647345242658,0.6002330258351217,0.23410831194976087,-0.6984645567038997,0.6012277352967575,inventory_growth__decile_09,inventory_growth,decile_09,0.1661039221859966,0.1661039221859966,-0.11402448484684946,-0.11601770237642117,0.0019932175295717114,-0.1907630266549669,-0.18748566293430668,0.0032773637206602035,False,False,False,False,True
book_to_market,all_seven_families_joint__minus__book_to_market,market_plus_fedfunds_innovation,60,504,-0.6864647345242658,0.6002330258351217,0.23410831194976087,-0.6984645567038997,0.6012277352967575,inventory_growth__decile_10,inventory_growth,decile_10,0.41092621682725206,0.41092621682725206,-0.2820863563433805,-0.2870173978742572,0.004931041530876701,-0.1907630266549669,-0.18748566293430668,0.0032773637206602035,False,False,False,False,True
book_to_market,all_seven_families_joint__minus__book_to_market,market_plus_fedfunds_innovation,60,504,-0.6864647345242658,0.6002330258351217,0.23410831194976087,-0.6984645567038997,0.6012277352967575,investment_to_assets__decile_01,investment_to_assets,decile_01,-0.12781201524500202,-0.12781201524500202,0.08773844111417173,0.08927216256953241,-0.0015337214553606815,-0.3283480827585187,-0.32270696816178146,0.005641114596737218,True,True,False,False,True
book_to_market,all_seven_families_joint__minus__book_to_market,market_plus_fedfunds_innovation,60,504,-0.6864647345242658,0.6002330258351217,0.23410831194976087,-0.6984645567038997,0.6012277352967575,investment_to_assets__decile_02,investment_to_assets,decile_02,-0.36185415680021554,-0.36185415680021554,0.24840011768436202,0.25274230322092595,-0.004342185536563931,-0.3283480827585187,-0.32270696816178146,0.005641114596737218,True,True,False,False,True
book_to_market,all_seven_families_joint__minus__book_to_market,market_plus_fedfunds_innovation,60,504,-0.6864647345242658,0.6002330258351217,0.23410831194976087,-0.6984645567038997,0.6012277352967575,investment_to_assets__decile_03,investment_to_assets,decile_03,-0.1564290620165728,-0.1564290620165728,0.10738303452908657,0.10926015545701237,-0.0018771209279258017,-0.3283480827585187,-0.32270696816178146,0.005641114596737218,True,True,False,False,True
book_to_market,all_seven_families_joint__minus__book_to_market,market_plus_fedfunds_innovation,60,504,-0.6864647345242658,0.6002330258351217,0.23410831194976087,-0.6984645567038997,0.6012277352967575,investment_to_assets__decile_04,investment_to_assets,decile_04,-0.09139276548611619,-0.09139276548611619,0.06273791049686524,0.06383460743120362,-0.0010966969343383787,-0.3283480827585187,-0.32270696816178146,0.005641114596737218,True,True,False,False,True
book_to_market,all_seven_families_joint__minus__book_to_market,market_plus_fedfunds_innovation,60,504,-0.6864647345242658,0.6002330258351217,0.23410831194976087,-0.6984645567038997,0.6012277352967575,investment_to_assets__decile_05,investment_to_assets,decile_05,-0.31644218561958337,-0.31644218561958337,0.21722640094362575,0.22102365090119547,-0.0037972499575697205,-0.3283480827585187,-0.32270696816178146,0.005641114596737218,True,True,False,False,True
book_to_market,all_seven_families_joint__minus__book_to_market,market_plus_fedfunds_innovation,60,504,-0.6864647345242658,0.6002330258351217,0.23410831194976087,-0.6984645567038997,0.6012277352967575,investment_to_assets__decile_06,investment_to_assets,decile_06,-0.07848871708481683,-0.07848871708481683,0.053879736336779,0.05482158698490439,-0.0009418506481253947,-0.3283480827585187,-0.32270696816178146,0.005641114596737218,True,True,False,False,True
book_to_market,all_seven_families_joint__minus__book_to_market,market_plus_fedfunds_innovation,60,504,-0.6864647345242658,0.6002330258351217,0.23410831194976087,-0.6984645567038997,0.6012277352967575,investment_to_assets__decile_07,investment_to_assets,decile_07,-0.03280059936751034,-0.03280059936751034,0.022516454737054787,0.022910056096850324,-0.0003936013597955375,-0.3283480827585187,-0.32270696816178146,0.005641114596737218,True,True,False,False,True
book_to_market,all_seven_families_joint__minus__book_to_market,market_plus_fedfunds_innovation,60,504,-0.6864647345242658,0.6002330258351217,0.23410831194976087,-0.6984645567038997,0.6012277352967575,investment_to_assets__decile_08,investment_to_assets,decile_08,-0.01152425218175683,-0.01152425218175683,0.007910992714540394,0.008049281691474734,-0.00013828897693433928,-0.3283480827585187,-0.32270696816178146,0.005641114596737218,True,True,False,False,True
book_to_market,all_seven_families_joint__minus__book_to_market,market_plus_fedfunds_innovation,60,504,-0.6864647345242658,0.6002330258351217,0.23410831194976087,-0.6984645567038997,0.6012277352967575,investment_to_assets__decile_09,investment_to_assets,decile_09,0.22250219557384313,0.22250219557384313,-0.1527399106156645,-0.15540989739712874,0.0026699867814642397,-0.3283480827585187,-0.32270696816178146,0.005641114596737218,True,True,False,False,True
book_to_market,all_seven_families_joint__minus__book_to_market,market_plus_fedfunds_innovation,60,504,-0.6864647345242658,0.6002330258351217,0.23410831194976087,-0.6984645567038997,0.6012277352967575,investment_to_assets__decile_10,investment_to_assets,decile_10,0.34228783392703743,0.34228783392703743,-0.23496852704760973,-0.23907592018898624,0.004107393141376509,-0.3283480827585187,-0.32270696816178146,0.005641114596737218,True,True,False,False,True
book_to_market,all_seven_families_joint__minus__book_to_market,market_plus_fedfunds_innovation,60,504,-0.6864647345242658,0.6002330258351217,0.23410831194976087,-0.6984645567038997,0.6012277352967575,long_term_reversal__decile_01,long_term_reversal,decile_01,-0.10355707708580941,-0.10355707708580941,0.07108828142981909,0.07233094794029145,-0.0012426665104723622,-0.2991828713209408,-0.2940428234536793,0.005140047867261466,True,True,False,False,True
book_to_market,all_seven_families_joint__minus__book_to_market,market_plus_fedfunds_innovation,60,504,-0.6864647345242658,0.6002330258351217,0.23410831194976087,-0.6984645567038997,0.6012277352967575,long_term_reversal__decile_02,long_term_reversal,decile_02,-0.3720569019026301,-0.3720569019026301,0.25540394239250974,0.25986855905604683,-0.004464616663537091,-0.2991828713209408,-0.2940428234536793,0.005140047867261466,True,True,False,False,True
book_to_market,all_seven_families_joint__minus__book_to_market,market_plus_fedfunds_innovation,60,504,-0.6864647345242658,0.6002330258351217,0.23410831194976087,-0.6984645567038997,0.6012277352967575,long_term_reversal__decile_03,long_term_reversal,decile_03,-0.3712525888164007,-0.3712525888164007,0.2548518098232969,0.2593067748728225,-0.004454965049525583,-0.2991828713209408,-0.2940428234536793,0.005140047867261466,True,True,False,False,True
book_to_market,all_seven_families_joint__minus__book_to_market,market_plus_fedfunds_innovation,60,504,-0.6864647345242658,0.6002330258351217,0.23410831194976087,-0.6984645567038997,0.6012277352967575,long_term_reversal__decile_04,long_term_reversal,decile_04,-0.22846598513518937,-0.22846598513518937,0.15683384183365262,0.1595753930293698,-0.0027415511957171734,-0.2991828713209408,-0.2940428234536793,0.005140047867261466,True,True,False,False,True
book_to_market,all_seven_families_joint__minus__book_to_market,market_plus_fedfunds_innovation,60,504,-0.6864647345242658,0.6002330258351217,0.23410831194976087,-0.6984645567038997,0.6012277352967575,long_term_reversal__decile_05,long_term_reversal,decile_05,-0.15032059431658618,-0.15032059431658618,0.10318978687106518,0.10499360727280112,-0.0018038204017359338,-0.2991828713209408,-0.2940428234536793,0.005140047867261466,True,True,False,False,True
book_to_market,all_seven_families_joint__minus__book_to_market,market_plus_fedfunds_innovation,60,504,-0.6864647345242658,0.6002330258351217,0.23410831194976087,-0.6984645567038997,0.6012277352967575,long_term_reversal__decile_06,long_term_reversal,decile_06,-0.06017178443824575,-0.06017178443824575,0.04130580803025172,0.04202785874374193,-0.0007220507134902132,-0.2991828713209408,-0.2940428234536793,0.005140047867261466,True,True,False,False,True
book_to_market,all_seven_families_joint__minus__book_to_market,market_plus_fedfunds_innovation,60,504,-0.6864647345242658,0.6002330258351217,0.23410831194976087,-0.6984645567038997,0.6012277352967575,long_term_reversal__decile_07,long_term_reversal,decile_07,-0.07932642859369798,-0.07932642859369798,0.05445479574533101,0.05540669878260082,-0.0009519030372698092,-0.2991828713209408,-0.2940428234536793,0.005140047867261466,True,True,False,False,True
book_to_market,all_seven_families_joint__minus__book_to_market,market_plus_fedfunds_innovation,60,504,-0.6864647345242658,0.6002330258351217,0.23410831194976087,-0.6984645567038997,0.6012277352967575,long_term_reversal__decile_08,long_term_reversal,decile_08,-0.34249887285688146,-0.34249887285688146,0.2351133978305594,0.23922332340156702,-0.004109925571007617,-0.2991828713209408,-0.2940428234536793,0.005140047867261466,True,True,False,False,True
book_to_market,all_seven_families_joint__minus__book_to_market,market_plus_fedfunds_innovation,60,504,-0.6864647345242658,0.6002330258351217,0.23410831194976087,-0.6984645567038997,0.6012277352967575,long_term_reversal__decile_09,long_term_reversal,decile_09,0.04635485591806049,0.04635485591806049,-0.03182097386170198,-0.03237722388988126,0.0005562500281792795,-0.2991828713209408,-0.2940428234536793,0.005140047867261466,True,True,False,False,True
book_to_market,all_seven_families_joint__minus__book_to_market,market_plus_fedfunds_innovation,60,504,-0.6864647345242658,0.6002330258351217,0.23410831194976087,-0.6984645567038997,0.6012277352967575,long_term_reversal__decile_10,long_term_reversal,decile_10,0.3247865925383222,0.3247865925383222,-0.22295454202386025,-0.22685192338064933,0.003897381356789076,-0.2991828713209408,-0.2940428234536793,0.005140047867261466,True,True,False,False,True
book_to_market,all_seven_families_joint__minus__book_to_market,market_plus_fedfunds_innovation,60,504,-0.6864647345242658,0.6002330258351217,0.23410831194976087,-0.6984645567038997,0.6012277352967575,ppe_investment__decile_01,ppe_investment,decile_01,-0.19413695787508461,-0.19413695787508461,0.13326817524906853,0.13559778422206464,-0.002329608972996111,-0.2980806949629772,-0.29295958280287393,0.005121112160103247,True,True,False,False,True
book_to_market,all_seven_families_joint__minus__book_to_market,market_plus_fedfunds_innovation,60,504,-0.6864647345242658,0.6002330258351217,0.23410831194976087,-0.6984645567038997,0.6012277352967575,ppe_investment__decile_02,ppe_investment,decile_02,-0.12285492678161974,-0.12285492678161974,0.0843355746981427,0.0858098119734141,-0.0014742372752713923,-0.2980806949629772,-0.29295958280287393,0.005121112160103247,True,True,False,False,True
book_to_market,all_seven_families_joint__minus__book_to_market,market_plus_fedfunds_innovation,60,504,-0.6864647345242658,0.6002330258351217,0.23410831194976087,-0.6984645567038997,0.6012277352967575,ppe_investment__decile_03,ppe_investment,decile_03,-0.054084681728356565,-0.054084681728356565,0.0371272266844857,0.03777623324786807,-0.0006490065633823761,-0.2980806949629772,-0.29295958280287393,0.005121112160103247,True,True,False,False,True
book_to_market,all_seven_families_joint__minus__book_to_market,market_plus_fedfunds_innovation,60,504,-0.6864647345242658,0.6002330258351217,0.23410831194976087,-0.6984645567038997,0.6012277352967575,ppe_investment__decile_04,ppe_investment,decile_04,-0.28952482012626635,-0.28952482012626635,0.19874857878616325,0.20222282514426893,-0.0034742463581056704,-0.2980806949629772,-0.29295958280287393,0.005121112160103247,True,True,False,False,True
book_to_market,all_seven_families_joint__minus__book_to_market,market_plus_fedfunds_innovation,60,504,-0.6864647345242658,0.6002330258351217,0.23410831194976087,-0.6984645567038997,0.6012277352967575,ppe_investment__decile_05,ppe_investment,decile_05,0.07443733004356168,0.07443733004356168,-0.05109860200704872,-0.05199183673109818,0.000893234724049459,-0.2980806949629772,-0.29295958280287393,0.005121112160103247,True,True,False,False,True
book_to_market,all_seven_families_joint__minus__book_to_market,market_plus_fedfunds_innovation,60,504,-0.6864647345242658,0.6002330258351217,0.23410831194976087,-0.6984645567038997,0.6012277352967575,ppe_investment__decile_06,ppe_investment,decile_06,-0.16313908625298454,-0.16313908625298454,0.11198922953518634,0.1139468695607701,-0.001957640025583768,-0.2980806949629772,-0.29295958280287393,0.005121112160103247,True,True,False,False,True
book_to_market,all_seven_families_joint__minus__book_to_market,market_plus_fedfunds_innovation,60,504,-0.6864647345242658,0.6002330258351217,0.23410831194976087,-0.6984645567038997,0.6012277352967575,ppe_investment__decile_07,ppe_investment,decile_07,0.047641288964805344,0.047641288964805344,-0.032704064781618934,-0.03327575177760515,0.0005716869959862189,-0.2980806949629772,-0.29295958280287393,0.005121112160103247,True,True,False,False,True
book_to_market,all_seven_families_joint__minus__book_to_market,market_plus_fedfunds_innovation,60,504,-0.6864647345242658,0.6002330258351217,0.23410831194976087,-0.6984645567038997,0.6012277352967575,ppe_investment__decile_08,ppe_investment,decile_08,0.05574154109652549,0.05574154109652549,-0.038264602210799824,-0.03893349079197688,0.0006688885811770573,-0.2980806949629772,-0.29295958280287393,0.005121112160103247,True,True,False,False,True
book_to_market,all_seven_families_joint__minus__book_to_market,market_plus_fedfunds_innovation,60,504,-0.6864647345242658,0.6002330258351217,0.23410831194976087,-0.6984645567038997,0.6012277352967575,ppe_investment__decile_09,ppe_investment,decile_09,0.23459037826281948,0.23459037826281948,-0.16103802173613346,-0.16385306456034035,0.002815042824206887,-0.2980806949629772,-0.29295958280287393,0.005121112160103247,True,True,False,False,True
book_to_market,all_seven_families_joint__minus__book_to_market,market_plus_fedfunds_innovation,60,504,-0.6864647345242658,0.6002330258351217,0.23410831194976087,-0.6984645567038997,0.6012277352967575,ppe_investment__decile_10,ppe_investment,decile_10,0.23262871276916336,0.23262871276916336,-0.1596914075538054,-0.1624829107409125,0.0027915031871071083,-0.2980806949629772,-0.29295958280287393,0.005121112160103247,True,True,False,False,True
earnings_to_price,all_seven_families_joint__minus__earnings_to_price,market_plus_fedfunds_innovation,60,504,-0.6928076511633723,0.6021034544081997,0.23638508602998584,-0.6984645567038997,0.6012277352967575,book_to_market__decile_01,book_to_market,decile_01,0.2871017855470292,0.2871017855470292,-0.19890631368964753,-0.20053042137100383,0.0016241076813562905,0.5352663273572212,0.530931173878319,-0.004335153478902232,True,True,False,False,True
earnings_to_price,all_seven_families_joint__minus__earnings_to_price,market_plus_fedfunds_innovation,60,504,-0.6928076511633723,0.6021034544081997,0.23638508602998584,-0.6984645567038997,0.6012277352967575,book_to_market__decile_02,book_to_market,decile_02,0.075350099152168,0.075350099152168,-0.05220312520854072,-0.052629373601913915,0.00042624839337319226,0.5352663273572212,0.530931173878319,-0.004335153478902232,True,True,False,False,True
earnings_to_price,all_seven_families_joint__minus__earnings_to_price,market_plus_fedfunds_innovation,60,504,-0.6928076511633723,0.6021034544081997,0.23638508602998584,-0.6984645567038997,0.6012277352967575,book_to_market__decile_03,book_to_market,decile_03,-0.21008890642284012,-0.21008890642284012,0.14555120179428938,0.1467396548930361,-0.0011884530987467112,0.5352663273572212,0.530931173878319,-0.004335153478902232,True,True,False,False,True
earnings_to_price,all_seven_families_joint__minus__earnings_to_price,market_plus_fedfunds_innovation,60,504,-0.6928076511633723,0.6021034544081997,0.23638508602998584,-0.6984645567038997,0.6012277352967575,book_to_market__decile_04,book_to_market,decile_04,-0.08599743601653978,-0.08599743601653978,0.05957968165269132,0.06006616102496444,-0.00048647937227312005,0.5352663273572212,0.530931173878319,-0.004335153478902232,True,True,False,False,True
earnings_to_price,all_seven_families_joint__minus__earnings_to_price,market_plus_fedfunds_innovation,60,504,-0.6928076511633723,0.6021034544081997,0.23638508602998584,-0.6984645567038997,0.6012277352967575,book_to_market__decile_05,book_to_market,decile_05,0.02063896904613116,0.02063896904613116,-0.014298835667283676,-0.01441558836563151,0.0001167526983478339,0.5352663273572212,0.530931173878319,-0.004335153478902232,True,True,False,False,True
earnings_to_price,all_seven_families_joint__minus__earnings_to_price,market_plus_fedfunds_innovation,60,504,-0.6928076511633723,0.6021034544081997,0.23638508602998584,-0.6984645567038997,0.6012277352967575,book_to_market__decile_06,book_to_market,decile_06,0.0012498509568634047,0.0012498509568634047,-0.0008659063057288288,-0.0008729765945315429,7.0702888027141366e-06,0.5352663273572212,0.530931173878319,-0.004335153478902232,True,True,False,False,True
earnings_to_price,all_seven_families_joint__minus__earnings_to_price,market_plus_fedfunds_innovation,60,504,-0.6928076511633723,0.6021034544081997,0.23638508602998584,-0.6984645567038997,0.6012277352967575,book_to_market__decile_07,book_to_market,decile_07,-0.3917123701555003,-0.3917123701555003,0.27138132709906965,0.2735972069760954,-0.0022158798770257615,0.5352663273572212,0.530931173878319,-0.004335153478902232,True,True,False,False,True
earnings_to_price,all_seven_families_joint__minus__earnings_to_price,market_plus_fedfunds_innovation,60,504,-0.6928076511633723,0.6021034544081997,0.23638508602998584,-0.6984645567038997,0.6012277352967575,book_to_market__decile_08,book_to_market,decile_08,-0.16906107611414867,-0.16906107611414867,0.11712680704579544,0.1180831695839531,-0.0009563625381576596,0.5352663273572212,0.530931173878319,-0.004335153478902232,True,True,False,False,True
earnings_to_price,all_seven_families_joint__minus__earnings_to_price,market_plus_fedfunds_innovation,60,504,-0.6928076511633723,0.6021034544081997,0.23638508602998584,-0.6984645567038997,0.6012277352967575,book_to_market__decile_09,book_to_market,decile_09,-0.340993858428019,-0.340993858428019,0.23624315411865135,0.23817212416567862,-0.001928970047027273,0.5352663273572212,0.530931173878319,-0.004335153478902232,True,True,False,False,True
earnings_to_price,all_seven_families_joint__minus__earnings_to_price,market_plus_fedfunds_innovation,60,504,-0.6928076511633723,0.6021034544081997,0.23638508602998584,-0.6984645567038997,0.6012277352967575,book_to_market__decile_10,book_to_market,decile_10,-0.47924537154162583,-0.47924537154162583,0.33202486018867144,0.3347359059862174,-0.002711045797545941,0.5352663273572212,0.530931173878319,-0.004335153478902232,True,True,False,False,True
earnings_to_price,all_seven_families_joint__minus__earnings_to_price,market_plus_fedfunds_innovation,60,504,-0.6928076511633723,0.6021034544081997,0.23638508602998584,-0.6984645567038997,0.6012277352967575,equity_duration__decile_01,equity_duration,decile_01,-0.2757730743776661,-0.2757730743776661,0.19105769591369284,0.19261771814606815,-0.0015600222323753077,-0.46173860380246506,-0.4579989556828069,0.0037396481196581566,True,True,False,False,True
earnings_to_price,all_seven_families_joint__minus__earnings_to_price,market_plus_fedfunds_innovation,60,504,-0.6928076511633723,0.6021034544081997,0.23638508602998584,-0.6984645567038997,0.6012277352967575,equity_duration__decile_02,equity_duration,decile_02,-0.6212963812089413,-0.6212963812089413,0.43043888654166973,0.43395350148284023,-0.003514614941170502,-0.46173860380246506,-0.4579989556828069,0.0037396481196581566,True,True,False,False,True
earnings_to_price,all_seven_families_joint__minus__earnings_to_price,market_plus_fedfunds_innovation,60,504,-0.6928076511633723,0.6021034544081997,0.23638508602998584,-0.6984645567038997,0.6012277352967575,equity_duration__decile_03,equity_duration,decile_03,-0.21052604024417604,-0.21052604024417604,0.14585405145029318,0.14704497737377578,-0.0011909259234826053,-0.46173860380246506,-0.4579989556828069,0.0037396481196581566,True,True,False,False,True
earnings_to_price,all_seven_families_joint__minus__earnings_to_price,market_plus_fedfunds_innovation,60,504,-0.6928076511633723,0.6021034544081997,0.23638508602998584,-0.6984645567038997,0.6012277352967575,equity_duration__decile_04,equity_duration,decile_04,-0.2992811146997262,-0.2992811146997262,0.2073442461126731,0.20903725110859323,-0.001693004995920122,-0.46173860380246506,-0.4579989556828069,0.0037396481196581566,True,True,False,False,True
earnings_to_price,all_seven_families_joint__minus__earnings_to_price,market_plus_fedfunds_innovation,60,504,-0.6928076511633723,0.6021034544081997,0.23638508602998584,-0.6984645567038997,0.6012277352967575,equity_duration__decile_05,equity_duration,decile_05,-0.03468774751433397,-0.03468774751433397,0.024031936879553822,0.024228162190656075,-0.00019622531110225286,-0.46173860380246506,-0.4579989556828069,0.0037396481196581566,True,True,False,False,True
earnings_to_price,all_seven_families_joint__minus__earnings_to_price,market_plus_fedfunds_innovation,60,504,-0.6928076511633723,0.6021034544081997,0.23638508602998584,-0.6984645567038997,0.6012277352967575,equity_duration__decile_06,equity_duration,decile_06,-0.10222213829188435,-0.10222213829188435,0.07082027952689782,0.07139854050736574,-0.0005782609804679262,-0.46173860380246506,-0.4579989556828069,0.0037396481196581566,True,True,False,False,True
earnings_to_price,all_seven_families_joint__minus__earnings_to_price,market_plus_fedfunds_innovation,60,504,-0.6928076511633723,0.6021034544081997,0.23638508602998584,-0.6984645567038997,0.6012277352967575,equity_duration__decile_07,equity_duration,decile_07,-0.033996203455434026,-0.033996203455434026,0.023552829864431368,0.023745143176115313,-0.00019231331168394553,-0.46173860380246506,-0.4579989556828069,0.0037396481196581566,True,True,False,False,True
earnings_to_price,all_seven_families_joint__minus__earnings_to_price,market_plus_fedfunds_innovation,60,504,-0.6928076511633723,0.6021034544081997,0.23638508602998584,-0.6984645567038997,0.6012277352967575,equity_duration__decile_08,equity_duration,decile_08,-0.13137619779919033,-0.13137619779919033,0.09101843501603164,0.09176161775725532,-0.0007431827412236747,-0.46173860380246506,-0.4579989556828069,0.0037396481196581566,True,True,False,False,True
earnings_to_price,all_seven_families_joint__minus__earnings_to_price,market_plus_fedfunds_innovation,60,504,-0.6928076511633723,0.6021034544081997,0.23638508602998584,-0.6984645567038997,0.6012277352967575,equity_duration__decile_09,equity_duration,decile_09,0.1937273673461788,0.1937273673461788,-0.13421580233716993,-0.13531169975486232,0.001095897417692393,-0.46173860380246506,-0.4579989556828069,0.0037396481196581566,True,True,False,False,True
earnings_to_price,all_seven_families_joint__minus__earnings_to_price,market_plus_fedfunds_innovation,60,504,-0.6928076511633723,0.6021034544081997,0.23638508602998584,-0.6984645567038997,0.6012277352967575,equity_duration__decile_10,equity_duration,decile_10,0.3853035677664105,0.3853035677664105,-0.2669412597691141,-0.2691208856563969,0.002179625887282821,-0.46173860380246506,-0.4579989556828069,0.0037396481196581566,True,True,False,False,True
earnings_to_price,all_seven_families_joint__minus__earnings_to_price,market_plus_fedfunds_innovation,60,504,-0.6928076511633723,0.6021034544081997,0.23638508602998584,-0.6984645567038997,0.6012277352967575,inventory_growth__decile_01,inventory_growth,decile_01,0.1378085262815926,0.1378085262815926,-0.09547480140343602,-0.09625437121929029,0.0007795698158542669,-0.1907630266549669,-0.18921802567810314,0.0015450009768637474,False,False,False,False,True
earnings_to_price,all_seven_families_joint__minus__earnings_to_price,market_plus_fedfunds_innovation,60,504,-0.6928076511633723,0.6021034544081997,0.23638508602998584,-0.6984645567038997,0.6012277352967575,inventory_growth__decile_02,inventory_growth,decile_02,-0.03906799453335866,-0.03906799453335866,0.02706660552831968,0.027287609483052734,-0.0002210039547330539,-0.1907630266549669,-0.18921802567810314,0.0015450009768637474,False,False,False,False,True
earnings_to_price,all_seven_families_joint__minus__earnings_to_price,market_plus_fedfunds_innovation,60,504,-0.6928076511633723,0.6021034544081997,0.23638508602998584,-0.6984645567038997,0.6012277352967575,inventory_growth__decile_03,inventory_growth,decile_03,-0.0645053741149414,-0.0645053741149414,0.04468981672798714,0.04505471753621175,-0.00036490080822460663,-0.1907630266549669,-0.18921802567810314,0.0015450009768637474,False,False,False,False,True
earnings_to_price,all_seven_families_joint__minus__earnings_to_price,market_plus_fedfunds_innovation,60,504,-0.6928076511633723,0.6021034544081997,0.23638508602998584,-0.6984645567038997,0.6012277352967575,inventory_growth__decile_04,inventory_growth,decile_04,-0.2787481552267323,-0.2787481552267323,0.1931188546887555,0.1946957066724694,-0.0015768519837139061,-0.1907630266549669,-0.18921802567810314,0.0015450009768637474,False,False,False,False,True
earnings_to_price,all_seven_families_joint__minus__earnings_to_price,market_plus_fedfunds_innovation,60,504,-0.6928076511633723,0.6021034544081997,0.23638508602998584,-0.6984645567038997,0.6012277352967575,inventory_growth__decile_05,inventory_growth,decile_05,-0.41941719616829937,-0.41941719616829937,0.2905754425348868,0.29294804599568375,-0.0023726034607969293,-0.1907630266549669,-0.18921802567810314,0.0015450009768637474,False,False,False,False,True
earnings_to_price,all_seven_families_joint__minus__earnings_to_price,market_plus_fedfunds_innovation,60,504,-0.6928076511633723,0.6021034544081997,0.23638508602998584,-0.6984645567038997,0.6012277352967575,inventory_growth__decile_06,inventory_growth,decile_06,-0.16239124077594566,-0.16239124077594566,0.11250589409148856,0.11342452600116713,-0.0009186319096785717,-0.1907630266549669,-0.18921802567810314,0.0015450009768637474,False,False,False,False,True
earnings_to_price,all_seven_families_joint__minus__earnings_to_price,market_plus_fedfunds_innovation,60,504,-0.6928076511633723,0.6021034544081997,0.23638508602998584,-0.6984645567038997,0.6012277352967575,inventory_growth__decile_07,inventory_growth,decile_07,0.20886192148974358,0.20886192148974358,-0.14470113724477793,-0.14588264940565845,0.0011815121608805268,-0.1907630266549669,-0.18921802567810314,0.0015450009768637474,False,False,False,False,True
earnings_to_price,all_seven_families_joint__minus__earnings_to_price,market_plus_fedfunds_innovation,60,504,-0.6928076511633723,0.6021034544081997,0.23638508602998584,-0.6984645567038997,0.6012277352967575,inventory_growth__decile_08,inventory_growth,decile_08,-0.010938040972533189,-0.010938040972533189,0.007577958474509447,0.007639833939089486,-6.187546458003967e-05,-0.1907630266549669,-0.18921802567810314,0.0015450009768637474,False,False,False,False,True
earnings_to_price,all_seven_families_joint__minus__earnings_to_price,market_plus_fedfunds_innovation,60,504,-0.6928076511633723,0.6021034544081997,0.23638508602998584,-0.6984645567038997,0.6012277352967575,inventory_growth__decile_09,inventory_growth,decile_09,0.1661039221859966,0.1661039221859966,-0.11507806817870386,-0.11601770237642117,0.0009396341977173095,-0.1907630266549669,-0.18921802567810314,0.0015450009768637474,False,False,False,False,True
earnings_to_price,all_seven_families_joint__minus__earnings_to_price,market_plus_fedfunds_innovation,60,504,-0.6928076511633723,0.6021034544081997,0.23638508602998584,-0.6984645567038997,0.6012277352967575,inventory_growth__decile_10,inventory_growth,decile_10,0.41092621682725206,0.41092621682725206,-0.28469282708153915,-0.2870173978742572,0.002324570792718028,-0.1907630266549669,-0.18921802567810314,0.0015450009768637474,False,False,False,False,True
earnings_to_price,all_seven_families_joint__minus__earnings_to_price,market_plus_fedfunds_innovation,60,504,-0.6928076511633723,0.6021034544081997,0.23638508602998584,-0.6984645567038997,0.6012277352967575,investment_to_assets__decile_01,investment_to_assets,decile_01,-0.12781201524500202,-0.12781201524500202,0.08854914207234697,0.08927216256953241,-0.0007230204971854365,-0.3283480827585187,-0.3256887723171362,0.0026593104413824564,True,True,False,False,True
earnings_to_price,all_seven_families_joint__minus__earnings_to_price,market_plus_fedfunds_innovation,60,504,-0.6928076511633723,0.6021034544081997,0.23638508602998584,-0.6984645567038997,0.6012277352967575,investment_to_assets__decile_02,investment_to_assets,decile_02,-0.36185415680021554,-0.36185415680021554,0.25069532843646,0.25274230322092595,-0.0020469747844659714,-0.3283480827585187,-0.3256887723171362,0.0026593104413824564,True,True,False,False,True
earnings_to_price,all_seven_families_joint__minus__earnings_to_price,market_plus_fedfunds_innovation,60,504,-0.6928076511633723,0.6021034544081997,0.23638508602998584,-0.6984645567038997,0.6012277352967575,investment_to_assets__decile_03,investment_to_assets,decile_03,-0.1564290620165728,-0.1564290620165728,0.1083752510293913,0.10926015545701237,-0.0008849044276210694,-0.3283480827585187,-0.3256887723171362,0.0026593104413824564,True,True,False,False,True
earnings_to_price,all_seven_families_joint__minus__earnings_to_price,market_plus_fedfunds_innovation,60,504,-0.6928076511633723,0.6021034544081997,0.23638508602998584,-0.6984645567038997,0.6012277352967575,investment_to_assets__decile_04,investment_to_assets,decile_04,-0.09139276548611619,-0.09139276548611619,0.06331760718976108,0.06383460743120362,-0.0005170002414425362,-0.3283480827585187,-0.3256887723171362,0.0026593104413824564,True,True,False,False,True
earnings_to_price,all_seven_families_joint__minus__earnings_to_price,market_plus_fedfunds_innovation,60,504,-0.6928076511633723,0.6021034544081997,0.23638508602998584,-0.6984645567038997,0.6012277352967575,investment_to_assets__decile_05,investment_to_assets,decile_05,-0.31644218561958337,-0.31644218561958337,0.21923356734810742,0.22102365090119547,-0.0017900835530880455,-0.3283480827585187,-0.3256887723171362,0.0026593104413824564,True,True,False,False,True
earnings_to_price,all_seven_families_joint__minus__earnings_to_price,market_plus_fedfunds_innovation,60,504,-0.6928076511633723,0.6021034544081997,0.23638508602998584,-0.6984645567038997,0.6012277352967575,investment_to_assets__decile_06,investment_to_assets,decile_06,-0.07848871708481683,-0.07848871708481683,0.0543775837263584,0.05482158698490439,-0.0004440032585459955,-0.3283480827585187,-0.3256887723171362,0.0026593104413824564,True,True,False,False,True
earnings_to_price,all_seven_families_joint__minus__earnings_to_price,market_plus_fedfunds_innovation,60,504,-0.6928076511633723,0.6021034544081997,0.23638508602998584,-0.6984645567038997,0.6012277352967575,investment_to_assets__decile_07,investment_to_assets,decile_07,-0.03280059936751034,-0.03280059936751034,0.022724506204555635,0.022910056096850324,-0.00018554989229468966,-0.3283480827585187,-0.3256887723171362,0.0026593104413824564,True,True,False,False,True
earnings_to_price,all_seven_families_joint__minus__earnings_to_price,market_plus_fedfunds_innovation,60,504,-0.6928076511633723,0.6021034544081997,0.23638508602998584,-0.6984645567038997,0.6012277352967575,investment_to_assets__decile_08,investment_to_assets,decile_08,-0.01152425218175683,-0.01152425218175683,0.007984090085457318,0.008049281691474734,-6.519160601741597e-05,-0.3283480827585187,-0.3256887723171362,0.0026593104413824564,True,True,False,False,True
earnings_to_price,all_seven_families_joint__minus__earnings_to_price,market_plus_fedfunds_innovation,60,504,-0.6928076511633723,0.6021034544081997,0.23638508602998584,-0.6984645567038997,0.6012277352967575,investment_to_assets__decile_09,investment_to_assets,decile_09,0.22250219557384313,0.22250219557384313,-0.15415122349420754,-0.15540989739712874,0.001258673902921198,-0.3283480827585187,-0.3256887723171362,0.0026593104413824564,True,True,False,False,True
earnings_to_price,all_seven_families_joint__minus__earnings_to_price,market_plus_fedfunds_innovation,60,504,-0.6928076511633723,0.6021034544081997,0.23638508602998584,-0.6984645567038997,0.6012277352967575,investment_to_assets__decile_10,investment_to_assets,decile_10,0.34228783392703743,0.34228783392703743,-0.23713963024478926,-0.23907592018898624,0.0019362899441969783,-0.3283480827585187,-0.3256887723171362,0.0026593104413824564,True,True,False,False,True
earnings_to_price,all_seven_families_joint__minus__earnings_to_price,market_plus_fedfunds_innovation,60,504,-0.6928076511633723,0.6021034544081997,0.23638508602998584,-0.6984645567038997,0.6012277352967575,long_term_reversal__decile_01,long_term_reversal,decile_01,-0.10355707708580941,-0.10355707708580941,0.0717451353371639,0.07233094794029145,-0.0005858126031275529,-0.2991828713209408,-0.29675977164299416,0.0024230996779466274,True,True,False,False,True
earnings_to_price,all_seven_families_joint__minus__earnings_to_price,market_plus_fedfunds_innovation,60,504,-0.6928076511633723,0.6021034544081997,0.23638508602998584,-0.6984645567038997,0.6012277352967575,long_term_reversal__decile_02,long_term_reversal,decile_02,-0.3720569019026301,-0.3720569019026301,0.25776386830628234,0.25986855905604683,-0.002104690749764493,-0.2991828713209408,-0.29675977164299416,0.0024230996779466274,True,True,False,False,True
earnings_to_price,all_seven_families_joint__minus__earnings_to_price,market_plus_fedfunds_innovation,60,504,-0.6928076511633723,0.6021034544081997,0.23638508602998584,-0.6984645567038997,0.6012277352967575,long_term_reversal__decile_03,long_term_reversal,decile_03,-0.3712525888164007,-0.3712525888164007,0.25720663404621186,0.2593067748728225,-0.0021001408266106414,-0.2991828713209408,-0.29675977164299416,0.0024230996779466274,True,True,False,False,True
earnings_to_price,all_seven_families_joint__minus__earnings_to_price,market_plus_fedfunds_innovation,60,504,-0.6928076511633723,0.6021034544081997,0.23638508602998584,-0.6984645567038997,0.6012277352967575,long_term_reversal__decile_04,long_term_reversal,decile_04,-0.22846598513518937,-0.22846598513518937,0.15828298253223647,0.1595753930293698,-0.0012924104971333283,-0.2991828713209408,-0.29675977164299416,0.0024230996779466274,True,True,False,False,True
earnings_to_price,all_seven_families_joint__minus__earnings_to_price,market_plus_fedfunds_innovation,60,504,-0.6928076511633723,0.6021034544081997,0.23638508602998584,-0.6984645567038997,0.6012277352967575,long_term_reversal__decile_05,long_term_reversal,decile_05,-0.15032059431658618,-0.15032059431658618,0.10414325786995624,0.10499360727280112,-0.0008503494028448827,-0.2991828713209408,-0.29675977164299416,0.0024230996779466274,True,True,False,False,True
earnings_to_price,all_seven_families_joint__minus__earnings_to_price,market_plus_fedfunds_innovation,60,504,-0.6928076511633723,0.6021034544081997,0.23638508602998584,-0.6984645567038997,0.6012277352967575,long_term_reversal__decile_06,long_term_reversal,decile_06,-0.06017178443824575,-0.06017178443824575,0.0416874726429698,0.04202785874374193,-0.00034038610077213177,-0.2991828713209408,-0.29675977164299416,0.0024230996779466274,True,True,False,False,True
earnings_to_price,all_seven_families_joint__minus__earnings_to_price,market_plus_fedfunds_innovation,60,504,-0.6928076511633723,0.6021034544081997,0.23638508602998584,-0.6984645567038997,0.6012277352967575,long_term_reversal__decile_07,long_term_reversal,decile_07,-0.07932642859369798,-0.07932642859369798,0.054957956669178874,0.05540669878260082,-0.0004487421134219474,-0.2991828713209408,-0.29675977164299416,0.0024230996779466274,True,True,False,False,True
earnings_to_price,all_seven_families_joint__minus__earnings_to_price,market_plus_fedfunds_innovation,60,504,-0.6928076511633723,0.6021034544081997,0.23638508602998584,-0.6984645567038997,0.6012277352967575,long_term_reversal__decile_08,long_term_reversal,decile_08,-0.34249887285688146,-0.34249887285688146,0.23728583963007854,0.23922332340156702,-0.001937483771488474,-0.2991828713209408,-0.29675977164299416,0.0024230996779466274,True,True,False,False,True
earnings_to_price,all_seven_families_joint__minus__earnings_to_price,market_plus_fedfunds_innovation,60,504,-0.6928076511633723,0.6021034544081997,0.23638508602998584,-0.6984645567038997,0.6012277352967575,long_term_reversal__decile_09,long_term_reversal,decile_09,0.04635485591806049,0.04635485591806049,-0.03211499884860804,-0.03237722388988126,0.00026222504127322577,-0.2991828713209408,-0.29675977164299416,0.0024230996779466274,True,True,False,False,True
earnings_to_price,all_seven_families_joint__minus__earnings_to_price,market_plus_fedfunds_innovation,60,504,-0.6928076511633723,0.6021034544081997,0.23638508602998584,-0.6984645567038997,0.6012277352967575,long_term_reversal__decile_10,long_term_reversal,decile_10,0.3247865925383222,0.3247865925383222,-0.22501463630583027,-0.22685192338064933,0.0018372870748190606,-0.2991828713209408,-0.29675977164299416,0.0024230996779466274,True,True,False,False,True
earnings_to_price,all_seven_families_joint__minus__earnings_to_price,market_plus_fedfunds_innovation,60,504,-0.6928076511633723,0.6021034544081997,0.23638508602998584,-0.6984645567038997,0.6012277352967575,ppe_investment__decile_01,ppe_investment,decile_01,-0.19413695787508461,-0.19413695787508461,0.13449956978943992,0.13559778422206464,-0.0010982144326247278,-0.2980806949629772,-0.2956665218762028,0.002414173086774385,True,True,False,False,True
earnings_to_price,all_seven_families_joint__minus__earnings_to_price,market_plus_fedfunds_innovation,60,504,-0.6928076511633723,0.6021034544081997,0.23638508602998584,-0.6984645567038997,0.6012277352967575,ppe_investment__decile_02,ppe_investment,decile_02,-0.12285492678161974,-0.12285492678161974,0.08511483325742206,0.0858098119734141,-0.0006949787159920423,-0.2980806949629772,-0.2956665218762028,0.002414173086774385,True,True,False,False,True
earnings_to_price,all_seven_families_joint__minus__earnings_to_price,market_plus_fedfunds_innovation,60,504,-0.6928076511633723,0.6021034544081997,0.23638508602998584,-0.6984645567038997,0.6012277352967575,ppe_investment__decile_03,ppe_investment,decile_03,-0.054084681728356565,-0.054084681728356565,0.03747028131214127,0.03777623324786807,-0.00030595193572680035,-0.2980806949629772,-0.2956665218762028,0.002414173086774385,True,True,False,False,True
earnings_to_price,all_seven_families_joint__minus__earnings_to_price,market_plus_fedfunds_innovation,60,504,-0.6928076511633723,0.6021034544081997,0.23638508602998584,-0.6984645567038997,0.6012277352967575,ppe_investment__decile_04,ppe_investment,decile_04,-0.28952482012626635,-0.28952482012626635,0.20058501058517644,0.20222282514426893,-0.001637814559092482,-0.2980806949629772,-0.2956665218762028,0.002414173086774385,True,True,False,False,True
earnings_to_price,all_seven_families_joint__minus__earnings_to_price,market_plus_fedfunds_innovation,60,504,-0.6928076511633723,0.6021034544081997,0.23638508602998584,-0.6984645567038997,0.6012277352967575,ppe_investment__decile_05,ppe_investment,decile_05,0.07443733004356168,0.07443733004356168,-0.05157075178635269,-0.05199183673109818,0.0004210849447454923,-0.2980806949629772,-0.2956665218762028,0.002414173086774385,True,True,False,False,True
earnings_to_price,all_seven_families_joint__minus__earnings_to_price,market_plus_fedfunds_innovation,60,504,-0.6928076511633723,0.6021034544081997,0.23638508602998584,-0.6984645567038997,0.6012277352967575,ppe_investment__decile_06,ppe_investment,decile_06,-0.16313908625298454,-0.16313908625298454,0.11302400715986902,0.1139468695607701,-0.0009228624009010866,-0.2980806949629772,-0.2956665218762028,0.002414173086774385,True,True,False,False,True
earnings_to_price,all_seven_families_joint__minus__earnings_to_price,market_plus_fedfunds_innovation,60,504,-0.6928076511633723,0.6021034544081997,0.23638508602998584,-0.6984645567038997,0.6012277352967575,ppe_investment__decile_07,ppe_investment,decile_07,0.047641288964805344,0.047641288964805344,-0.03300624950610228,-0.03327575177760515,0.0002695022715028736,-0.2980806949629772,-0.2956665218762028,0.002414173086774385,True,True,False,False,True
earnings_to_price,all_seven_families_joint__minus__earnings_to_price,market_plus_fedfunds_innovation,60,504,-0.6928076511633723,0.6021034544081997,0.23638508602998584,-0.6984645567038997,0.6012277352967575,ppe_investment__decile_08,ppe_investment,decile_08,0.05574154109652549,0.05574154109652549,-0.03861816615931041,-0.03893349079197688,0.00031532463266647354,-0.2980806949629772,-0.2956665218762028,0.002414173086774385,True,True,False,False,True
earnings_to_price,all_seven_families_joint__minus__earnings_to_price,market_plus_fedfunds_innovation,60,504,-0.6928076511633723,0.6021034544081997,0.23638508602998584,-0.6984645567038997,0.6012277352967575,ppe_investment__decile_09,ppe_investment,decile_09,0.23459037826281948,0.23459037826281948,-0.162526008949791,-0.16385306456034035,0.0013270556105493547,-0.2980806949629772,-0.2956665218762028,0.002414173086774385,True,True,False,False,True
earnings_to_price,all_seven_families_joint__minus__earnings_to_price,market_plus_fedfunds_innovation,60,504,-0.6928076511633723,0.6021034544081997,0.23638508602998584,-0.6984645567038997,0.6012277352967575,ppe_investment__decile_10,ppe_investment,decile_10,0.23262871276916336,0.23262871276916336,-0.16116695208676285,-0.1624829107409125,0.001315958654149657,-0.2980806949629772,-0.2956665218762028,0.002414173086774385,True,True,False,False,True
equity_duration,all_seven_families_joint__minus__equity_duration,market_plus_fedfunds_innovation,60,504,-0.6776915901403953,0.5994367474000474,0.24054374407107282,-0.6984645567038997,0.6012277352967575,book_to_market__decile_01,book_to_market,decile_01,0.2871017855470292,0.2871017855470292,-0.19456646557951296,-0.20053042137100383,0.005963955791490866,0.5352663273572212,0.5193470234869819,-0.01591930387023932,True,True,False,False,True
equity_duration,all_seven_families_joint__minus__equity_duration,market_plus_fedfunds_innovation,60,504,-0.6776915901403953,0.5994367474000474,0.24054374407107282,-0.6984645567038997,0.6012277352967575,book_to_market__decile_02,book_to_market,decile_02,0.075350099152168,0.075350099152168,-0.051064128511669186,-0.052629373601913915,0.0015652450902447282,0.5352663273572212,0.5193470234869819,-0.01591930387023932,True,True,False,False,True
equity_duration,all_seven_families_joint__minus__equity_duration,market_plus_fedfunds_innovation,60,504,-0.6776915901403953,0.5994367474000474,0.24054374407107282,-0.6984645567038997,0.6012277352967575,book_to_market__decile_03,book_to_market,decile_03,-0.21008890642284012,-0.21008890642284012,0.14237548506455122,0.1467396548930361,-0.004364169828484865,0.5352663273572212,0.5193470234869819,-0.01591930387023932,True,True,False,False,True
equity_duration,all_seven_families_joint__minus__equity_duration,market_plus_fedfunds_innovation,60,504,-0.6776915901403953,0.5994367474000474,0.24054374407107282,-0.6984645567038997,0.6012277352967575,book_to_market__decile_04,book_to_market,decile_04,-0.08599743601653978,-0.08599743601653978,0.05827973916204574,0.06006616102496444,-0.0017864218629186981,0.5352663273572212,0.5193470234869819,-0.01591930387023932,True,True,False,False,True
equity_duration,all_seven_families_joint__minus__equity_duration,market_plus_fedfunds_innovation,60,504,-0.6776915901403953,0.5994367474000474,0.24054374407107282,-0.6984645567038997,0.6012277352967575,book_to_market__decile_05,book_to_market,decile_05,0.02063896904613116,0.02063896904613116,-0.013986855751731024,-0.01441558836563151,0.0004287326139004854,0.5352663273572212,0.5193470234869819,-0.01591930387023932,True,True,False,False,True
equity_duration,all_seven_families_joint__minus__equity_duration,market_plus_fedfunds_innovation,60,504,-0.6776915901403953,0.5994367474000474,0.24054374407107282,-0.6984645567038997,0.6012277352967575,book_to_market__decile_06,book_to_market,decile_06,0.0012498509568634047,0.0012498509568634047,-0.0008470134823952553,-0.0008729765945315429,2.596311213628761e-05,0.5352663273572212,0.5193470234869819,-0.01591930387023932,True,True,False,False,True
equity_duration,all_seven_families_joint__minus__equity_duration,market_plus_fedfunds_innovation,60,504,-0.6776915901403953,0.5994367474000474,0.24054374407107282,-0.6984645567038997,0.6012277352967575,book_to_market__decile_07,book_to_market,decile_07,-0.3917123701555003,-0.3917123701555003,0.2654601790083441,0.2735972069760954,-0.008137027967751287,0.5352663273572212,0.5193470234869819,-0.01591930387023932,True,True,False,False,True
equity_duration,all_seven_families_joint__minus__equity_duration,market_plus_fedfunds_innovation,60,504,-0.6776915901403953,0.5994367474000474,0.24054374407107282,-0.6984645567038997,0.6012277352967575,book_to_market__decile_08,book_to_market,decile_08,-0.16906107611414867,-0.16906107611414867,0.1145712695026438,0.1180831695839531,-0.003511900081309291,0.5352663273572212,0.5193470234869819,-0.01591930387023932,True,True,False,False,True
equity_duration,all_seven_families_joint__minus__equity_duration,market_plus_fedfunds_innovation,60,504,-0.6776915901403953,0.5994367474000474,0.24054374407107282,-0.6984645567038997,0.6012277352967575,book_to_market__decile_09,book_to_market,decile_09,-0.340993858428019,-0.340993858428019,0.23108867014619303,0.23817212416567862,-0.007083454019485597,0.5352663273572212,0.5193470234869819,-0.01591930387023932,True,True,False,False,True
equity_duration,all_seven_families_joint__minus__equity_duration,market_plus_fedfunds_innovation,60,504,-0.6776915901403953,0.5994367474000474,0.24054374407107282,-0.6984645567038997,0.6012277352967575,book_to_market__decile_10,book_to_market,decile_10,-0.47924537154162583,-0.47924537154162583,0.32478055790746896,0.3347359059862174,-0.009955348078748427,0.5352663273572212,0.5193470234869819,-0.01591930387023932,True,True,False,False,True
equity_duration,all_seven_families_joint__minus__equity_duration,market_plus_fedfunds_innovation,60,504,-0.6776915901403953,0.5994367474000474,0.24054374407107282,-0.6984645567038997,0.6012277352967575,earnings_to_price__decile_01,earnings_to_price,decile_01,0.3674037770031306,0.3674037770031306,-0.24898644986083876,-0.25661851623583004,0.007632066374991281,0.40711206367007624,0.39500418331301623,-0.012107880357060008,True,True,False,False,True
equity_duration,all_seven_families_joint__minus__equity_duration,market_plus_fedfunds_innovation,60,504,-0.6776915901403953,0.5994367474000474,0.24054374407107282,-0.6984645567038997,0.6012277352967575,earnings_to_price__decile_02,earnings_to_price,decile_02,0.21515810939249336,0.21515810939249336,-0.14581084128579994,-0.15028031349807705,0.004469472212277115,0.40711206367007624,0.39500418331301623,-0.012107880357060008,True,True,False,False,True
equity_duration,all_seven_families_joint__minus__equity_duration,market_plus_fedfunds_innovation,60,504,-0.6776915901403953,0.5994367474000474,0.24054374407107282,-0.6984645567038997,0.6012277352967575,earnings_to_price__decile_03,earnings_to_price,decile_03,-0.11713719354840524,-0.11713719354840524,0.07938289096040199,0.08181617796532577,-0.002433287004923776,0.40711206367007624,0.39500418331301623,-0.012107880357060008,True,True,False,False,True
equity_duration,all_seven_families_joint__minus__equity_duration,market_plus_fedfunds_innovation,60,504,-0.6776915901403953,0.5994367474000474,0.24054374407107282,-0.6984645567038997,0.6012277352967575,earnings_to_price__decile_04,earnings_to_price,decile_04,-0.05449604576900344,-0.05449604576900344,0.0369315119135597,0.03806355645016242,-0.0011320445366027193,0.40711206367007624,0.39500418331301623,-0.012107880357060008,True,True,False,False,True
equity_duration,all_seven_families_joint__minus__equity_duration,market_plus_fedfunds_innovation,60,504,-0.6776915901403953,0.5994367474000474,0.24054374407107282,-0.6984645567038997,0.6012277352967575,earnings_to_price__decile_05,earnings_to_price,decile_05,-0.17985100381793068,-0.17985100381793068,0.12188351276571974,0.12561955165444233,-0.0037360388887225926,0.40711206367007624,0.39500418331301623,-0.012107880357060008,True,True,False,False,True
equity_duration,all_seven_families_joint__minus__equity_duration,market_plus_fedfunds_innovation,60,504,-0.6776915901403953,0.5994367474000474,0.24054374407107282,-0.6984645567038997,0.6012277352967575,earnings_to_price__decile_06,earnings_to_price,decile_06,-0.24684352196199272,-0.24684352196199272,0.16728377891427842,0.17241145114241258,-0.00512767222813415,0.40711206367007624,0.39500418331301623,-0.012107880357060008,True,True,False,False,True
equity_duration,all_seven_families_joint__minus__equity_duration,market_plus_fedfunds_innovation,60,504,-0.6776915901403953,0.5994367474000474,0.24054374407107282,-0.6984645567038997,0.6012277352967575,earnings_to_price__decile_07,earnings_to_price,decile_07,-0.2028675136929416,-0.2028675136929416,0.137481607942398,0.14169576802116277,-0.004214160078764767,0.40711206367007624,0.39500418331301623,-0.012107880357060008,True,True,False,False,True
equity_duration,all_seven_families_joint__minus__equity_duration,market_plus_fedfunds_innovation,60,504,-0.6776915901403953,0.5994367474000474,0.24054374407107282,-0.6984645567038997,0.6012277352967575,earnings_to_price__decile_08,earnings_to_price,decile_08,-0.2763733051652346,-0.2763733051652346,0.18729586464978457,0.1930369580770272,-0.005741093427242633,0.40711206367007624,0.39500418331301623,-0.012107880357060008,True,True,False,False,True
equity_duration,all_seven_families_joint__minus__equity_duration,market_plus_fedfunds_innovation,60,504,-0.6776915901403953,0.5994367474000474,0.24054374407107282,-0.6984645567038997,0.6012277352967575,earnings_to_price__decile_09,earnings_to_price,decile_09,-0.53996682842143,-0.53996682842143,0.36593097857598483,0.3771476914481848,-0.011216712872199941,0.40711206367007624,0.39500418331301623,-0.012107880357060008,True,True,False,False,True
equity_duration,all_seven_families_joint__minus__equity_duration,market_plus_fedfunds_innovation,60,504,-0.6776915901403953,0.5994367474000474,0.24054374407107282,-0.6984645567038997,0.6012277352967575,earnings_to_price__decile_10,earnings_to_price,decile_10,-0.21546339895102934,-0.21546339895102934,0.14601773345217745,0.1504935474342462,-0.004475813982068755,0.40711206367007624,0.39500418331301623,-0.012107880357060008,True,True,False,False,True
equity_duration,all_seven_families_joint__minus__equity_duration,market_plus_fedfunds_innovation,60,504,-0.6776915901403953,0.5994367474000474,0.24054374407107282,-0.6984645567038997,0.6012277352967575,inventory_growth__decile_01,inventory_growth,decile_01,0.1378085262815926,0.1378085262815926,-0.09339167931067693,-0.09625437121929029,0.0028626919086133518,-0.1907630266549669,-0.18508956200136034,0.005673464653606547,False,False,False,False,True
equity_duration,all_seven_families_joint__minus__equity_duration,market_plus_fedfunds_innovation,60,504,-0.6776915901403953,0.5994367474000474,0.24054374407107282,-0.6984645567038997,0.6012277352967575,inventory_growth__decile_02,inventory_growth,decile_02,-0.03906799453335866,-0.03906799453335866,0.026476051338908096,0.027287609483052734,-0.0008115581441446376,-0.1907630266549669,-0.18508956200136034,0.005673464653606547,False,False,False,False,True
equity_duration,all_seven_families_joint__minus__equity_duration,market_plus_fedfunds_innovation,60,504,-0.6776915901403953,0.5994367474000474,0.24054374407107282,-0.6984645567038997,0.6012277352967575,inventory_growth__decile_03,inventory_growth,decile_03,-0.0645053741149414,-0.0645053741149414,0.04371474955655572,0.04505471753621175,-0.0013399679796560274,-0.1907630266549669,-0.18508956200136034,0.005673464653606547,False,False,False,False,True
equity_duration,all_seven_families_joint__minus__equity_duration,market_plus_fedfunds_innovation,60,504,-0.6776915901403953,0.5994367474000474,0.24054374407107282,-0.6984645567038997,0.6012277352967575,inventory_growth__decile_04,inventory_growth,decile_04,-0.2787481552267323,-0.2787481552267323,0.18890528056430594,0.1946957066724694,-0.005790426108163466,-0.1907630266549669,-0.18508956200136034,0.005673464653606547,False,False,False,False,True
equity_duration,all_seven_families_joint__minus__equity_duration,market_plus_fedfunds_innovation,60,504,-0.6776915901403953,0.5994367474000474,0.24054374407107282,-0.6984645567038997,0.6012277352967575,inventory_growth__decile_05,inventory_growth,decile_05,-0.41941719616829937,-0.41941719616829937,0.28423550660352087,0.29294804599568375,-0.008712539392162877,-0.1907630266549669,-0.18508956200136034,0.005673464653606547,False,False,False,False,True
equity_duration,all_seven_families_joint__minus__equity_duration,market_plus_fedfunds_innovation,60,504,-0.6776915901403953,0.5994367474000474,0.24054374407107282,-0.6984645567038997,0.6012277352967575,inventory_growth__decile_06,inventory_growth,decile_06,-0.16239124077594566,-0.16239124077594566,0.11005117818632242,0.11342452600116713,-0.0033733478148447182,-0.1907630266549669,-0.18508956200136034,0.005673464653606547,False,False,False,False,True
equity_duration,all_seven_families_joint__minus__equity_duration,market_plus_fedfunds_innovation,60,504,-0.6776915901403953,0.5994367474000474,0.24054374407107282,-0.6984645567038997,0.6012277352967575,inventory_growth__decile_07,inventory_growth,decile_07,0.20886192148974358,0.20886192148974358,-0.14154396769416272,-0.14588264940565845,0.004338681711495734,-0.1907630266549669,-0.18508956200136034,0.005673464653606547,False,False,False,False,True
equity_duration,all_seven_families_joint__minus__equity_duration,market_plus_fedfunds_innovation,60,504,-0.6776915901403953,0.5994367474000474,0.24054374407107282,-0.6984645567038997,0.6012277352967575,inventory_growth__decile_08,inventory_growth,decile_08,-0.010938040972533189,-0.010938040972533189,0.007412618379696812,0.007639833939089486,-0.0002272155593926739,-0.1907630266549669,-0.18508956200136034,0.005673464653606547,False,False,False,False,True
equity_duration,all_seven_families_joint__minus__equity_duration,market_plus_fedfunds_innovation,60,504,-0.6776915901403953,0.5994367474000474,0.24054374407107282,-0.6984645567038997,0.6012277352967575,inventory_growth__decile_09,inventory_growth,decile_09,0.1661039221859966,0.1661039221859966,-0.11256723115478451,-0.11601770237642117,0.003450471221636664,-0.1907630266549669,-0.18508956200136034,0.005673464653606547,False,False,False,False,True
equity_duration,all_seven_families_joint__minus__equity_duration,market_plus_fedfunds_innovation,60,504,-0.6776915901403953,0.5994367474000474,0.24054374407107282,-0.6984645567038997,0.6012277352967575,inventory_growth__decile_10,inventory_growth,decile_10,0.41092621682725206,0.41092621682725206,-0.2784812413120373,-0.2870173978742572,0.008536156562219899,-0.1907630266549669,-0.18508956200136034,0.005673464653606547,False,False,False,False,True
equity_duration,all_seven_families_joint__minus__equity_duration,market_plus_fedfunds_innovation,60,504,-0.6776915901403953,0.5994367474000474,0.24054374407107282,-0.6984645567038997,0.6012277352967575,investment_to_assets__decile_01,investment_to_assets,decile_01,-0.12781201524500202,-0.12781201524500202,0.08661712785043386,0.08927216256953241,-0.002655034719098545,-0.3283480827585187,-0.3185827143101594,0.00976536844835929,True,True,False,False,True
equity_duration,all_seven_families_joint__minus__equity_duration,market_plus_fedfunds_innovation,60,504,-0.6776915901403953,0.5994367474000474,0.24054374407107282,-0.6984645567038997,0.6012277352967575,investment_to_assets__decile_02,investment_to_assets,decile_02,-0.36185415680021554,-0.36185415680021554,0.24522551892084998,0.25274230322092595,-0.007516784300075963,-0.3283480827585187,-0.3185827143101594,0.00976536844835929,True,True,False,False,True
equity_duration,all_seven_families_joint__minus__equity_duration,market_plus_fedfunds_innovation,60,504,-0.6776915901403953,0.5994367474000474,0.24054374407107282,-0.6984645567038997,0.6012277352967575,investment_to_assets__decile_03,investment_to_assets,decile_03,-0.1564290620165728,-0.1564290620165728,0.10601065978218173,0.10926015545701237,-0.003249495674830641,-0.3283480827585187,-0.3185827143101594,0.00976536844835929,True,True,False,False,True
equity_duration,all_seven_families_joint__minus__equity_duration,market_plus_fedfunds_innovation,60,504,-0.6776915901403953,0.5994367474000474,0.24054374407107282,-0.6984645567038997,0.6012277352967575,investment_to_assets__decile_04,investment_to_assets,decile_04,-0.09139276548611619,-0.09139276548611619,0.06193610856961432,0.06383460743120362,-0.0018984988615892984,-0.3283480827585187,-0.3185827143101594,0.00976536844835929,True,True,False,False,True
equity_duration,all_seven_families_joint__minus__equity_duration,market_plus_fedfunds_innovation,60,504,-0.6776915901403953,0.5994367474000474,0.24054374407107282,-0.6984645567038997,0.6012277352967575,investment_to_assets__decile_05,investment_to_assets,decile_05,-0.31644218561958337,-0.31644218561958337,0.21445020796003758,0.22102365090119547,-0.0065734429411578865,-0.3283480827585187,-0.3185827143101594,0.00976536844835929,True,True,False,False,True
equity_duration,all_seven_families_joint__minus__equity_duration,market_plus_fedfunds_innovation,60,504,-0.6776915901403953,0.5994367474000474,0.24054374407107282,-0.6984645567038997,0.6012277352967575,investment_to_assets__decile_06,investment_to_assets,decile_06,-0.07848871708481683,-0.07848871708481683,0.053191143489289126,0.05482158698490439,-0.0016304434956152664,-0.3283480827585187,-0.3185827143101594,0.00976536844835929,True,True,False,False,True
equity_duration,all_seven_families_joint__minus__equity_duration,market_plus_fedfunds_innovation,60,504,-0.6776915901403953,0.5994367474000474,0.24054374407107282,-0.6984645567038997,0.6012277352967575,investment_to_assets__decile_07,investment_to_assets,decile_07,-0.03280059936751034,-0.03280059936751034,0.022228690342926127,0.022910056096850324,-0.0006813657539241971,-0.3283480827585187,-0.3185827143101594,0.00976536844835929,True,True,False,False,True
equity_duration,all_seven_families_joint__minus__equity_duration,market_plus_fedfunds_innovation,60,504,-0.6776915901403953,0.5994367474000474,0.24054374407107282,-0.6984645567038997,0.6012277352967575,investment_to_assets__decile_08,investment_to_assets,decile_08,-0.01152425218175683,-0.01152425218175683,0.007809888786233706,0.008049281691474734,-0.0002393929052410277,-0.3283480827585187,-0.3185827143101594,0.00976536844835929,True,True,False,False,True
equity_duration,all_seven_families_joint__minus__equity_duration,market_plus_fedfunds_innovation,60,504,-0.6776915901403953,0.5994367474000474,0.24054374407107282,-0.6984645567038997,0.6012277352967575,investment_to_assets__decile_09,investment_to_assets,decile_09,0.22250219557384313,0.22250219557384313,-0.15078786672816696,-0.15540989739712874,0.004622030668961774,-0.3283480827585187,-0.3185827143101594,0.00976536844835929,True,True,False,False,True
equity_duration,all_seven_families_joint__minus__equity_duration,market_plus_fedfunds_innovation,60,504,-0.6776915901403953,0.5994367474000474,0.24054374407107282,-0.6984645567038997,0.6012277352967575,investment_to_assets__decile_10,investment_to_assets,decile_10,0.34228783392703743,0.34228783392703743,-0.23196558645972554,-0.23907592018898624,0.007110333729260704,-0.3283480827585187,-0.3185827143101594,0.00976536844835929,True,True,False,False,True
equity_duration,all_seven_families_joint__minus__equity_duration,market_plus_fedfunds_innovation,60,504,-0.6776915901403953,0.5994367474000474,0.24054374407107282,-0.6984645567038997,0.6012277352967575,long_term_reversal__decile_01,long_term_reversal,decile_01,-0.10355707708580941,-0.10355707708580941,0.07017976024057367,0.07233094794029145,-0.0021511876997177826,-0.2991828713209408,-0.29028490259414985,0.008897968726790939,True,True,False,False,True
equity_duration,all_seven_families_joint__minus__equity_duration,market_plus_fedfunds_innovation,60,504,-0.6776915901403953,0.5994367474000474,0.24054374407107282,-0.6984645567038997,0.6012277352967575,long_term_reversal__decile_02,long_term_reversal,decile_02,-0.3720569019026301,-0.3720569019026301,0.2521398334731024,0.25986855905604683,-0.007728725582944407,-0.2991828713209408,-0.29028490259414985,0.008897968726790939,True,True,False,False,True
equity_duration,all_seven_families_joint__minus__equity_duration,market_plus_fedfunds_innovation,60,504,-0.6776915901403953,0.5994367474000474,0.24054374407107282,-0.6984645567038997,0.6012277352967575,long_term_reversal__decile_03,long_term_reversal,decile_03,-0.3712525888164007,-0.3712525888164007,0.25159475725872493,0.2593067748728225,-0.007712017614097566,-0.2991828713209408,-0.29028490259414985,0.008897968726790939,True,True,False,False,True
equity_duration,all_seven_families_joint__minus__equity_duration,market_plus_fedfunds_innovation,60,504,-0.6776915901403953,0.5994367474000474,0.24054374407107282,-0.6984645567038997,0.6012277352967575,long_term_reversal__decile_04,long_term_reversal,decile_04,-0.22846598513518937,-0.22846598513518937,0.1548294767592584,0.1595753930293698,-0.004745916270111394,-0.2991828713209408,-0.29028490259414985,0.008897968726790939,True,True,False,False,True
equity_duration,all_seven_families_joint__minus__equity_duration,market_plus_fedfunds_innovation,60,504,-0.6776915901403953,0.5994367474000474,0.24054374407107282,-0.6984645567038997,0.6012277352967575,long_term_reversal__decile_05,long_term_reversal,decile_05,-0.15032059431658618,-0.15032059431658618,0.10187100259325654,0.10499360727280112,-0.0031226046795445744,-0.2991828713209408,-0.29028490259414985,0.008897968726790939,True,True,False,False,True
equity_duration,all_seven_families_joint__minus__equity_duration,market_plus_fedfunds_innovation,60,504,-0.6776915901403953,0.5994367474000474,0.24054374407107282,-0.6984645567038997,0.6012277352967575,long_term_reversal__decile_06,long_term_reversal,decile_06,-0.06017178443824575,-0.06017178443824575,0.04077791227753985,0.04202785874374193,-0.0012499464662020787,-0.2991828713209408,-0.29028490259414985,0.008897968726790939,True,True,False,False,True
equity_duration,all_seven_families_joint__minus__equity_duration,market_plus_fedfunds_innovation,60,504,-0.6776915901403953,0.5994367474000474,0.24054374407107282,-0.6984645567038997,0.6012277352967575,long_term_reversal__decile_07,long_term_reversal,decile_07,-0.07932642859369798,-0.07932642859369798,0.053758853533821704,0.05540669878260082,-0.0016478452487791173,-0.2991828713209408,-0.29028490259414985,0.008897968726790939,True,True,False,False,True
equity_duration,all_seven_families_joint__minus__equity_duration,market_plus_fedfunds_innovation,60,504,-0.6776915901403953,0.5994367474000474,0.24054374407107282,-0.6984645567038997,0.6012277352967575,long_term_reversal__decile_08,long_term_reversal,decile_08,-0.34249887285688146,-0.34249887285688146,0.23210860576767306,0.23922332340156702,-0.007114717633893958,-0.2991828713209408,-0.29028490259414985,0.008897968726790939,True,True,False,False,True
equity_duration,all_seven_families_joint__minus__equity_duration,market_plus_fedfunds_innovation,60,504,-0.6776915901403953,0.5994367474000474,0.24054374407107282,-0.6984645567038997,0.6012277352967575,long_term_reversal__decile_09,long_term_reversal,decile_09,0.04635485591806049,0.04635485591806049,-0.03141429601783932,-0.03237722388988126,0.000962927872041941,-0.2991828713209408,-0.29028490259414985,0.008897968726790939,True,True,False,False,True
equity_duration,all_seven_families_joint__minus__equity_duration,market_plus_fedfunds_innovation,60,504,-0.6776915901403953,0.5994367474000474,0.24054374407107282,-0.6984645567038997,0.6012277352967575,long_term_reversal__decile_10,long_term_reversal,decile_10,0.3247865925383222,0.3247865925383222,-0.2201051423535762,-0.22685192338064933,0.006746781027073129,-0.2991828713209408,-0.29028490259414985,0.008897968726790939,True,True,False,False,True
equity_duration,all_seven_families_joint__minus__equity_duration,market_plus_fedfunds_innovation,60,504,-0.6776915901403953,0.5994367474000474,0.24054374407107282,-0.6984645567038997,0.6012277352967575,ppe_investment__decile_01,ppe_investment,decile_01,-0.19413695787508461,-0.19413695787508461,0.13156498368738503,0.13559778422206464,-0.004032800534679609,-0.2980806949629772,-0.28921550595623263,0.008865189006744545,True,True,False,False,True
equity_duration,all_seven_families_joint__minus__equity_duration,market_plus_fedfunds_innovation,60,504,-0.6776915901403953,0.5994367474000474,0.24054374407107282,-0.6984645567038997,0.6012277352967575,ppe_investment__decile_02,ppe_investment,decile_02,-0.12285492678161974,-0.12285492678161974,0.08325775068721772,0.0858098119734141,-0.0025520612861963804,-0.2980806949629772,-0.28921550595623263,0.008865189006744545,True,True,False,False,True
equity_duration,all_seven_families_joint__minus__equity_duration,market_plus_fedfunds_innovation,60,504,-0.6776915901403953,0.5994367474000474,0.24054374407107282,-0.6984645567038997,0.6012277352967575,ppe_investment__decile_03,ppe_investment,decile_03,-0.054084681728356565,-0.054084681728356565,0.03665273396272714,0.03777623324786807,-0.0011234992851409317,-0.2980806949629772,-0.28921550595623263,0.008865189006744545,True,True,False,False,True
equity_duration,all_seven_families_joint__minus__equity_duration,market_plus_fedfunds_innovation,60,504,-0.6776915901403953,0.5994367474000474,0.24054374407107282,-0.6984645567038997,0.6012277352967575,ppe_investment__decile_04,ppe_investment,decile_04,-0.28952482012626635,-0.28952482012626635,0.19620853573648137,0.20222282514426893,-0.00601428940778756,-0.2980806949629772,-0.28921550595623263,0.008865189006744545,True,True,False,False,True
equity_duration,all_seven_families_joint__minus__equity_duration,market_plus_fedfunds_innovation,60,504,-0.6776915901403953,0.5994367474000474,0.24054374407107282,-0.6984645567038997,0.6012277352967575,ppe_investment__decile_05,ppe_investment,decile_05,0.07443733004356168,0.07443733004356168,-0.050445552563026734,-0.05199183673109818,0.0015462841680714476,-0.2980806949629772,-0.28921550595623263,0.008865189006744545,True,True,False,False,True
equity_duration,all_seven_families_joint__minus__equity_duration,market_plus_fedfunds_innovation,60,504,-0.6776915901403953,0.5994367474000474,0.24054374407107282,-0.6984645567038997,0.6012277352967575,ppe_investment__decile_06,ppe_investment,decile_06,-0.16313908625298454,-0.16313908625298454,0.11055798677683619,0.1139468695607701,-0.0033888827839339136,-0.2980806949629772,-0.28921550595623263,0.008865189006744545,True,True,False,False,True
equity_duration,all_seven_families_joint__minus__equity_duration,market_plus_fedfunds_innovation,60,504,-0.6776915901403953,0.5994367474000474,0.24054374407107282,-0.6984645567038997,0.6012277352967575,ppe_investment__decile_07,ppe_investment,decile_07,0.047641288964805344,0.047641288964805344,-0.032286100874897,-0.03327575177760515,0.000989650902708153,-0.2980806949629772,-0.28921550595623263,0.008865189006744545,True,True,False,False,True
equity_duration,all_seven_families_joint__minus__equity_duration,market_plus_fedfunds_innovation,60,504,-0.6776915901403953,0.5994367474000474,0.24054374407107282,-0.6984645567038997,0.6012277352967575,ppe_investment__decile_08,ppe_investment,decile_08,0.05574154109652549,0.05574154109652549,-0.03777557362258055,-0.03893349079197688,0.0011579171693963317,-0.2980806949629772,-0.28921550595623263,0.008865189006744545,True,True,False,False,True
equity_duration,all_seven_families_joint__minus__equity_duration,market_plus_fedfunds_innovation,60,504,-0.6776915901403953,0.5994367474000474,0.24054374407107282,-0.6984645567038997,0.6012277352967575,ppe_investment__decile_09,ppe_investment,decile_09,0.23459037826281948,0.23459037826281948,-0.15897992647656695,-0.16385306456034035,0.004873138083773404,-0.2980806949629772,-0.28921550595623263,0.008865189006744545,True,True,False,False,True
equity_duration,all_seven_families_joint__minus__equity_duration,market_plus_fedfunds_innovation,60,504,-0.6776915901403953,0.5994367474000474,0.24054374407107282,-0.6984645567038997,0.6012277352967575,ppe_investment__decile_10,ppe_investment,decile_10,0.23262871276916336,0.23262871276916336,-0.1576505222688476,-0.1624829107409125,0.004832388472064908,-0.2980806949629772,-0.28921550595623263,0.008865189006744545,True,True,False,False,True
inventory_growth,all_seven_families_joint__minus__inventory_growth,market_plus_fedfunds_innovation,60,504,-0.7518501127295398,0.5948384694573848,0.27402250601198486,-0.6984645567038997,0.6012277352967575,book_to_market__decile_01,book_to_market,decile_01,0.2871017855470292,0.2871017855470292,-0.21585750982838608,-0.20053042137100383,-0.01532708845738226,0.5352663273572212,0.5761781964470677,0.04091186908984645,True,True,False,False,True
inventory_growth,all_seven_families_joint__minus__inventory_growth,market_plus_fedfunds_innovation,60,504,-0.7518501127295398,0.5948384694573848,0.27402250601198486,-0.6984645567038997,0.6012277352967575,book_to_market__decile_02,book_to_market,decile_02,0.075350099152168,0.075350099152168,-0.05665198054173952,-0.052629373601913915,-0.004022606939825604,0.5352663273572212,0.5761781964470677,0.04091186908984645,True,True,False,False,True
inventory_growth,all_seven_families_joint__minus__inventory_growth,market_plus_fedfunds_innovation,60,504,-0.7518501127295398,0.5948384694573848,0.27402250601198486,-0.6984645567038997,0.6012277352967575,book_to_market__decile_03,book_to_market,decile_03,-0.21008890642284012,-0.21008890642284012,0.15795536797723808,0.1467396548930361,0.011215713084201995,0.5352663273572212,0.5761781964470677,0.04091186908984645,True,True,False,False,True
inventory_growth,all_seven_families_joint__minus__inventory_growth,market_plus_fedfunds_innovation,60,504,-0.7518501127295398,0.5948384694573848,0.27402250601198486,-0.6984645567038997,0.6012277352967575,book_to_market__decile_04,book_to_market,decile_04,-0.08599743601653978,-0.08599743601653978,0.06465718196348683,0.06006616102496444,0.004591020938522386,0.5352663273572212,0.5761781964470677,0.04091186908984645,True,True,False,False,True
inventory_growth,all_seven_families_joint__minus__inventory_growth,market_plus_fedfunds_innovation,60,504,-0.7518501127295398,0.5948384694573848,0.27402250601198486,-0.6984645567038997,0.6012277352967575,book_to_market__decile_05,book_to_market,decile_05,0.02063896904613116,0.02063896904613116,-0.015517411203955197,-0.01441558836563151,-0.001101822838323687,0.5352663273572212,0.5761781964470677,0.04091186908984645,True,True,False,False,True
inventory_growth,all_seven_families_joint__minus__inventory_growth,market_plus_fedfunds_innovation,60,504,-0.7518501127295398,0.5948384694573848,0.27402250601198486,-0.6984645567038997,0.6012277352967575,book_to_market__decile_06,book_to_market,decile_06,0.0012498509568634047,0.0012498509568634047,-0.000939700582812874,-0.0008729765945315429,-6.67239882813311e-05,0.5352663273572212,0.5761781964470677,0.04091186908984645,True,True,False,False,True
inventory_growth,all_seven_families_joint__minus__inventory_growth,market_plus_fedfunds_innovation,60,504,-0.7518501127295398,0.5948384694573848,0.27402250601198486,-0.6984645567038997,0.6012277352967575,book_to_market__decile_07,book_to_market,decile_07,-0.3917123701555003,-0.3917123701555003,0.29450898965896816,0.2735972069760954,0.020911782682872748,0.5352663273572212,0.5761781964470677,0.04091186908984645,True,True,False,False,True
inventory_growth,all_seven_families_joint__minus__inventory_growth,market_plus_fedfunds_innovation,60,504,-0.7518501127295398,0.5948384694573848,0.27402250601198486,-0.6984645567038997,0.6012277352967575,book_to_market__decile_08,book_to_market,decile_08,-0.16906107611414867,-0.16906107611414867,0.1271085891346,0.1180831695839531,0.009025419550646896,0.5352663273572212,0.5761781964470677,0.04091186908984645,True,True,False,False,True
inventory_growth,all_seven_families_joint__minus__inventory_growth,market_plus_fedfunds_innovation,60,504,-0.7518501127295398,0.5948384694573848,0.27402250601198486,-0.6984645567038997,0.6012277352967575,book_to_market__decile_09,book_to_market,decile_09,-0.340993858428019,-0.340993858428019,0.2563762708991868,0.23817212416567862,0.018204146733508175,0.5352663273572212,0.5761781964470677,0.04091186908984645,True,True,False,False,True
inventory_growth,all_seven_families_joint__minus__inventory_growth,market_plus_fedfunds_innovation,60,504,-0.7518501127295398,0.5948384694573848,0.27402250601198486,-0.6984645567038997,0.6012277352967575,book_to_market__decile_10,book_to_market,decile_10,-0.47924537154162583,-0.47924537154162583,0.3603206866186816,0.3347359059862174,0.02558478063246422,0.5352663273572212,0.5761781964470677,0.04091186908984645,True,True,False,False,True
inventory_growth,all_seven_families_joint__minus__inventory_growth,market_plus_fedfunds_innovation,60,504,-0.7518501127295398,0.5948384694573848,0.27402250601198486,-0.6984645567038997,0.6012277352967575,earnings_to_price__decile_01,earnings_to_price,decile_01,0.3674037770031306,0.3674037770031306,-0.27623257115706246,-0.25661851623583004,-0.019614054921232416,0.40711206367007624,0.4382287519474837,0.031116688277407434,True,True,False,False,True
inventory_growth,all_seven_families_joint__minus__inventory_growth,market_plus_fedfunds_innovation,60,504,-0.7518501127295398,0.5948384694573848,0.27402250601198486,-0.6984645567038997,0.6012277352967575,earnings_to_price__decile_02,earnings_to_price,decile_02,0.21515810939249336,0.21515810939249336,-0.1617666488014208,-0.15028031349807705,-0.011486335303343753,0.40711206367007624,0.4382287519474837,0.031116688277407434,True,True,False,False,True
inventory_growth,all_seven_families_joint__minus__inventory_growth,market_plus_fedfunds_innovation,60,504,-0.7518501127295398,0.5948384694573848,0.27402250601198486,-0.6984645567038997,0.6012277352967575,earnings_to_price__decile_03,earnings_to_price,decile_03,-0.11713719354840524,-0.11713719354840524,0.0880696121741904,0.08181617796532577,0.006253434208864636,0.40711206367007624,0.4382287519474837,0.031116688277407434,True,True,False,False,True
inventory_growth,all_seven_families_joint__minus__inventory_growth,market_plus_fedfunds_innovation,60,504,-0.7518501127295398,0.5948384694573848,0.27402250601198486,-0.6984645567038997,0.6012277352967575,earnings_to_price__decile_04,earnings_to_price,decile_04,-0.05449604576900344,-0.05449604576900344,0.040972858154739396,0.03806355645016242,0.002909301704576976,0.40711206367007624,0.4382287519474837,0.031116688277407434,True,True,False,False,True
inventory_growth,all_seven_families_joint__minus__inventory_growth,market_plus_fedfunds_innovation,60,504,-0.7518501127295398,0.5948384694573848,0.27402250601198486,-0.6984645567038997,0.6012277352967575,earnings_to_price__decile_05,earnings_to_price,decile_05,-0.17985100381793068,-0.17985100381793068,0.13522099749503208,0.12561955165444233,0.00960144584058975,0.40711206367007624,0.4382287519474837,0.031116688277407434,True,True,False,False,True
inventory_growth,all_seven_families_joint__minus__inventory_growth,market_plus_fedfunds_innovation,60,504,-0.7518501127295398,0.5948384694573848,0.27402250601198486,-0.6984645567038997,0.6012277352967575,earnings_to_price__decile_06,earnings_to_price,decile_06,-0.24684352196199272,-0.24684352196199272,0.18558932981368087,0.17241145114241258,0.013177878671268295,0.40711206367007624,0.4382287519474837,0.031116688277407434,True,True,False,False,True
inventory_growth,all_seven_families_joint__minus__inventory_growth,market_plus_fedfunds_innovation,60,504,-0.7518501127295398,0.5948384694573848,0.27402250601198486,-0.6984645567038997,0.6012277352967575,earnings_to_price__decile_07,earnings_to_price,decile_07,-0.2028675136929416,-0.2028675136929416,0.1525259630391996,0.14169576802116277,0.010830195018036837,0.40711206367007624,0.4382287519474837,0.031116688277407434,True,True,False,False,True
inventory_growth,all_seven_families_joint__minus__inventory_growth,market_plus_fedfunds_innovation,60,504,-0.7518501127295398,0.5948384694573848,0.27402250601198486,-0.6984645567038997,0.6012277352967575,earnings_to_price__decile_08,earnings_to_price,decile_08,-0.2763733051652346,-0.2763733051652346,0.20779130064391715,0.1930369580770272,0.014754342566889955,0.40711206367007624,0.4382287519474837,0.031116688277407434,True,True,False,False,True
inventory_growth,all_seven_families_joint__minus__inventory_growth,market_plus_fedfunds_innovation,60,504,-0.7518501127295398,0.5948384694573848,0.27402250601198486,-0.6984645567038997,0.6012277352967575,earnings_to_price__decile_09,earnings_to_price,decile_09,-0.53996682842143,-0.53996682842143,0.4059741208188642,0.3771476914481848,0.02882642937067942,0.40711206367007624,0.4382287519474837,0.031116688277407434,True,True,False,False,True
inventory_growth,all_seven_families_joint__minus__inventory_growth,market_plus_fedfunds_innovation,60,504,-0.7518501127295398,0.5948384694573848,0.27402250601198486,-0.6984645567038997,0.6012277352967575,earnings_to_price__decile_10,earnings_to_price,decile_10,-0.21546339895102934,-0.21546339895102934,0.16199618079042122,0.1504935474342462,0.011502633356175018,0.40711206367007624,0.4382287519474837,0.031116688277407434,True,True,False,False,True
inventory_growth,all_seven_families_joint__minus__inventory_growth,market_plus_fedfunds_innovation,60,504,-0.7518501127295398,0.5948384694573848,0.27402250601198486,-0.6984645567038997,0.6012277352967575,equity_duration__decile_01,equity_duration,decile_01,-0.2757730743776661,-0.2757730743776661,0.20734001705862004,0.19261771814606815,0.01472229891255189,-0.46173860380246506,-0.4970305479188897,-0.03529194411642461,True,True,False,False,True
inventory_growth,all_seven_families_joint__minus__inventory_growth,market_plus_fedfunds_innovation,60,504,-0.7518501127295398,0.5948384694573848,0.27402250601198486,-0.6984645567038997,0.6012277352967575,equity_duration__decile_02,equity_duration,decile_02,-0.6212963812089413,-0.6212963812089413,0.46712175425039765,0.43395350148284023,0.033168252767557416,-0.46173860380246506,-0.4970305479188897,-0.03529194411642461,True,True,False,False,True
inventory_growth,all_seven_families_joint__minus__inventory_growth,market_plus_fedfunds_innovation,60,504,-0.7518501127295398,0.5948384694573848,0.27402250601198486,-0.6984645567038997,0.6012277352967575,equity_duration__decile_03,equity_duration,decile_03,-0.21052604024417604,-0.21052604024417604,0.1582840270900874,0.14704497737377578,0.011239049716311622,-0.46173860380246506,-0.4970305479188897,-0.03529194411642461,True,True,False,False,True
inventory_growth,all_seven_families_joint__minus__inventory_growth,market_plus_fedfunds_innovation,60,504,-0.7518501127295398,0.5948384694573848,0.27402250601198486,-0.6984645567038997,0.6012277352967575,equity_duration__decile_04,equity_duration,decile_04,-0.2992811146997262,-0.2992811146997262,0.22501453982481148,0.20903725110859323,0.015977288716218258,-0.46173860380246506,-0.4970305479188897,-0.03529194411642461,True,True,False,False,True
inventory_growth,all_seven_families_joint__minus__inventory_growth,market_plus_fedfunds_innovation,60,504,-0.7518501127295398,0.5948384694573848,0.27402250601198486,-0.6984645567038997,0.6012277352967575,equity_duration__decile_05,equity_duration,decile_05,-0.03468774751433397,-0.03468774751433397,0.02607998687898581,0.024228162190656075,0.0018518246883297354,-0.46173860380246506,-0.4970305479188897,-0.03529194411642461,True,True,False,False,True
inventory_growth,all_seven_families_joint__minus__inventory_growth,market_plus_fedfunds_innovation,60,504,-0.7518501127295398,0.5948384694573848,0.27402250601198486,-0.6984645567038997,0.6012277352967575,equity_duration__decile_06,equity_duration,decile_06,-0.10222213829188435,-0.10222213829188435,0.07685572619820787,0.07139854050736574,0.005457185690842123,-0.46173860380246506,-0.4970305479188897,-0.03529194411642461,True,True,False,False,True
inventory_growth,all_seven_families_joint__minus__inventory_growth,market_plus_fedfunds_innovation,60,504,-0.7518501127295398,0.5948384694573848,0.27402250601198486,-0.6984645567038997,0.6012277352967575,equity_duration__decile_07,equity_duration,decile_07,-0.033996203455434026,-0.033996203455434026,0.025560049400344443,0.023745143176115313,0.0018149062242291299,-0.46173860380246506,-0.4970305479188897,-0.03529194411642461,True,True,False,False,True
inventory_growth,all_seven_families_joint__minus__inventory_growth,market_plus_fedfunds_innovation,60,504,-0.7518501127295398,0.5948384694573848,0.27402250601198486,-0.6984645567038997,0.6012277352967575,equity_duration__decile_08,equity_duration,decile_08,-0.13137619779919033,-0.13137619779919033,0.09877520912529957,0.09176161775725532,0.007013591368044247,-0.46173860380246506,-0.4970305479188897,-0.03529194411642461,True,True,False,False,True
inventory_growth,all_seven_families_joint__minus__inventory_growth,market_plus_fedfunds_innovation,60,504,-0.7518501127295398,0.5948384694573848,0.27402250601198486,-0.6984645567038997,0.6012277352967575,equity_duration__decile_09,equity_duration,decile_09,0.1937273673461788,0.1937273673461788,-0.1456539429780215,-0.13531169975486232,-0.010342243223159187,-0.46173860380246506,-0.4970305479188897,-0.03529194411642461,True,True,False,False,True
inventory_growth,all_seven_families_joint__minus__inventory_growth,market_plus_fedfunds_innovation,60,504,-0.7518501127295398,0.5948384694573848,0.27402250601198486,-0.6984645567038997,0.6012277352967575,equity_duration__decile_10,equity_duration,decile_10,0.3853035677664105,0.3853035677664105,-0.28969053086026963,-0.2691208856563969,-0.020569645203872722,-0.46173860380246506,-0.4970305479188897,-0.03529194411642461,True,True,False,False,True
inventory_growth,all_seven_families_joint__minus__inventory_growth,market_plus_fedfunds_innovation,60,504,-0.7518501127295398,0.5948384694573848,0.27402250601198486,-0.6984645567038997,0.6012277352967575,investment_to_assets__decile_01,investment_to_assets,decile_01,-0.12781201524500202,-0.12781201524500202,0.09609547807014443,0.08927216256953241,0.0068233155006120205,-0.3283480827585187,-0.3534446245941375,-0.025096541835618824,True,True,False,False,True
inventory_growth,all_seven_families_joint__minus__inventory_growth,market_plus_fedfunds_innovation,60,504,-0.7518501127295398,0.5948384694573848,0.27402250601198486,-0.6984645567038997,0.6012277352967575,investment_to_assets__decile_02,investment_to_assets,decile_02,-0.36185415680021554,-0.36185415680021554,0.2720600885818946,0.25274230322092595,0.019317785360968676,-0.3283480827585187,-0.3534446245941375,-0.025096541835618824,True,True,False,False,True
inventory_growth,all_seven_families_joint__minus__inventory_growth,market_plus_fedfunds_innovation,60,504,-0.7518501127295398,0.5948384694573848,0.27402250601198486,-0.6984645567038997,0.6012277352967575,investment_to_assets__decile_03,investment_to_assets,decile_03,-0.1564290620165728,-0.1564290620165728,0.11761120791133645,0.10926015545701237,0.008351052454324076,-0.3283480827585187,-0.3534446245941375,-0.025096541835618824,True,True,False,False,True
inventory_growth,all_seven_families_joint__minus__inventory_growth,market_plus_fedfunds_innovation,60,504,-0.7518501127295398,0.5948384694573848,0.27402250601198486,-0.6984645567038997,0.6012277352967575,investment_to_assets__decile_04,investment_to_assets,decile_04,-0.09139276548611619,-0.09139276548611619,0.06871366103340086,0.06383460743120362,0.004879053602197245,-0.3283480827585187,-0.3534446245941375,-0.025096541835618824,True,True,False,False,True
inventory_growth,all_seven_families_joint__minus__inventory_growth,market_plus_fedfunds_innovation,60,504,-0.7518501127295398,0.5948384694573848,0.27402250601198486,-0.6984645567038997,0.6012277352967575,investment_to_assets__decile_05,investment_to_assets,decile_05,-0.31644218561958337,-0.31644218561958337,0.23791709293046573,0.22102365090119547,0.01689344202927026,-0.3283480827585187,-0.3534446245941375,-0.025096541835618824,True,True,False,False,True
inventory_growth,all_seven_families_joint__minus__inventory_growth,market_plus_fedfunds_innovation,60,504,-0.7518501127295398,0.5948384694573848,0.27402250601198486,-0.6984645567038997,0.6012277352967575,investment_to_assets__decile_06,investment_to_assets,decile_06,-0.07848871708481683,-0.07848871708481683,0.059011750788216494,0.05482158698490439,0.004190163803312101,-0.3283480827585187,-0.3534446245941375,-0.025096541835618824,True,True,False,False,True
inventory_growth,all_seven_families_joint__minus__inventory_growth,market_plus_fedfunds_innovation,60,504,-0.7518501127295398,0.5948384694573848,0.27402250601198486,-0.6984645567038997,0.6012277352967575,investment_to_assets__decile_07,investment_to_assets,decile_07,-0.03280059936751034,-0.03280059936751034,0.024661134332059124,0.022910056096850324,0.0017510782352088,-0.3283480827585187,-0.3534446245941375,-0.025096541835618824,True,True,False,False,True
inventory_growth,all_seven_families_joint__minus__inventory_growth,market_plus_fedfunds_innovation,60,504,-0.7518501127295398,0.5948384694573848,0.27402250601198486,-0.6984645567038997,0.6012277352967575,investment_to_assets__decile_08,investment_to_assets,decile_08,-0.01152425218175683,-0.01152425218175683,0.008664510301977518,0.008049281691474734,0.0006152286105027844,-0.3283480827585187,-0.3534446245941375,-0.025096541835618824,True,True,False,False,True
inventory_growth,all_seven_families_joint__minus__inventory_growth,market_plus_fedfunds_innovation,60,504,-0.7518501127295398,0.5948384694573848,0.27402250601198486,-0.6984645567038997,0.6012277352967575,investment_to_assets__decile_09,investment_to_assets,decile_09,0.22250219557384313,0.22250219557384313,-0.16728830082476406,-0.15540989739712874,-0.011878403427635326,-0.3283480827585187,-0.3534446245941375,-0.025096541835618824,True,True,False,False,True
inventory_growth,all_seven_families_joint__minus__inventory_growth,market_plus_fedfunds_innovation,60,504,-0.7518501127295398,0.5948384694573848,0.27402250601198486,-0.6984645567038997,0.6012277352967575,investment_to_assets__decile_10,investment_to_assets,decile_10,0.34228783392703743,0.34228783392703743,-0.2573491465239931,-0.23907592018898624,-0.01827322633500686,-0.3283480827585187,-0.3534446245941375,-0.025096541835618824,True,True,False,False,True
inventory_growth,all_seven_families_joint__minus__inventory_growth,market_plus_fedfunds_innovation,60,504,-0.7518501127295398,0.5948384694573848,0.27402250601198486,-0.6984645567038997,0.6012277352967575,long_term_reversal__decile_01,long_term_reversal,decile_01,-0.10355707708580941,-0.10355707708580941,0.07785940008090746,0.07233094794029145,0.005528452140616008,-0.2991828713209408,-0.3220502362938881,-0.022867364972947335,True,True,False,False,True
inventory_growth,all_seven_families_joint__minus__inventory_growth,market_plus_fedfunds_innovation,60,504,-0.7518501127295398,0.5948384694573848,0.27402250601198486,-0.6984645567038997,0.6012277352967575,long_term_reversal__decile_02,long_term_reversal,decile_02,-0.3720569019026301,-0.3720569019026301,0.27973102363729574,0.25986855905604683,0.019862464581248906,-0.2991828713209408,-0.3220502362938881,-0.022867364972947335,True,True,False,False,True
inventory_growth,all_seven_families_joint__minus__inventory_growth,market_plus_fedfunds_innovation,60,504,-0.7518501127295398,0.5948384694573848,0.27402250601198486,-0.6984645567038997,0.6012277352967575,long_term_reversal__decile_03,long_term_reversal,decile_03,-0.3712525888164007,-0.3712525888164007,0.27912630075274436,0.2593067748728225,0.019819525879921862,-0.2991828713209408,-0.3220502362938881,-0.022867364972947335,True,True,False,False,True
inventory_growth,all_seven_families_joint__minus__inventory_growth,market_plus_fedfunds_innovation,60,504,-0.7518501127295398,0.5948384694573848,0.27402250601198486,-0.6984645567038997,0.6012277352967575,long_term_reversal__decile_04,long_term_reversal,decile_04,-0.22846598513518937,-0.22846598513518937,0.1717721766787575,0.1595753930293698,0.012196783649387699,-0.2991828713209408,-0.3220502362938881,-0.022867364972947335,True,True,False,False,True
inventory_growth,all_seven_families_joint__minus__inventory_growth,market_plus_fedfunds_innovation,60,504,-0.7518501127295398,0.5948384694573848,0.27402250601198486,-0.6984645567038997,0.6012277352967575,long_term_reversal__decile_05,long_term_reversal,decile_05,-0.15032059431658618,-0.15032059431658618,0.11301855578249674,0.10499360727280112,0.008024948509695623,-0.2991828713209408,-0.3220502362938881,-0.022867364972947335,True,True,False,False,True
inventory_growth,all_seven_families_joint__minus__inventory_growth,market_plus_fedfunds_innovation,60,504,-0.7518501127295398,0.5948384694573848,0.27402250601198486,-0.6984645567038997,0.6012277352967575,long_term_reversal__decile_06,long_term_reversal,decile_06,-0.06017178443824575,-0.06017178443824575,0.045240162913032636,0.04202785874374193,0.0032123041692907056,-0.2991828713209408,-0.3220502362938881,-0.022867364972947335,True,True,False,False,True
inventory_growth,all_seven_families_joint__minus__inventory_growth,market_plus_fedfunds_innovation,60,504,-0.7518501127295398,0.5948384694573848,0.27402250601198486,-0.6984645567038997,0.6012277352967575,long_term_reversal__decile_07,long_term_reversal,decile_07,-0.07932642859369798,-0.07932642859369798,0.05964158428060362,0.05540669878260082,0.0042348854980027995,-0.2991828713209408,-0.3220502362938881,-0.022867364972947335,True,True,False,False,True
inventory_growth,all_seven_families_joint__minus__inventory_growth,market_plus_fedfunds_innovation,60,504,-0.7518501127295398,0.5948384694573848,0.27402250601198486,-0.6984645567038997,0.6012277352967575,long_term_reversal__decile_08,long_term_reversal,decile_08,-0.34249887285688146,-0.34249887285688146,0.25750781616718665,0.23922332340156702,0.018284492765619637,-0.2991828713209408,-0.3220502362938881,-0.022867364972947335,True,True,False,False,True
inventory_growth,all_seven_families_joint__minus__inventory_growth,market_plus_fedfunds_innovation,60,504,-0.7518501127295398,0.5948384694573848,0.27402250601198486,-0.6984645567038997,0.6012277352967575,long_term_reversal__decile_09,long_term_reversal,decile_09,0.04635485591806049,0.04635485591806049,-0.03485190364755535,-0.03237722388988126,-0.0024746797576740906,-0.2991828713209408,-0.3220502362938881,-0.022867364972947335,True,True,False,False,True
inventory_growth,all_seven_families_joint__minus__inventory_growth,market_plus_fedfunds_innovation,60,504,-0.7518501127295398,0.5948384694573848,0.27402250601198486,-0.6984645567038997,0.6012277352967575,long_term_reversal__decile_10,long_term_reversal,decile_10,0.3247865925383222,0.3247865925383222,-0.24419083621298068,-0.22685192338064933,-0.017338912832331355,-0.2991828713209408,-0.3220502362938881,-0.022867364972947335,True,True,False,False,True
inventory_growth,all_seven_families_joint__minus__inventory_growth,market_plus_fedfunds_innovation,60,504,-0.7518501127295398,0.5948384694573848,0.27402250601198486,-0.6984645567038997,0.6012277352967575,ppe_investment__decile_01,ppe_investment,decile_01,-0.19413695787508461,-0.19413695787508461,0.1459618936633523,0.13559778422206464,0.010364109441287656,-0.2980806949629772,-0.32086381758297555,-0.022783122619998375,True,True,False,False,True
inventory_growth,all_seven_families_joint__minus__inventory_growth,market_plus_fedfunds_innovation,60,504,-0.7518501127295398,0.5948384694573848,0.27402250601198486,-0.6984645567038997,0.6012277352967575,ppe_investment__decile_02,ppe_investment,decile_02,-0.12285492678161974,-0.12285492678161974,0.09236849055014017,0.0858098119734141,0.006558678576726068,-0.2980806949629772,-0.32086381758297555,-0.022783122619998375,True,True,False,False,True
inventory_growth,all_seven_families_joint__minus__inventory_growth,market_plus_fedfunds_innovation,60,504,-0.7518501127295398,0.5948384694573848,0.27402250601198486,-0.6984645567038997,0.6012277352967575,ppe_investment__decile_03,ppe_investment,decile_03,-0.054084681728356565,-0.054084681728356565,0.04066357405440617,0.03777623324786807,0.0028873408065380954,-0.2980806949629772,-0.32086381758297555,-0.022783122619998375,True,True,False,False,True
inventory_growth,all_seven_families_joint__minus__inventory_growth,market_plus_fedfunds_innovation,60,504,-0.7518501127295398,0.5948384694573848,0.27402250601198486,-0.6984645567038997,0.6012277352967575,ppe_investment__decile_04,ppe_investment,decile_04,-0.28952482012626635,-0.28952482012626635,0.2176792686499331,0.20222282514426893,0.015456443505664164,-0.2980806949629772,-0.32086381758297555,-0.022783122619998375,True,True,False,False,True
inventory_growth,all_seven_families_joint__minus__inventory_growth,market_plus_fedfunds_innovation,60,504,-0.7518501127295398,0.5948384694573848,0.27402250601198486,-0.6984645567038997,0.6012277352967575,ppe_investment__decile_05,ppe_investment,decile_05,0.07443733004356168,0.07443733004356168,-0.05596571498453781,-0.05199183673109818,-0.0039738782534396305,-0.2980806949629772,-0.32086381758297555,-0.022783122619998375,True,True,False,False,True
inventory_growth,all_seven_families_joint__minus__inventory_growth,market_plus_fedfunds_innovation,60,504,-0.7518501127295398,0.5948384694573848,0.27402250601198486,-0.6984645567038997,0.6012277352967575,ppe_investment__decile_06,ppe_investment,decile_06,-0.16313908625298454,-0.16313908625298454,0.12265614038990055,0.1139468695607701,0.00870927082913045,-0.2980806949629772,-0.32086381758297555,-0.022783122619998375,True,True,False,False,True
inventory_growth,all_seven_families_joint__minus__inventory_growth,market_plus_fedfunds_innovation,60,504,-0.7518501127295398,0.5948384694573848,0.27402250601198486,-0.6984645567038997,0.6012277352967575,ppe_investment__decile_07,ppe_investment,decile_07,0.047641288964805344,0.047641288964805344,-0.03581910847876948,-0.03327575177760515,-0.0025433567011643246,-0.2980806949629772,-0.32086381758297555,-0.022783122619998375,True,True,False,False,True
inventory_growth,all_seven_families_joint__minus__inventory_growth,market_plus_fedfunds_innovation,60,504,-0.7518501127295398,0.5948384694573848,0.27402250601198486,-0.6984645567038997,0.6012277352967575,ppe_investment__decile_08,ppe_investment,decile_08,0.05574154109652549,0.05574154109652549,-0.04190928395714096,-0.03893349079197688,-0.002975793165164081,-0.2980806949629772,-0.32086381758297555,-0.022783122619998375,True,True,False,False,True
inventory_growth,all_seven_families_joint__minus__inventory_growth,market_plus_fedfunds_innovation,60,504,-0.7518501127295398,0.5948384694573848,0.27402250601198486,-0.6984645567038997,0.6012277352967575,ppe_investment__decile_09,ppe_investment,decile_09,0.23459037826281948,0.23459037826281948,-0.1763768023421662,-0.16385306456034035,-0.012523737781825861,-0.2980806949629772,-0.32086381758297555,-0.022783122619998375,True,True,False,False,True
inventory_growth,all_seven_families_joint__minus__inventory_growth,market_plus_fedfunds_innovation,60,504,-0.7518501127295398,0.5948384694573848,0.27402250601198486,-0.6984645567038997,0.6012277352967575,ppe_investment__decile_10,ppe_investment,decile_10,0.23262871276916336,0.23262871276916336,-0.17490192391962323,-0.1624829107409125,-0.01241901317871072,-0.2980806949629772,-0.32086381758297555,-0.022783122619998375,True,True,False,False,True
investment_to_assets,all_seven_families_joint__minus__investment_to_assets,market_plus_fedfunds_innovation,60,504,-0.6836962016894192,0.6064334992805853,0.23974749648083374,-0.6984645567038997,0.6012277352967575,book_to_market__decile_01,book_to_market,decile_01,0.2871017855470292,0.2871017855470292,-0.19629040027675407,-0.20053042137100383,0.004240021094249757,0.5352663273572212,0.5239486404769982,-0.011317686880223055,True,True,False,False,True
investment_to_assets,all_seven_families_joint__minus__investment_to_assets,market_plus_fedfunds_innovation,60,504,-0.6836962016894192,0.6064334992805853,0.23974749648083374,-0.6984645567038997,0.6012277352967575,book_to_market__decile_02,book_to_market,decile_02,0.075350099152168,0.075350099152168,-0.051516576587258396,-0.052629373601913915,0.0011127970146555186,0.5352663273572212,0.5239486404769982,-0.011317686880223055,True,True,False,False,True
investment_to_assets,all_seven_families_joint__minus__investment_to_assets,market_plus_fedfunds_innovation,60,504,-0.6836962016894192,0.6064334992805853,0.23974749648083374,-0.6984645567038997,0.6012277352967575,book_to_market__decile_03,book_to_market,decile_03,-0.21008890642284012,-0.21008890642284012,0.14363698733837962,0.1467396548930361,-0.003102667554656463,0.5352663273572212,0.5239486404769982,-0.011317686880223055,True,True,False,False,True
investment_to_assets,all_seven_families_joint__minus__investment_to_assets,market_plus_fedfunds_innovation,60,504,-0.6836962016894192,0.6064334992805853,0.23974749648083374,-0.6984645567038997,0.6012277352967575,book_to_market__decile_04,book_to_market,decile_04,-0.08599743601653978,-0.08599743601653978,0.05879612035953711,0.06006616102496444,-0.0012700406654273314,0.5352663273572212,0.5239486404769982,-0.011317686880223055,True,True,False,False,True
investment_to_assets,all_seven_families_joint__minus__investment_to_assets,market_plus_fedfunds_innovation,60,504,-0.6836962016894192,0.6064334992805853,0.23974749648083374,-0.6984645567038997,0.6012277352967575,book_to_market__decile_05,book_to_market,decile_05,0.02063896904613116,0.02063896904613116,-0.01411078474362537,-0.01441558836563151,0.00030480362200613863,0.5352663273572212,0.5239486404769982,-0.011317686880223055,True,True,False,False,True
investment_to_assets,all_seven_families_joint__minus__investment_to_assets,market_plus_fedfunds_innovation,60,504,-0.6836962016894192,0.6064334992805853,0.23974749648083374,-0.6984645567038997,0.6012277352967575,book_to_market__decile_06,book_to_market,decile_06,0.0012498509568634047,0.0012498509568634047,-0.000854518351885396,-0.0008729765945315429,1.845824264614694e-05,0.5352663273572212,0.5239486404769982,-0.011317686880223055,True,True,False,False,True
investment_to_assets,all_seven_families_joint__minus__investment_to_assets,market_plus_fedfunds_innovation,60,504,-0.6836962016894192,0.6064334992805853,0.23974749648083374,-0.6984645567038997,0.6012277352967575,book_to_market__decile_07,book_to_market,decile_07,-0.3917123701555003,-0.3917123701555003,0.2678122596300754,0.2735972069760954,-0.005784947346020031,0.5352663273572212,0.5239486404769982,-0.011317686880223055,True,True,False,False,True
investment_to_assets,all_seven_families_joint__minus__investment_to_assets,market_plus_fedfunds_innovation,60,504,-0.6836962016894192,0.6064334992805853,0.23974749648083374,-0.6984645567038997,0.6012277352967575,book_to_market__decile_08,book_to_market,decile_08,-0.16906107611414867,-0.16906107611414867,0.11558641559276925,0.1180831695839531,-0.0024967539911838477,0.5352663273572212,0.5239486404769982,-0.011317686880223055,True,True,False,False,True
investment_to_assets,all_seven_families_joint__minus__investment_to_assets,market_plus_fedfunds_innovation,60,504,-0.6836962016894192,0.6064334992805853,0.23974749648083374,-0.6984645567038997,0.6012277352967575,book_to_market__decile_09,book_to_market,decile_09,-0.340993858428019,-0.340993858428019,0.23313620580665614,0.23817212416567862,-0.005035918359022479,0.5352663273572212,0.5239486404769982,-0.011317686880223055,True,True,False,False,True
investment_to_assets,all_seven_families_joint__minus__investment_to_assets,market_plus_fedfunds_innovation,60,504,-0.6836962016894192,0.6064334992805853,0.23974749648083374,-0.6984645567038997,0.6012277352967575,book_to_market__decile_10,book_to_market,decile_10,-0.47924537154162583,-0.47924537154162583,0.3276582402002441,0.3347359059862174,-0.007077665785973297,0.5352663273572212,0.5239486404769982,-0.011317686880223055,True,True,False,False,True
investment_to_assets,all_seven_families_joint__minus__investment_to_assets,market_plus_fedfunds_innovation,60,504,-0.6836962016894192,0.6064334992805853,0.23974749648083374,-0.6984645567038997,0.6012277352967575,earnings_to_price__decile_01,earnings_to_price,decile_01,0.3674037770031306,0.3674037770031306,-0.2511925668233868,-0.25661851623583004,0.005425949412443232,0.40711206367007624,0.39850407428929757,-0.008607989380778669,True,True,False,False,True
investment_to_assets,all_seven_families_joint__minus__investment_to_assets,market_plus_fedfunds_innovation,60,504,-0.6836962016894192,0.6064334992805853,0.23974749648083374,-0.6984645567038997,0.6012277352967575,earnings_to_price__decile_02,earnings_to_price,decile_02,0.21515810939249336,0.21515810939249336,-0.14710278215432426,-0.15028031349807705,0.0031775313437527875,0.40711206367007624,0.39850407428929757,-0.008607989380778669,True,True,False,False,True
investment_to_assets,all_seven_families_joint__minus__investment_to_assets,market_plus_fedfunds_innovation,60,504,-0.6836962016894192,0.6064334992805853,0.23974749648083374,-0.6984645567038997,0.6012277352967575,earnings_to_price__decile_03,earnings_to_price,decile_03,-0.11713719354840524,-0.11713719354840524,0.08008625430560301,0.08181617796532577,-0.0017299236597227569,0.40711206367007624,0.39850407428929757,-0.008607989380778669,True,True,False,False,True
investment_to_assets,all_seven_families_joint__minus__investment_to_assets,market_plus_fedfunds_innovation,60,504,-0.6836962016894192,0.6064334992805853,0.23974749648083374,-0.6984645567038997,0.6012277352967575,earnings_to_price__decile_04,earnings_to_price,decile_04,-0.05449604576900344,-0.05449604576900344,0.0372587394993604,0.03806355645016242,-0.0008048169508020203,0.40711206367007624,0.39850407428929757,-0.008607989380778669,True,True,False,False,True
investment_to_assets,all_seven_families_joint__minus__investment_to_assets,market_plus_fedfunds_innovation,60,504,-0.6836962016894192,0.6064334992805853,0.23974749648083374,-0.6984645567038997,0.6012277352967575,earnings_to_price__decile_05,earnings_to_price,decile_05,-0.17985100381793068,-0.17985100381793068,0.12296344818034845,0.12561955165444233,-0.002656103474093882,0.40711206367007624,0.39850407428929757,-0.008607989380778669,True,True,False,False,True
investment_to_assets,all_seven_families_joint__minus__investment_to_assets,market_plus_fedfunds_innovation,60,504,-0.6836962016894192,0.6064334992805853,0.23974749648083374,-0.6984645567038997,0.6012277352967575,earnings_to_price__decile_06,earnings_to_price,decile_06,-0.24684352196199272,-0.24684352196199272,0.16876597837705315,0.17241145114241258,-0.0036454727653594254,0.40711206367007624,0.39850407428929757,-0.008607989380778669,True,True,False,False,True
investment_to_assets,all_seven_families_joint__minus__investment_to_assets,market_plus_fedfunds_innovation,60,504,-0.6836962016894192,0.6064334992805853,0.23974749648083374,-0.6984645567038997,0.6012277352967575,earnings_to_price__decile_07,earnings_to_price,decile_07,-0.2028675136929416,-0.2028675136929416,0.1386997485580404,0.14169576802116277,-0.0029960194631223624,0.40711206367007624,0.39850407428929757,-0.008607989380778669,True,True,False,False,True
investment_to_assets,all_seven_families_joint__minus__investment_to_assets,market_plus_fedfunds_innovation,60,504,-0.6836962016894192,0.6064334992805853,0.23974749648083374,-0.6984645567038997,0.6012277352967575,earnings_to_price__decile_08,earnings_to_price,decile_08,-0.2763733051652346,-0.2763733051652346,0.18895537898982165,0.1930369580770272,-0.00408157908720555,0.40711206367007624,0.39850407428929757,-0.008607989380778669,True,True,False,False,True
investment_to_assets,all_seven_families_joint__minus__investment_to_assets,market_plus_fedfunds_innovation,60,504,-0.6836962016894192,0.6064334992805853,0.23974749648083374,-0.6984645567038997,0.6012277352967575,earnings_to_price__decile_09,earnings_to_price,decile_09,-0.53996682842143,-0.53996682842143,0.369173269630014,0.3771476914481848,-0.007974421818170763,0.40711206367007624,0.39850407428929757,-0.008607989380778669,True,True,False,False,True
investment_to_assets,all_seven_families_joint__minus__investment_to_assets,market_plus_fedfunds_innovation,60,504,-0.6836962016894192,0.6064334992805853,0.23974749648083374,-0.6984645567038997,0.6012277352967575,earnings_to_price__decile_10,earnings_to_price,decile_10,-0.21546339895102934,-0.21546339895102934,0.14731150746591076,0.1504935474342462,-0.0031820399683354372,0.40711206367007624,0.39850407428929757,-0.008607989380778669,True,True,False,False,True
investment_to_assets,all_seven_families_joint__minus__investment_to_assets,market_plus_fedfunds_innovation,60,504,-0.6836962016894192,0.6064334992805853,0.23974749648083374,-0.6984645567038997,0.6012277352967575,equity_duration__decile_01,equity_duration,decile_01,-0.2757730743776661,-0.2757730743776661,0.18854500348022404,0.19261771814606815,-0.004072714665844107,-0.46173860380246506,-0.45197558925950065,0.00976301454296441,True,True,False,False,True
investment_to_assets,all_seven_families_joint__minus__investment_to_assets,market_plus_fedfunds_innovation,60,504,-0.6836962016894192,0.6064334992805853,0.23974749648083374,-0.6984645567038997,0.6012277352967575,equity_duration__decile_02,equity_duration,decile_02,-0.6212963812089413,-0.6212963812089413,0.42477797595593464,0.43395350148284023,-0.009175525526905592,-0.46173860380246506,-0.45197558925950065,0.00976301454296441,True,True,False,False,True
investment_to_assets,all_seven_families_joint__minus__investment_to_assets,market_plus_fedfunds_innovation,60,504,-0.6836962016894192,0.6064334992805853,0.23974749648083374,-0.6984645567038997,0.6012277352967575,equity_duration__decile_03,equity_duration,decile_03,-0.21052604024417604,-0.21052604024417604,0.14393585407165696,0.14704497737377578,-0.0031091233021188214,-0.46173860380246506,-0.45197558925950065,0.00976301454296441,True,True,False,False,True
investment_to_assets,all_seven_families_joint__minus__investment_to_assets,market_plus_fedfunds_innovation,60,504,-0.6836962016894192,0.6064334992805853,0.23974749648083374,-0.6984645567038997,0.6012277352967575,equity_duration__decile_04,equity_duration,decile_04,-0.2992811146997262,-0.2992811146997262,0.20461736135757821,0.20903725110859323,-0.00441988975101501,-0.46173860380246506,-0.45197558925950065,0.00976301454296441,True,True,False,False,True
investment_to_assets,all_seven_families_joint__minus__investment_to_assets,market_plus_fedfunds_innovation,60,504,-0.6836962016894192,0.6064334992805853,0.23974749648083374,-0.6984645567038997,0.6012277352967575,equity_duration__decile_05,equity_duration,decile_05,-0.03468774751433397,-0.03468774751433397,0.023715881220711728,0.024228162190656075,-0.0005122809699443474,-0.46173860380246506,-0.45197558925950065,0.00976301454296441,True,True,False,False,True
investment_to_assets,all_seven_families_joint__minus__investment_to_assets,market_plus_fedfunds_innovation,60,504,-0.6836962016894192,0.6064334992805853,0.23974749648083374,-0.6984645567038997,0.6012277352967575,equity_duration__decile_06,equity_duration,decile_06,-0.10222213829188435,-0.10222213829188435,0.06988888767873187,0.07139854050736574,-0.00150965282863387,-0.46173860380246506,-0.45197558925950065,0.00976301454296441,True,True,False,False,True
investment_to_assets,all_seven_families_joint__minus__investment_to_assets,market_plus_fedfunds_innovation,60,504,-0.6836962016894192,0.6064334992805853,0.23974749648083374,-0.6984645567038997,0.6012277352967575,equity_duration__decile_07,equity_duration,decile_07,-0.033996203455434026,-0.033996203455434026,0.023243075174340953,0.023745143176115313,-0.0005020680017743598,-0.46173860380246506,-0.45197558925950065,0.00976301454296441,True,True,False,False,True
investment_to_assets,all_seven_families_joint__minus__investment_to_assets,market_plus_fedfunds_innovation,60,504,-0.6836962016894192,0.6064334992805853,0.23974749648083374,-0.6984645567038997,0.6012277352967575,equity_duration__decile_08,equity_duration,decile_08,-0.13137619779919033,-0.13137619779919033,0.08982140742770427,0.09176161775725532,-0.0019402103295510509,-0.46173860380246506,-0.45197558925950065,0.00976301454296441,True,True,False,False,True
investment_to_assets,all_seven_families_joint__minus__investment_to_assets,market_plus_fedfunds_innovation,60,504,-0.6836962016894192,0.6064334992805853,0.23974749648083374,-0.6984645567038997,0.6012277352967575,equity_duration__decile_09,equity_duration,decile_09,0.1937273673461788,0.1937273673461788,-0.13245066521787327,-0.13531169975486232,0.002861034536989049,-0.46173860380246506,-0.45197558925950065,0.00976301454296441,True,True,False,False,True
investment_to_assets,all_seven_families_joint__minus__investment_to_assets,market_plus_fedfunds_innovation,60,504,-0.6836962016894192,0.6064334992805853,0.23974749648083374,-0.6984645567038997,0.6012277352967575,equity_duration__decile_10,equity_duration,decile_10,0.3853035677664105,0.3853035677664105,-0.26343058577927664,-0.2691208856563969,0.005690299877120275,-0.46173860380246506,-0.45197558925950065,0.00976301454296441,True,True,False,False,True
investment_to_assets,all_seven_families_joint__minus__investment_to_assets,market_plus_fedfunds_innovation,60,504,-0.6836962016894192,0.6064334992805853,0.23974749648083374,-0.6984645567038997,0.6012277352967575,inventory_growth__decile_01,inventory_growth,decile_01,0.1378085262815926,0.1378085262815926,-0.09421916597914136,-0.09625437121929029,0.002035205240148927,-0.1907630266549669,-0.18672952764025358,0.00403349901471331,False,False,False,False,True
investment_to_assets,all_seven_families_joint__minus__investment_to_assets,market_plus_fedfunds_innovation,60,504,-0.6836962016894192,0.6064334992805853,0.23974749648083374,-0.6984645567038997,0.6012277352967575,inventory_growth__decile_02,inventory_growth,decile_02,-0.03906799453335866,-0.03906799453335866,0.02671063947008031,0.027287609483052734,-0.0005769700129724248,-0.1907630266549669,-0.18672952764025358,0.00403349901471331,False,False,False,False,True
investment_to_assets,all_seven_families_joint__minus__investment_to_assets,market_plus_fedfunds_innovation,60,504,-0.6836962016894192,0.6064334992805853,0.23974749648083374,-0.6984645567038997,0.6012277352967575,inventory_growth__decile_03,inventory_growth,decile_03,-0.0645053741149414,-0.0645053741149414,0.04410207927094042,0.04505471753621175,-0.0009526382652713314,-0.1907630266549669,-0.18672952764025358,0.00403349901471331,False,False,False,False,True
investment_to_assets,all_seven_families_joint__minus__investment_to_assets,market_plus_fedfunds_innovation,60,504,-0.6836962016894192,0.6064334992805853,0.23974749648083374,-0.6984645567038997,0.6012277352967575,inventory_growth__decile_04,inventory_growth,decile_04,-0.2787481552267323,-0.2787481552267323,0.1905790549564495,0.1946957066724694,-0.004116651716019909,-0.1907630266549669,-0.18672952764025358,0.00403349901471331,False,False,False,False,True
investment_to_assets,all_seven_families_joint__minus__investment_to_assets,market_plus_fedfunds_innovation,60,504,-0.6836962016894192,0.6064334992805853,0.23974749648083374,-0.6984645567038997,0.6012277352967575,inventory_growth__decile_05,inventory_growth,decile_05,-0.41941719616829937,-0.41941719616829937,0.2867539439434923,0.29294804599568375,-0.0061941020521914525,-0.1907630266549669,-0.18672952764025358,0.00403349901471331,False,False,False,False,True
investment_to_assets,all_seven_families_joint__minus__investment_to_assets,market_plus_fedfunds_innovation,60,504,-0.6836962016894192,0.6064334992805853,0.23974749648083374,-0.6984645567038997,0.6012277352967575,inventory_growth__decile_06,inventory_growth,decile_06,-0.16239124077594566,-0.16239124077594566,0.111026274506146,0.11342452600116713,-0.002398251495021139,-0.1907630266549669,-0.18672952764025358,0.00403349901471331,False,False,False,False,True
investment_to_assets,all_seven_families_joint__minus__investment_to_assets,market_plus_fedfunds_innovation,60,504,-0.6836962016894192,0.6064334992805853,0.23974749648083374,-0.6984645567038997,0.6012277352967575,inventory_growth__decile_07,inventory_growth,decile_07,0.20886192148974358,0.20886192148974358,-0.1427981024000914,-0.14588264940565845,0.0030845470055670676,-0.1907630266549669,-0.18672952764025358,0.00403349901471331,False,False,False,False,True
investment_to_assets,all_seven_families_joint__minus__investment_to_assets,market_plus_fedfunds_innovation,60,504,-0.6836962016894192,0.6064334992805853,0.23974749648083374,-0.6984645567038997,0.6012277352967575,inventory_growth__decile_08,inventory_growth,decile_08,-0.010938040972533189,-0.010938040972533189,0.007478297066844183,0.007639833939089486,-0.0001615368722453032,-0.1907630266549669,-0.18672952764025358,0.00403349901471331,False,False,False,False,True
investment_to_assets,all_seven_families_joint__minus__investment_to_assets,market_plus_fedfunds_innovation,60,504,-0.6836962016894192,0.6064334992805853,0.23974749648083374,-0.6984645567038997,0.6012277352967575,inventory_growth__decile_09,inventory_growth,decile_09,0.1661039221859966,0.1661039221859966,-0.11356462068428073,-0.11601770237642117,0.002453081692140438,-0.1907630266549669,-0.18672952764025358,0.00403349901471331,False,False,False,False,True
investment_to_assets,all_seven_families_joint__minus__investment_to_assets,market_plus_fedfunds_innovation,60,504,-0.6836962016894192,0.6064334992805853,0.23974749648083374,-0.6984645567038997,0.6012277352967575,inventory_growth__decile_10,inventory_growth,decile_10,0.41092621682725206,0.41092621682725206,-0.28094869361939495,-0.2870173978742572,0.006068704254862223,-0.1907630266549669,-0.18672952764025358,0.00403349901471331,False,False,False,False,True
investment_to_assets,all_seven_families_joint__minus__investment_to_assets,market_plus_fedfunds_innovation,60,504,-0.6836962016894192,0.6064334992805853,0.23974749648083374,-0.6984645567038997,0.6012277352967575,long_term_reversal__decile_01,long_term_reversal,decile_01,-0.10355707708580941,-0.10355707708580941,0.07080158026162629,0.07233094794029145,-0.0015293676786651555,-0.2991828713209408,-0.2928569399397263,0.006325931381214511,True,True,False,False,True
investment_to_assets,all_seven_families_joint__minus__investment_to_assets,market_plus_fedfunds_innovation,60,504,-0.6836962016894192,0.6064334992805853,0.23974749648083374,-0.6984645567038997,0.6012277352967575,long_term_reversal__decile_02,long_term_reversal,decile_02,-0.3720569019026301,-0.3720569019026301,0.25437389064316107,0.25986855905604683,-0.0054946684128857615,-0.2991828713209408,-0.2928569399397263,0.006325931381214511,True,True,False,False,True
investment_to_assets,all_seven_families_joint__minus__investment_to_assets,market_plus_fedfunds_innovation,60,504,-0.6836962016894192,0.6064334992805853,0.23974749648083374,-0.6984645567038997,0.6012277352967575,long_term_reversal__decile_03,long_term_reversal,decile_03,-0.3712525888164007,-0.3712525888164007,0.25382398484113694,0.2593067748728225,-0.005482790031685558,-0.2991828713209408,-0.2928569399397263,0.006325931381214511,True,True,False,False,True
investment_to_assets,all_seven_families_joint__minus__investment_to_assets,market_plus_fedfunds_innovation,60,504,-0.6836962016894192,0.6064334992805853,0.23974749648083374,-0.6984645567038997,0.6012277352967575,long_term_reversal__decile_04,long_term_reversal,decile_04,-0.22846598513518937,-0.22846598513518937,0.1562013262521603,0.1595753930293698,-0.0033740667772095,-0.2991828713209408,-0.2928569399397263,0.006325931381214511,True,True,False,False,True
investment_to_assets,all_seven_families_joint__minus__investment_to_assets,market_plus_fedfunds_innovation,60,504,-0.6836962016894192,0.6064334992805853,0.23974749648083374,-0.6984645567038997,0.6012277352967575,long_term_reversal__decile_05,long_term_reversal,decile_05,-0.15032059431658618,-0.15032059431658618,0.10277361936994607,0.10499360727280112,-0.0022199879028550473,-0.2991828713209408,-0.2928569399397263,0.006325931381214511,True,True,False,False,True
investment_to_assets,all_seven_families_joint__minus__investment_to_assets,market_plus_fedfunds_innovation,60,504,-0.6836962016894192,0.6064334992805853,0.23974749648083374,-0.6984645567038997,0.6012277352967575,long_term_reversal__decile_06,long_term_reversal,decile_06,-0.06017178443824575,-0.06017178443824575,0.04113922046930313,0.04202785874374193,-0.0008886382744388022,-0.2991828713209408,-0.2928569399397263,0.006325931381214511,True,True,False,False,True
investment_to_assets,all_seven_families_joint__minus__investment_to_assets,market_plus_fedfunds_innovation,60,504,-0.6836962016894192,0.6064334992805853,0.23974749648083374,-0.6984645567038997,0.6012277352967575,long_term_reversal__decile_07,long_term_reversal,decile_07,-0.07932642859369798,-0.07932642859369798,0.05423517792309825,0.05540669878260082,-0.0011715208595025686,-0.2991828713209408,-0.2928569399397263,0.006325931381214511,True,True,False,False,True
investment_to_assets,all_seven_families_joint__minus__investment_to_assets,market_plus_fedfunds_innovation,60,504,-0.6836962016894192,0.6064334992805853,0.23974749648083374,-0.6984645567038997,0.6012277352967575,long_term_reversal__decile_08,long_term_reversal,decile_08,-0.34249887285688146,-0.34249887285688146,0.2341651784551572,0.23922332340156702,-0.005058144946409826,-0.2991828713209408,-0.2928569399397263,0.006325931381214511,True,True,False,False,True
investment_to_assets,all_seven_families_joint__minus__investment_to_assets,market_plus_fedfunds_innovation,60,504,-0.6836962016894192,0.6064334992805853,0.23974749648083374,-0.6984645567038997,0.6012277352967575,long_term_reversal__decile_09,long_term_reversal,decile_09,0.04635485591806049,0.04635485591806049,-0.031692638921038255,-0.03237722388988126,0.0006845849688430078,-0.2991828713209408,-0.2928569399397263,0.006325931381214511,True,True,False,False,True
investment_to_assets,all_seven_families_joint__minus__investment_to_assets,market_plus_fedfunds_innovation,60,504,-0.6836962016894192,0.6064334992805853,0.23974749648083374,-0.6984645567038997,0.6012277352967575,long_term_reversal__decile_10,long_term_reversal,decile_10,0.3247865925383222,0.3247865925383222,-0.22205535967809997,-0.22685192338064933,0.004796563702549356,-0.2991828713209408,-0.2928569399397263,0.006325931381214511,True,True,False,False,True
investment_to_assets,all_seven_families_joint__minus__investment_to_assets,market_plus_fedfunds_innovation,60,504,-0.6836962016894192,0.6064334992805853,0.23974749648083374,-0.6984645567038997,0.6012277352967575,ppe_investment__decile_01,ppe_investment,decile_01,-0.19413695787508461,-0.19413695787508461,0.13273070070673415,0.13559778422206464,-0.002867083515330493,-0.2980806949629772,-0.29177806803091005,0.0063026269320671235,True,True,False,False,True
investment_to_assets,all_seven_families_joint__minus__investment_to_assets,market_plus_fedfunds_innovation,60,504,-0.6836962016894192,0.6064334992805853,0.23974749648083374,-0.6984645567038997,0.6012277352967575,ppe_investment__decile_02,ppe_investment,decile_02,-0.12285492678161974,-0.12285492678161974,0.08399544679942512,0.0858098119734141,-0.0018143651739889743,-0.2980806949629772,-0.29177806803091005,0.0063026269320671235,True,True,False,False,True
investment_to_assets,all_seven_families_joint__minus__investment_to_assets,market_plus_fedfunds_innovation,60,504,-0.6836962016894192,0.6064334992805853,0.23974749648083374,-0.6984645567038997,0.6012277352967575,ppe_investment__decile_03,ppe_investment,decile_03,-0.054084681728356565,-0.054084681728356565,0.03697749146725852,0.03777623324786807,-0.0007987417806095548,-0.2980806949629772,-0.29177806803091005,0.0063026269320671235,True,True,False,False,True
investment_to_assets,all_seven_families_joint__minus__investment_to_assets,market_plus_fedfunds_innovation,60,504,-0.6836962016894192,0.6064334992805853,0.23974749648083374,-0.6984645567038997,0.6012277352967575,ppe_investment__decile_04,ppe_investment,decile_04,-0.28952482012626635,-0.28952482012626635,0.19794701981514062,0.20222282514426893,-0.004275805329128302,-0.2980806949629772,-0.29177806803091005,0.0063026269320671235,True,True,False,False,True
investment_to_assets,all_seven_families_joint__minus__investment_to_assets,market_plus_fedfunds_innovation,60,504,-0.6836962016894192,0.6064334992805853,0.23974749648083374,-0.6984645567038997,0.6012277352967575,ppe_investment__decile_05,ppe_investment,decile_05,0.07443733004356168,0.07443733004356168,-0.05089251981468481,-0.05199183673109818,0.0010993169164133718,-0.2980806949629772,-0.29177806803091005,0.0063026269320671235,True,True,False,False,True
investment_to_assets,all_seven_families_joint__minus__investment_to_assets,market_plus_fedfunds_innovation,60,504,-0.6836962016894192,0.6064334992805853,0.23974749648083374,-0.6984645567038997,0.6012277352967575,ppe_investment__decile_06,ppe_investment,decile_06,-0.16313908625298454,-0.16313908625298454,0.11153757361824808,0.1139468695607701,-0.0024092959425220245,-0.2980806949629772,-0.29177806803091005,0.0063026269320671235,True,True,False,False,True
investment_to_assets,all_seven_families_joint__minus__investment_to_assets,market_plus_fedfunds_innovation,60,504,-0.6836962016894192,0.6064334992805853,0.23974749648083374,-0.6984645567038997,0.6012277352967575,ppe_investment__decile_07,ppe_investment,decile_07,0.047641288964805344,0.047641288964805344,-0.03257216830882546,-0.03327575177760515,0.0007035834687796963,-0.2980806949629772,-0.29177806803091005,0.0063026269320671235,True,True,False,False,True
investment_to_assets,all_seven_families_joint__minus__investment_to_assets,market_plus_fedfunds_innovation,60,504,-0.6836962016894192,0.6064334992805853,0.23974749648083374,-0.6984645567038997,0.6012277352967575,ppe_investment__decile_08,ppe_investment,decile_08,0.05574154109652549,0.05574154109652549,-0.038110279924009144,-0.03893349079197688,0.0008232108679677372,-0.2980806949629772,-0.29177806803091005,0.0063026269320671235,True,True,False,False,True
investment_to_assets,all_seven_families_joint__minus__investment_to_assets,market_plus_fedfunds_innovation,60,504,-0.6836962016894192,0.6064334992805853,0.23974749648083374,-0.6984645567038997,0.6012277352967575,ppe_investment__decile_09,ppe_investment,decile_09,0.23459037826281948,0.23459037826281948,-0.16038855057117377,-0.16385306456034035,0.0034645139891665844,-0.2980806949629772,-0.29177806803091005,0.0063026269320671235,True,True,False,False,True
investment_to_assets,all_seven_families_joint__minus__investment_to_assets,market_plus_fedfunds_innovation,60,504,-0.6836962016894192,0.6064334992805853,0.23974749648083374,-0.6984645567038997,0.6012277352967575,ppe_investment__decile_10,ppe_investment,decile_10,0.23262871276916336,0.23262871276916336,-0.1590473673241759,-0.1624829107409125,0.003435543416736603,-0.2980806949629772,-0.29177806803091005,0.0063026269320671235,True,True,False,False,True
long_term_reversal,all_seven_families_joint__minus__long_term_reversal,market_plus_fedfunds_innovation,60,504,-0.713146299897304,0.5967296483452014,0.2521114133965081,-0.6984645567038997,0.6012277352967575,book_to_market__decile_01,book_to_market,decile_01,0.2871017855470292,0.2871017855470292,-0.20474557605677315,-0.20053042137100383,-0.004215154685769329,0.5352663273572212,0.5465176395145923,0.011251312157371074,True,True,False,False,True
long_term_reversal,all_seven_families_joint__minus__long_term_reversal,market_plus_fedfunds_innovation,60,504,-0.713146299897304,0.5967296483452014,0.2521114133965081,-0.6984645567038997,0.6012277352967575,book_to_market__decile_02,book_to_market,decile_02,0.075350099152168,0.075350099152168,-0.0537356444072636,-0.052629373601913915,-0.0011062708053496823,0.5352663273572212,0.5465176395145923,0.011251312157371074,True,True,False,False,True
long_term_reversal,all_seven_families_joint__minus__long_term_reversal,market_plus_fedfunds_innovation,60,504,-0.713146299897304,0.5967296483452014,0.2521114133965081,-0.6984645567038997,0.6012277352967575,book_to_market__decile_03,book_to_market,decile_03,-0.21008890642284012,-0.21008890642284012,0.1498241262649194,0.1467396548930361,0.0030844713718833072,0.5352663273572212,0.5465176395145923,0.011251312157371074,True,True,False,False,True
long_term_reversal,all_seven_families_joint__minus__long_term_reversal,market_plus_fedfunds_innovation,60,504,-0.713146299897304,0.5967296483452014,0.2521114133965081,-0.6984645567038997,0.6012277352967575,book_to_market__decile_04,book_to_market,decile_04,-0.08599743601653978,-0.08599743601653978,0.0613287532958505,0.06006616102496444,0.0012625922708860565,0.5352663273572212,0.5465176395145923,0.011251312157371074,True,True,False,False,True
long_term_reversal,all_seven_families_joint__minus__long_term_reversal,market_plus_fedfunds_innovation,60,504,-0.713146299897304,0.5967296483452014,0.2521114133965081,-0.6984645567038997,0.6012277352967575,book_to_market__decile_05,book_to_market,decile_05,0.02063896904613116,0.02063896904613116,-0.01471860440894343,-0.01441558836563151,-0.0003030160433119197,0.5352663273572212,0.5465176395145923,0.011251312157371074,True,True,False,False,True
long_term_reversal,all_seven_families_joint__minus__long_term_reversal,market_plus_fedfunds_innovation,60,504,-0.713146299897304,0.5967296483452014,0.2521114133965081,-0.6984645567038997,0.6012277352967575,book_to_market__decile_06,book_to_market,decile_06,0.0012498509568634047,0.0012498509568634047,-0.000891326585310242,-0.0008729765945315429,-1.834999077869907e-05,0.5352663273572212,0.5465176395145923,0.011251312157371074,True,True,False,False,True
long_term_reversal,all_seven_families_joint__minus__long_term_reversal,market_plus_fedfunds_innovation,60,504,-0.713146299897304,0.5967296483452014,0.2521114133965081,-0.6984645567038997,0.6012277352967575,book_to_market__decile_07,book_to_market,decile_07,-0.3917123701555003,-0.3917123701555003,0.2793482274003982,0.2735972069760954,0.005751020424302811,0.5352663273572212,0.5465176395145923,0.011251312157371074,True,True,False,False,True
long_term_reversal,all_seven_families_joint__minus__long_term_reversal,market_plus_fedfunds_innovation,60,504,-0.713146299897304,0.5967296483452014,0.2521114133965081,-0.6984645567038997,0.6012277352967575,book_to_market__decile_08,book_to_market,decile_08,-0.16906107611414867,-0.16906107611414867,0.12056528088746161,0.1180831695839531,0.002482111303508519,0.5352663273572212,0.5465176395145923,0.011251312157371074,True,True,False,False,True
long_term_reversal,all_seven_families_joint__minus__long_term_reversal,market_plus_fedfunds_innovation,60,504,-0.713146299897304,0.5967296483452014,0.2521114133965081,-0.6984645567038997,0.6012277352967575,book_to_market__decile_09,book_to_market,decile_09,-0.340993858428019,-0.340993858428019,0.24317850842564687,0.23817212416567862,0.005006384259968244,0.5352663273572212,0.5465176395145923,0.011251312157371074,True,True,False,False,True
long_term_reversal,all_seven_families_joint__minus__long_term_reversal,market_plus_fedfunds_innovation,60,504,-0.713146299897304,0.5967296483452014,0.2521114133965081,-0.6984645567038997,0.6012277352967575,book_to_market__decile_10,book_to_market,decile_10,-0.47924537154162583,-0.47924537154162583,0.3417720634578192,0.3347359059862174,0.0070361574716018005,0.5352663273572212,0.5465176395145923,0.011251312157371074,True,True,False,False,True
long_term_reversal,all_seven_families_joint__minus__long_term_reversal,market_plus_fedfunds_innovation,60,504,-0.713146299897304,0.5967296483452014,0.2521114133965081,-0.6984645567038997,0.6012277352967575,earnings_to_price__decile_01,earnings_to_price,decile_01,0.3674037770031306,0.3674037770031306,-0.2620126441380768,-0.25661851623583004,-0.005394127902246748,0.40711206367007624,0.41566956986330006,0.008557506193223818,True,True,False,False,True
long_term_reversal,all_seven_families_joint__minus__long_term_reversal,market_plus_fedfunds_innovation,60,504,-0.713146299897304,0.5967296483452014,0.2521114133965081,-0.6984645567038997,0.6012277352967575,earnings_to_price__decile_02,earnings_to_price,decile_02,0.21515810939249336,0.21515810939249336,-0.153439209606156,-0.15028031349807705,-0.003158896108078957,0.40711206367007624,0.41566956986330006,0.008557506193223818,True,True,False,False,True
long_term_reversal,all_seven_families_joint__minus__long_term_reversal,market_plus_fedfunds_innovation,60,504,-0.713146299897304,0.5967296483452014,0.2521114133965081,-0.6984645567038997,0.6012277352967575,earnings_to_price__decile_03,earnings_to_price,decile_03,-0.11713719354840524,-0.11713719354840524,0.08353595615939956,0.08181617796532577,0.00171977819407379,0.40711206367007624,0.41566956986330006,0.008557506193223818,True,True,False,False,True
long_term_reversal,all_seven_families_joint__minus__long_term_reversal,market_plus_fedfunds_innovation,60,504,-0.713146299897304,0.5967296483452014,0.2521114133965081,-0.6984645567038997,0.6012277352967575,earnings_to_price__decile_04,earnings_to_price,decile_04,-0.05449604576900344,-0.05449604576900344,0.038863653399198936,0.03806355645016242,0.0008000969490365162,0.40711206367007624,0.41566956986330006,0.008557506193223818,True,True,False,False,True
long_term_reversal,all_seven_families_joint__minus__long_term_reversal,market_plus_fedfunds_innovation,60,504,-0.713146299897304,0.5967296483452014,0.2521114133965081,-0.6984645567038997,0.6012277352967575,earnings_to_price__decile_05,earnings_to_price,decile_05,-0.17985100381793068,-0.17985100381793068,0.12826007790557317,0.12561955165444233,0.0026405262511308425,0.40711206367007624,0.41566956986330006,0.008557506193223818,True,True,False,False,True
long_term_reversal,all_seven_families_joint__minus__long_term_reversal,market_plus_fedfunds_innovation,60,504,-0.713146299897304,0.5967296483452014,0.2521114133965081,-0.6984645567038997,0.6012277352967575,earnings_to_price__decile_06,earnings_to_price,decile_06,-0.24684352196199272,-0.24684352196199272,0.176035544340814,0.17241145114241258,0.003624093198401429,0.40711206367007624,0.41566956986330006,0.008557506193223818,True,True,False,False,True
long_term_reversal,all_seven_families_joint__minus__long_term_reversal,market_plus_fedfunds_innovation,60,504,-0.713146299897304,0.5967296483452014,0.2521114133965081,-0.6984645567038997,0.6012277352967575,earnings_to_price__decile_07,earnings_to_price,decile_07,-0.2028675136929416,-0.2028675136929416,0.14467421675948697,0.14169576802116277,0.002978448738324202,0.40711206367007624,0.41566956986330006,0.008557506193223818,True,True,False,False,True
long_term_reversal,all_seven_families_joint__minus__long_term_reversal,market_plus_fedfunds_innovation,60,504,-0.713146299897304,0.5967296483452014,0.2521114133965081,-0.6984645567038997,0.6012277352967575,earnings_to_price__decile_08,earnings_to_price,decile_08,-0.2763733051652346,-0.2763733051652346,0.19709459996897555,0.1930369580770272,0.004057641891948349,0.40711206367007624,0.41566956986330006,0.008557506193223818,True,True,False,False,True
long_term_reversal,all_seven_families_joint__minus__long_term_reversal,market_plus_fedfunds_innovation,60,504,-0.713146299897304,0.5967296483452014,0.2521114133965081,-0.6984645567038997,0.6012277352967575,earnings_to_price__decile_09,earnings_to_price,decile_09,-0.53996682842143,-0.53996682842143,0.3850753457560252,0.3771476914481848,0.007927654307840426,0.40711206367007624,0.41566956986330006,0.008557506193223818,True,True,False,False,True
long_term_reversal,all_seven_families_joint__minus__long_term_reversal,market_plus_fedfunds_innovation,60,504,-0.713146299897304,0.5967296483452014,0.2521114133965081,-0.6984645567038997,0.6012277352967575,earnings_to_price__decile_10,earnings_to_price,decile_10,-0.21546339895102934,-0.21546339895102934,0.15365692572522324,0.1504935474342462,0.0031633782909770425,0.40711206367007624,0.41566956986330006,0.008557506193223818,True,True,False,False,True
long_term_reversal,all_seven_families_joint__minus__long_term_reversal,market_plus_fedfunds_innovation,60,504,-0.713146299897304,0.5967296483452014,0.2521114133965081,-0.6984645567038997,0.6012277352967575,equity_duration__decile_01,equity_duration,decile_01,-0.2757730743776661,-0.2757730743776661,0.1966665476037366,0.19261771814606815,0.0040488294576684625,-0.46173860380246506,-0.47144436129358236,-0.009705757491117295,True,True,False,False,True
long_term_reversal,all_seven_families_joint__minus__long_term_reversal,market_plus_fedfunds_innovation,60,504,-0.713146299897304,0.5967296483452014,0.2521114133965081,-0.6984645567038997,0.6012277352967575,equity_duration__decile_02,equity_duration,decile_02,-0.6212963812089413,-0.6212963812089413,0.44307521539874134,0.43395350148284023,0.009121713915901108,-0.46173860380246506,-0.47144436129358236,-0.009705757491117295,True,True,False,False,True
long_term_reversal,all_seven_families_joint__minus__long_term_reversal,market_plus_fedfunds_innovation,60,504,-0.713146299897304,0.5967296483452014,0.2521114133965081,-0.6984645567038997,0.6012277352967575,equity_duration__decile_03,equity_duration,decile_03,-0.21052604024417604,-0.21052604024417604,0.15013586663216508,0.14704497737377578,0.0030908892583892955,-0.46173860380246506,-0.47144436129358236,-0.009705757491117295,True,True,False,False,True
long_term_reversal,all_seven_families_joint__minus__long_term_reversal,market_plus_fedfunds_innovation,60,504,-0.713146299897304,0.5967296483452014,0.2521114133965081,-0.6984645567038997,0.6012277352967575,equity_duration__decile_04,equity_duration,decile_04,-0.2992811146997262,-0.2992811146997262,0.21343121957725036,0.20903725110859323,0.004393968468657139,-0.46173860380246506,-0.47144436129358236,-0.009705757491117295,True,True,False,False,True
long_term_reversal,all_seven_families_joint__minus__long_term_reversal,market_plus_fedfunds_innovation,60,504,-0.713146299897304,0.5967296483452014,0.2521114133965081,-0.6984645567038997,0.6012277352967575,equity_duration__decile_05,equity_duration,decile_05,-0.03468774751433397,-0.03468774751433397,0.024737438791619177,0.024228162190656075,0.0005092766009631017,-0.46173860380246506,-0.47144436129358236,-0.009705757491117295,True,True,False,False,True
long_term_reversal,all_seven_families_joint__minus__long_term_reversal,market_plus_fedfunds_innovation,60,504,-0.713146299897304,0.5967296483452014,0.2521114133965081,-0.6984645567038997,0.6012277352967575,equity_duration__decile_06,equity_duration,decile_06,-0.10222213829188435,-0.10222213829188435,0.07289933969044785,0.07139854050736574,0.0015007991830821021,-0.46173860380246506,-0.47144436129358236,-0.009705757491117295,True,True,False,False,True
long_term_reversal,all_seven_families_joint__minus__long_term_reversal,market_plus_fedfunds_innovation,60,504,-0.713146299897304,0.5967296483452014,0.2521114133965081,-0.6984645567038997,0.6012277352967575,equity_duration__decile_07,equity_duration,decile_07,-0.033996203455434026,-0.033996203455434026,0.02424426670479872,0.023745143176115313,0.0004991235286834067,-0.46173860380246506,-0.47144436129358236,-0.009705757491117295,True,True,False,False,True
long_term_reversal,all_seven_families_joint__minus__long_term_reversal,market_plus_fedfunds_innovation,60,504,-0.713146299897304,0.5967296483452014,0.2521114133965081,-0.6984645567038997,0.6012277352967575,equity_duration__decile_08,equity_duration,decile_08,-0.13137619779919033,-0.13137619779919033,0.09369044935506891,0.09176161775725532,0.0019288315978135961,-0.46173860380246506,-0.47144436129358236,-0.009705757491117295,True,True,False,False,True
long_term_reversal,all_seven_families_joint__minus__long_term_reversal,market_plus_fedfunds_innovation,60,504,-0.713146299897304,0.5967296483452014,0.2521114133965081,-0.6984645567038997,0.6012277352967575,equity_duration__decile_09,equity_duration,decile_09,0.1937273673461788,0.1937273673461788,-0.1381559552117732,-0.13531169975486232,-0.002844255456910888,-0.46173860380246506,-0.47144436129358236,-0.009705757491117295,True,True,False,False,True
long_term_reversal,all_seven_families_joint__minus__long_term_reversal,market_plus_fedfunds_innovation,60,504,-0.713146299897304,0.5967296483452014,0.2521114133965081,-0.6984645567038997,0.6012277352967575,equity_duration__decile_10,equity_duration,decile_10,0.3853035677664105,0.3853035677664105,-0.2747778136898458,-0.2691208856563969,-0.00565692803344886,-0.46173860380246506,-0.47144436129358236,-0.009705757491117295,True,True,False,False,True
long_term_reversal,all_seven_families_joint__minus__long_term_reversal,market_plus_fedfunds_innovation,60,504,-0.713146299897304,0.5967296483452014,0.2521114133965081,-0.6984645567038997,0.6012277352967575,inventory_growth__decile_01,inventory_growth,decile_01,0.1378085262815926,0.1378085262815926,-0.09827764061201814,-0.09625437121929029,-0.0020232693927278583,-0.1907630266549669,-0.19477287044913394,-0.004009843794167051,False,False,False,False,True
long_term_reversal,all_seven_families_joint__minus__long_term_reversal,market_plus_fedfunds_innovation,60,504,-0.713146299897304,0.5967296483452014,0.2521114133965081,-0.6984645567038997,0.6012277352967575,inventory_growth__decile_02,inventory_growth,decile_02,-0.03906799453335866,-0.03906799453335866,0.027861195745872827,0.027287609483052734,0.000573586262820093,-0.1907630266549669,-0.19477287044913394,-0.004009843794167051,False,False,False,False,True
long_term_reversal,all_seven_families_joint__minus__long_term_reversal,market_plus_fedfunds_innovation,60,504,-0.713146299897304,0.5967296483452014,0.2521114133965081,-0.6984645567038997,0.6012277352967575,inventory_growth__decile_03,inventory_growth,decile_03,-0.0645053741149414,-0.0645053741149414,0.04600176887356179,0.04505471753621175,0.0009470513373500411,-0.1907630266549669,-0.19477287044913394,-0.004009843794167051,False,False,False,False,True
long_term_reversal,all_seven_families_joint__minus__long_term_reversal,market_plus_fedfunds_innovation,60,504,-0.713146299897304,0.5967296483452014,0.2521114133965081,-0.6984645567038997,0.6012277352967575,inventory_growth__decile_04,inventory_growth,decile_04,-0.2787481552267323,-0.2787481552267323,0.1987882155031435,0.1946957066724694,0.00409250883067408,-0.1907630266549669,-0.19477287044913394,-0.004009843794167051,False,False,False,False,True
long_term_reversal,all_seven_families_joint__minus__long_term_reversal,market_plus_fedfunds_innovation,60,504,-0.713146299897304,0.5967296483452014,0.2521114133965081,-0.6984645567038997,0.6012277352967575,inventory_growth__decile_05,inventory_growth,decile_05,-0.41941719616829937,-0.41941719616829937,0.2991058215607244,0.29294804599568375,0.006157775565040657,-0.1907630266549669,-0.19477287044913394,-0.004009843794167051,False,False,False,False,True
long_term_reversal,all_seven_families_joint__minus__long_term_reversal,market_plus_fedfunds_innovation,60,504,-0.713146299897304,0.5967296483452014,0.2521114133965081,-0.6984645567038997,0.6012277352967575,inventory_growth__decile_06,inventory_growth,decile_06,-0.16239124077594566,-0.16239124077594566,0.11580871249509786,0.11342452600116713,0.002384186493930726,-0.1907630266549669,-0.19477287044913394,-0.004009843794167051,False,False,False,False,True
long_term_reversal,all_seven_families_joint__minus__long_term_reversal,market_plus_fedfunds_innovation,60,504,-0.713146299897304,0.5967296483452014,0.2521114133965081,-0.6984645567038997,0.6012277352967575,inventory_growth__decile_07,inventory_growth,decile_07,0.20886192148974358,0.20886192148974358,-0.14894910649985185,-0.14588264940565845,-0.0030664570941933977,-0.1907630266549669,-0.19477287044913394,-0.004009843794167051,False,False,False,False,True
long_term_reversal,all_seven_families_joint__minus__long_term_reversal,market_plus_fedfunds_innovation,60,504,-0.713146299897304,0.5967296483452014,0.2521114133965081,-0.6984645567038997,0.6012277352967575,inventory_growth__decile_08,inventory_growth,decile_08,-0.010938040972533189,-0.010938040972533189,0.007800423447687153,0.007639833939089486,0.00016058950859766663,-0.1907630266549669,-0.19477287044913394,-0.004009843794167051,False,False,False,False,True
long_term_reversal,all_seven_families_joint__minus__long_term_reversal,market_plus_fedfunds_innovation,60,504,-0.713146299897304,0.5967296483452014,0.2521114133965081,-0.6984645567038997,0.6012277352967575,inventory_growth__decile_09,inventory_growth,decile_09,0.1661039221859966,0.1661039221859966,-0.11845639750537318,-0.11601770237642117,-0.0024386951289520065,-0.1907630266549669,-0.19477287044913394,-0.004009843794167051,False,False,False,False,True
long_term_reversal,all_seven_families_joint__minus__long_term_reversal,market_plus_fedfunds_innovation,60,504,-0.713146299897304,0.5967296483452014,0.2521114133965081,-0.6984645567038997,0.6012277352967575,inventory_growth__decile_10,inventory_growth,decile_10,0.41092621682725206,0.41092621682725206,-0.2930505110611521,-0.2870173978742572,-0.006033113186894923,-0.1907630266549669,-0.19477287044913394,-0.004009843794167051,False,False,False,False,True
long_term_reversal,all_seven_families_joint__minus__long_term_reversal,market_plus_fedfunds_innovation,60,504,-0.713146299897304,0.5967296483452014,0.2521114133965081,-0.6984645567038997,0.6012277352967575,investment_to_assets__decile_01,investment_to_assets,decile_01,-0.12781201524500202,-0.12781201524500202,0.09114866575439101,0.08927216256953241,0.0018765031848586022,-0.3283480827585187,-0.33524996801932067,-0.006901885260801988,True,True,False,False,True
long_term_reversal,all_seven_families_joint__minus__long_term_reversal,market_plus_fedfunds_innovation,60,504,-0.713146299897304,0.5967296483452014,0.2521114133965081,-0.6984645567038997,0.6012277352967575,investment_to_assets__decile_02,investment_to_assets,decile_02,-0.36185415680021554,-0.36185415680021554,0.2580549530245326,0.25274230322092595,0.005312649803606628,-0.3283480827585187,-0.33524996801932067,-0.006901885260801988,True,True,False,False,True
long_term_reversal,all_seven_families_joint__minus__long_term_reversal,market_plus_fedfunds_innovation,60,504,-0.713146299897304,0.5967296483452014,0.2521114133965081,-0.6984645567038997,0.6012277352967575,investment_to_assets__decile_03,investment_to_assets,decile_03,-0.1564290620165728,-0.1564290620165728,0.11155680677352481,0.10926015545701237,0.002296651316512438,-0.3283480827585187,-0.33524996801932067,-0.006901885260801988,True,True,False,False,True
long_term_reversal,all_seven_families_joint__minus__long_term_reversal,market_plus_fedfunds_innovation,60,504,-0.713146299897304,0.5967296483452014,0.2521114133965081,-0.6984645567038997,0.6012277352967575,investment_to_assets__decile_04,investment_to_assets,decile_04,-0.09139276548611619,-0.09139276548611619,0.0651764125438058,0.06383460743120362,0.001341805112602179,-0.3283480827585187,-0.33524996801932067,-0.006901885260801988,True,True,False,False,True
long_term_reversal,all_seven_families_joint__minus__long_term_reversal,market_plus_fedfunds_innovation,60,504,-0.713146299897304,0.5967296483452014,0.2521114133965081,-0.6984645567038997,0.6012277352967575,investment_to_assets__decile_05,investment_to_assets,decile_05,-0.31644218561958337,-0.31644218561958337,0.22566957380602176,0.22102365090119547,0.004645922904826294,-0.3283480827585187,-0.33524996801932067,-0.006901885260801988,True,True,False,False,True
long_term_reversal,all_seven_families_joint__minus__long_term_reversal,market_plus_fedfunds_innovation,60,504,-0.713146299897304,0.5967296483452014,0.2521114133965081,-0.6984645567038997,0.6012277352967575,investment_to_assets__decile_06,investment_to_assets,decile_06,-0.07848871708481683,-0.07848871708481683,0.05597393817272344,0.05482158698490439,0.0011523511878190479,-0.3283480827585187,-0.33524996801932067,-0.006901885260801988,True,True,False,False,True
long_term_reversal,all_seven_families_joint__minus__long_term_reversal,market_plus_fedfunds_innovation,60,504,-0.713146299897304,0.5967296483452014,0.2521114133965081,-0.6984645567038997,0.6012277352967575,investment_to_assets__decile_07,investment_to_assets,decile_07,-0.03280059936751034,-0.03280059936751034,0.023391626073353853,0.022910056096850324,0.0004815699765035285,-0.3283480827585187,-0.33524996801932067,-0.006901885260801988,True,True,False,False,True
long_term_reversal,all_seven_families_joint__minus__long_term_reversal,market_plus_fedfunds_innovation,60,504,-0.713146299897304,0.5967296483452014,0.2521114133965081,-0.6984645567038997,0.6012277352967575,investment_to_assets__decile_08,investment_to_assets,decile_08,-0.01152425218175683,-0.01152425218175683,0.008218477802503317,0.008049281691474734,0.00016919611102858383,-0.3283480827585187,-0.33524996801932067,-0.006901885260801988,True,True,False,False,True
long_term_reversal,all_seven_families_joint__minus__long_term_reversal,market_plus_fedfunds_innovation,60,504,-0.713146299897304,0.5967296483452014,0.2521114133965081,-0.6984645567038997,0.6012277352967575,investment_to_assets__decile_09,investment_to_assets,decile_09,0.22250219557384313,0.22250219557384313,-0.15867661749251252,-0.15540989739712874,-0.003266720095383785,-0.3283480827585187,-0.33524996801932067,-0.006901885260801988,True,True,False,False,True
long_term_reversal,all_seven_families_joint__minus__long_term_reversal,market_plus_fedfunds_innovation,60,504,-0.713146299897304,0.5967296483452014,0.2521114133965081,-0.6984645567038997,0.6012277352967575,investment_to_assets__decile_10,investment_to_assets,decile_10,0.34228783392703743,0.34228783392703743,-0.24410130226492965,-0.23907592018898624,-0.005025382075943413,-0.3283480827585187,-0.33524996801932067,-0.006901885260801988,True,True,False,False,True
long_term_reversal,all_seven_families_joint__minus__long_term_reversal,market_plus_fedfunds_innovation,60,504,-0.713146299897304,0.5967296483452014,0.2521114133965081,-0.6984645567038997,0.6012277352967575,ppe_investment__decile_01,ppe_investment,decile_01,-0.19413695787508461,-0.19413695787508461,0.13844805318193537,0.13559778422206464,0.0028502689598707276,-0.2980806949629772,-0.30434635894313694,-0.0062656639801597636,True,True,False,False,True
long_term_reversal,all_seven_families_joint__minus__long_term_reversal,market_plus_fedfunds_innovation,60,504,-0.713146299897304,0.5967296483452014,0.2521114133965081,-0.6984645567038997,0.6012277352967575,ppe_investment__decile_02,ppe_investment,decile_02,-0.12285492678161974,-0.12285492678161974,0.08761353645846633,0.0858098119734141,0.0018037244850522272,-0.2980806949629772,-0.30434635894313694,-0.0062656639801597636,True,True,False,False,True
long_term_reversal,all_seven_families_joint__minus__long_term_reversal,market_plus_fedfunds_innovation,60,504,-0.713146299897304,0.5967296483452014,0.2521114133965081,-0.6984645567038997,0.6012277352967575,ppe_investment__decile_03,ppe_investment,decile_03,-0.054084681728356565,-0.054084681728356565,0.03857029065570081,0.03777623324786807,0.0007940574078327406,-0.2980806949629772,-0.30434635894313694,-0.0062656639801597636,True,True,False,False,True
long_term_reversal,all_seven_families_joint__minus__long_term_reversal,market_plus_fedfunds_innovation,60,504,-0.713146299897304,0.5967296483452014,0.2521114133965081,-0.6984645567038997,0.6012277352967575,ppe_investment__decile_04,ppe_investment,decile_04,-0.28952482012626635,-0.28952482012626635,0.20647355420147936,0.20222282514426893,0.0042507290572104395,-0.2980806949629772,-0.30434635894313694,-0.0062656639801597636,True,True,False,False,True
long_term_reversal,all_seven_families_joint__minus__long_term_reversal,market_plus_fedfunds_innovation,60,504,-0.713146299897304,0.5967296483452014,0.2521114133965081,-0.6984645567038997,0.6012277352967575,ppe_investment__decile_05,ppe_investment,decile_05,0.07443733004356168,0.07443733004356168,-0.05308470649480044,-0.05199183673109818,-0.0010928697637022575,-0.2980806949629772,-0.30434635894313694,-0.0062656639801597636,True,True,False,False,True
long_term_reversal,all_seven_families_joint__minus__long_term_reversal,market_plus_fedfunds_innovation,60,504,-0.713146299897304,0.5967296483452014,0.2521114133965081,-0.6984645567038997,0.6012277352967575,ppe_investment__decile_06,ppe_investment,decile_06,-0.16313908625298454,-0.16313908625298454,0.11634203572994306,0.1139468695607701,0.0023951661691729575,-0.2980806949629772,-0.30434635894313694,-0.0062656639801597636,True,True,False,False,True
long_term_reversal,all_seven_families_joint__minus__long_term_reversal,market_plus_fedfunds_innovation,60,504,-0.713146299897304,0.5967296483452014,0.2521114133965081,-0.6984645567038997,0.6012277352967575,ppe_investment__decile_07,ppe_investment,decile_07,0.047641288964805344,0.047641288964805344,-0.033975208947589194,-0.03327575177760515,-0.0006994571699840413,-0.2980806949629772,-0.30434635894313694,-0.0062656639801597636,True,True,False,False,True
long_term_reversal,all_seven_families_joint__minus__long_term_reversal,market_plus_fedfunds_innovation,60,504,-0.713146299897304,0.5967296483452014,0.2521114133965081,-0.6984645567038997,0.6012277352967575,ppe_investment__decile_08,ppe_investment,decile_08,0.05574154109652549,0.05574154109652549,-0.03975187378356066,-0.03893349079197688,-0.0008183829915837798,-0.2980806949629772,-0.30434635894313694,-0.0062656639801597636,True,True,False,False,True
long_term_reversal,all_seven_families_joint__minus__long_term_reversal,market_plus_fedfunds_innovation,60,504,-0.713146299897304,0.5967296483452014,0.2521114133965081,-0.6984645567038997,0.6012277352967575,ppe_investment__decile_09,ppe_investment,decile_09,0.23459037826281948,0.23459037826281948,-0.16729726024963865,-0.16385306456034035,-0.003444195689298296,-0.2980806949629772,-0.30434635894313694,-0.0062656639801597636,True,True,False,False,True
long_term_reversal,all_seven_families_joint__minus__long_term_reversal,market_plus_fedfunds_innovation,60,504,-0.713146299897304,0.5967296483452014,0.2521114133965081,-0.6984645567038997,0.6012277352967575,ppe_investment__decile_10,ppe_investment,decile_10,0.23262871276916336,0.23262871276916336,-0.16589830576120157,-0.1624829107409125,-0.0034153950202890637,-0.2980806949629772,-0.30434635894313694,-0.0062656639801597636,True,True,False,False,True
ppe_investment,all_seven_families_joint__minus__ppe_investment,market_plus_fedfunds_innovation,60,504,-0.6825843518001311,0.6083986997710837,0.24653122345712186,-0.6984645567038997,0.6012277352967575,book_to_market__decile_01,book_to_market,decile_01,0.2871017855470292,0.2871017855470292,-0.19597118618827916,-0.20053042137100383,0.0045592351827246635,0.5352663273572212,0.5230965774752329,-0.012169749881988379,True,True,False,False,True
ppe_investment,all_seven_families_joint__minus__ppe_investment,market_plus_fedfunds_innovation,60,504,-0.6825843518001311,0.6083986997710837,0.24653122345712186,-0.6984645567038997,0.6012277352967575,book_to_market__decile_02,book_to_market,decile_02,0.075350099152168,0.075350099152168,-0.05143279858785821,-0.052629373601913915,0.0011965750140557063,0.5352663273572212,0.5230965774752329,-0.012169749881988379,True,True,False,False,True
ppe_investment,all_seven_families_joint__minus__ppe_investment,market_plus_fedfunds_innovation,60,504,-0.6825843518001311,0.6083986997710837,0.24653122345712186,-0.6984645567038997,0.6012277352967575,book_to_market__decile_03,book_to_market,decile_03,-0.21008890642284012,-0.21008890642284012,0.14340340001103272,0.1467396548930361,-0.00333625488200337,0.5352663273572212,0.5230965774752329,-0.012169749881988379,True,True,False,False,True
ppe_investment,all_seven_families_joint__minus__ppe_investment,market_plus_fedfunds_innovation,60,504,-0.6825843518001311,0.6083986997710837,0.24653122345712186,-0.6984645567038997,0.6012277352967575,book_to_market__decile_04,book_to_market,decile_04,-0.08599743601653978,-0.08599743601653978,0.058700504119823055,0.06006616102496444,-0.0013656569051413853,0.5352663273572212,0.5230965774752329,-0.012169749881988379,True,True,False,False,True
ppe_investment,all_seven_families_joint__minus__ppe_investment,market_plus_fedfunds_innovation,60,504,-0.6825843518001311,0.6083986997710837,0.24653122345712186,-0.6984645567038997,0.6012277352967575,book_to_market__decile_05,book_to_market,decile_05,0.02063896904613116,0.02063896904613116,-0.014087837308176409,-0.01441558836563151,0.00032775105745510083,0.5352663273572212,0.5230965774752329,-0.012169749881988379,True,True,False,False,True
ppe_investment,all_seven_families_joint__minus__ppe_investment,market_plus_fedfunds_innovation,60,504,-0.6825843518001311,0.6083986997710837,0.24653122345712186,-0.6984645567038997,0.6012277352967575,book_to_market__decile_06,book_to_market,decile_06,0.0012498509568634047,0.0012498509568634047,-0.0008531287052373807,-0.0008729765945315429,1.984788929416221e-05,0.5352663273572212,0.5230965774752329,-0.012169749881988379,True,True,False,False,True
ppe_investment,all_seven_families_joint__minus__ppe_investment,market_plus_fedfunds_innovation,60,504,-0.6825843518001311,0.6083986997710837,0.24653122345712186,-0.6984645567038997,0.6012277352967575,book_to_market__decile_07,book_to_market,decile_07,-0.3917123701555003,-0.3917123701555003,0.2673767342746852,0.2735972069760954,-0.006220472701410185,0.5352663273572212,0.5230965774752329,-0.012169749881988379,True,True,False,False,True
ppe_investment,all_seven_families_joint__minus__ppe_investment,market_plus_fedfunds_innovation,60,504,-0.6825843518001311,0.6083986997710837,0.24653122345712186,-0.6984645567038997,0.6012277352967575,book_to_market__decile_08,book_to_market,decile_08,-0.16906107611414867,-0.16906107611414867,0.1153984450540088,0.1180831695839531,-0.0026847245299442962,0.5352663273572212,0.5230965774752329,-0.012169749881988379,True,True,False,False,True
ppe_investment,all_seven_families_joint__minus__ppe_investment,market_plus_fedfunds_innovation,60,504,-0.6825843518001311,0.6083986997710837,0.24653122345712186,-0.6984645567038997,0.6012277352967575,book_to_market__decile_09,book_to_market,decile_09,-0.340993858428019,-0.340993858428019,0.23275707182291502,0.23817212416567862,-0.005415052342763599,0.5352663273572212,0.5230965774752329,-0.012169749881988379,True,True,False,False,True
ppe_investment,all_seven_families_joint__minus__ppe_investment,market_plus_fedfunds_innovation,60,504,-0.6825843518001311,0.6083986997710837,0.24653122345712186,-0.6984645567038997,0.6012277352967575,book_to_market__decile_10,book_to_market,decile_10,-0.47924537154162583,-0.47924537154162583,0.32712539128695367,0.3347359059862174,-0.007610514699263715,0.5352663273572212,0.5230965774752329,-0.012169749881988379,True,True,False,False,True
ppe_investment,all_seven_families_joint__minus__ppe_investment,market_plus_fedfunds_innovation,60,504,-0.6825843518001311,0.6083986997710837,0.24653122345712186,-0.6984645567038997,0.6012277352967575,earnings_to_price__decile_01,earnings_to_price,decile_01,0.3674037770031306,0.3674037770031306,-0.2507840689746018,-0.25661851623583004,0.005834447261228226,0.40711206367007624,0.39785601348424326,-0.009256050185832976,True,True,False,False,True
ppe_investment,all_seven_families_joint__minus__ppe_investment,market_plus_fedfunds_innovation,60,504,-0.6825843518001311,0.6083986997710837,0.24653122345712186,-0.6984645567038997,0.6012277352967575,earnings_to_price__decile_02,earnings_to_price,decile_02,0.21515810939249336,0.21515810939249336,-0.14686355863421677,-0.15028031349807705,0.003416754863860283,0.40711206367007624,0.39785601348424326,-0.009256050185832976,True,True,False,False,True
ppe_investment,all_seven_families_joint__minus__ppe_investment,market_plus_fedfunds_innovation,60,504,-0.6825843518001311,0.6083986997710837,0.24653122345712186,-0.6984645567038997,0.6012277352967575,earnings_to_price__decile_03,earnings_to_price,decile_03,-0.11713719354840524,-0.11713719354840524,0.07995601532992469,0.08181617796532577,-0.0018601626354010775,0.40711206367007624,0.39785601348424326,-0.009256050185832976,True,True,False,False,True
ppe_investment,all_seven_families_joint__minus__ppe_investment,market_plus_fedfunds_innovation,60,504,-0.6825843518001311,0.6083986997710837,0.24653122345712186,-0.6984645567038997,0.6012277352967575,earnings_to_price__decile_04,earnings_to_price,decile_04,-0.05449604576900344,-0.05449604576900344,0.03719814807690549,0.03806355645016242,-0.0008654083732569304,0.40711206367007624,0.39785601348424326,-0.009256050185832976,True,True,False,False,True
ppe_investment,all_seven_families_joint__minus__ppe_investment,market_plus_fedfunds_innovation,60,504,-0.6825843518001311,0.6083986997710837,0.24653122345712186,-0.6984645567038997,0.6012277352967575,earnings_to_price__decile_05,earnings_to_price,decile_05,-0.17985100381793068,-0.17985100381793068,0.12276348086166512,0.12561955165444233,-0.002856070792777207,0.40711206367007624,0.39785601348424326,-0.009256050185832976,True,True,False,False,True
ppe_investment,all_seven_families_joint__minus__ppe_investment,market_plus_fedfunds_innovation,60,504,-0.6825843518001311,0.6083986997710837,0.24653122345712186,-0.6984645567038997,0.6012277352967575,earnings_to_price__decile_06,earnings_to_price,decile_06,-0.24684352196199272,-0.24684352196199272,0.16849152543448823,0.17241145114241258,-0.003919925707924349,0.40711206367007624,0.39785601348424326,-0.009256050185832976,True,True,False,False,True
ppe_investment,all_seven_families_joint__minus__ppe_investment,market_plus_fedfunds_innovation,60,504,-0.6825843518001311,0.6083986997710837,0.24653122345712186,-0.6984645567038997,0.6012277352967575,earnings_to_price__decile_07,earnings_to_price,decile_07,-0.2028675136929416,-0.2028675136929416,0.13847419033540076,0.14169576802116277,-0.003221577685762006,0.40711206367007624,0.39785601348424326,-0.009256050185832976,True,True,False,False,True
ppe_investment,all_seven_families_joint__minus__ppe_investment,market_plus_fedfunds_innovation,60,504,-0.6825843518001311,0.6083986997710837,0.24653122345712186,-0.6984645567038997,0.6012277352967575,earnings_to_price__decile_08,earnings_to_price,decile_08,-0.2763733051652346,-0.2763733051652346,0.1886480933610715,0.1930369580770272,-0.004388864715955704,0.40711206367007624,0.39785601348424326,-0.009256050185832976,True,True,False,False,True
ppe_investment,all_seven_families_joint__minus__ppe_investment,market_plus_fedfunds_innovation,60,504,-0.6825843518001311,0.6083986997710837,0.24653122345712186,-0.6984645567038997,0.6012277352967575,earnings_to_price__decile_09,earnings_to_price,decile_09,-0.53996682842143,-0.53996682842143,0.36857290757161437,0.3771476914481848,-0.008574783876570402,0.40711206367007624,0.39785601348424326,-0.009256050185832976,True,True,False,False,True
ppe_investment,all_seven_families_joint__minus__ppe_investment,market_plus_fedfunds_innovation,60,504,-0.6825843518001311,0.6083986997710837,0.24653122345712186,-0.6984645567038997,0.6012277352967575,earnings_to_price__decile_10,earnings_to_price,decile_10,-0.21546339895102934,-0.21546339895102934,0.14707194450964142,0.1504935474342462,-0.0034216029246047774,0.40711206367007624,0.39785601348424326,-0.009256050185832976,True,True,False,False,True
ppe_investment,all_seven_families_joint__minus__ppe_investment,market_plus_fedfunds_innovation,60,504,-0.6825843518001311,0.6083986997710837,0.24653122345712186,-0.6984645567038997,0.6012277352967575,equity_duration__decile_01,equity_duration,decile_01,-0.2757730743776661,-0.2757730743776661,0.18823838521800856,0.19261771814606815,-0.004379332928059587,-0.46173860380246506,-0.4512405712681218,0.010498032534343282,True,True,False,False,True
ppe_investment,all_seven_families_joint__minus__ppe_investment,market_plus_fedfunds_innovation,60,504,-0.6825843518001311,0.6083986997710837,0.24653122345712186,-0.6984645567038997,0.6012277352967575,equity_duration__decile_02,equity_duration,decile_02,-0.6212963812089413,-0.6212963812089413,0.4240871876432723,0.43395350148284023,-0.00986631383956793,-0.46173860380246506,-0.4512405712681218,0.010498032534343282,True,True,False,False,True
ppe_investment,all_seven_families_joint__minus__ppe_investment,market_plus_fedfunds_innovation,60,504,-0.6825843518001311,0.6083986997710837,0.24653122345712186,-0.6984645567038997,0.6012277352967575,equity_duration__decile_03,equity_duration,decile_03,-0.21052604024417604,-0.21052604024417604,0.14370178071711923,0.14704497737377578,-0.003343196656656555,-0.46173860380246506,-0.4512405712681218,0.010498032534343282,True,True,False,False,True
ppe_investment,all_seven_families_joint__minus__ppe_investment,market_plus_fedfunds_innovation,60,504,-0.6825843518001311,0.6083986997710837,0.24653122345712186,-0.6984645567038997,0.6012277352967575,equity_duration__decile_04,equity_duration,decile_04,-0.2992811146997262,-0.2992811146997262,0.2042846056833333,0.20903725110859323,-0.004752645425259938,-0.46173860380246506,-0.4512405712681218,0.010498032534343282,True,True,False,False,True
ppe_investment,all_seven_families_joint__minus__ppe_investment,market_plus_fedfunds_innovation,60,504,-0.6825843518001311,0.6083986997710837,0.24653122345712186,-0.6984645567038997,0.6012277352967575,equity_duration__decile_05,equity_duration,decile_05,-0.03468774751433397,-0.03468774751433397,0.02367731365247826,0.024228162190656075,-0.0005508485381778144,-0.46173860380246506,-0.4512405712681218,0.010498032534343282,True,True,False,False,True
ppe_investment,all_seven_families_joint__minus__ppe_investment,market_plus_fedfunds_innovation,60,504,-0.6825843518001311,0.6083986997710837,0.24653122345712186,-0.6984645567038997,0.6012277352967575,equity_duration__decile_06,equity_duration,decile_06,-0.10222213829188435,-0.10222213829188435,0.06977523200558924,0.07139854050736574,-0.0016233085017764992,-0.46173860380246506,-0.4512405712681218,0.010498032534343282,True,True,False,False,True
ppe_investment,all_seven_families_joint__minus__ppe_investment,market_plus_fedfunds_innovation,60,504,-0.6825843518001311,0.6083986997710837,0.24653122345712186,-0.6984645567038997,0.6012277352967575,equity_duration__decile_07,equity_duration,decile_07,-0.033996203455434026,-0.033996203455434026,0.023205276499292812,0.023745143176115313,-0.0005398666768225008,-0.46173860380246506,-0.4512405712681218,0.010498032534343282,True,True,False,False,True
ppe_investment,all_seven_families_joint__minus__ppe_investment,market_plus_fedfunds_innovation,60,504,-0.6825843518001311,0.6083986997710837,0.24653122345712186,-0.6984645567038997,0.6012277352967575,equity_duration__decile_08,equity_duration,decile_08,-0.13137619779919033,-0.13137619779919033,0.08967533681672614,0.09176161775725532,-0.0020862809405291782,-0.46173860380246506,-0.4512405712681218,0.010498032534343282,True,True,False,False,True
ppe_investment,all_seven_families_joint__minus__ppe_investment,market_plus_fedfunds_innovation,60,504,-0.6825843518001311,0.6083986997710837,0.24653122345712186,-0.6984645567038997,0.6012277352967575,equity_duration__decile_09,equity_duration,decile_09,0.1937273673461788,0.1937273673461788,-0.13223526946593733,-0.13531169975486232,0.003076430288924986,-0.46173860380246506,-0.4512405712681218,0.010498032534343282,True,True,False,False,True
ppe_investment,all_seven_families_joint__minus__ppe_investment,market_plus_fedfunds_innovation,60,504,-0.6825843518001311,0.6083986997710837,0.24653122345712186,-0.6984645567038997,0.6012277352967575,equity_duration__decile_10,equity_duration,decile_10,0.3853035677664105,0.3853035677664105,-0.2630021860501132,-0.2691208856563969,0.006118699606283695,-0.46173860380246506,-0.4512405712681218,0.010498032534343282,True,True,False,False,True
ppe_investment,all_seven_families_joint__minus__ppe_investment,market_plus_fedfunds_innovation,60,504,-0.6825843518001311,0.6083986997710837,0.24653122345712186,-0.6984645567038997,0.6012277352967575,inventory_growth__decile_01,inventory_growth,decile_01,0.1378085262815926,0.1378085262815926,-0.09406594358445221,-0.09625437121929029,0.0021884276348380777,-0.1907630266549669,-0.1864258617662578,0.004337164888709083,False,False,False,False,True
ppe_investment,all_seven_families_joint__minus__ppe_investment,market_plus_fedfunds_innovation,60,504,-0.6825843518001311,0.6083986997710837,0.24653122345712186,-0.6984645567038997,0.6012277352967575,inventory_growth__decile_02,inventory_growth,decile_02,-0.03906799453335866,-0.03906799453335866,0.026667201724683686,0.027287609483052734,-0.000620407758369048,-0.1907630266549669,-0.1864258617662578,0.004337164888709083,False,False,False,False,True
ppe_investment,all_seven_families_joint__minus__ppe_investment,market_plus_fedfunds_innovation,60,504,-0.6825843518001311,0.6083986997710837,0.24653122345712186,-0.6984645567038997,0.6012277352967575,inventory_growth__decile_03,inventory_growth,decile_03,-0.0645053741149414,-0.0645053741149414,0.044030358977872226,0.04505471753621175,-0.0010243585583395234,-0.1907630266549669,-0.1864258617662578,0.004337164888709083,False,False,False,False,True
ppe_investment,all_seven_families_joint__minus__ppe_investment,market_plus_fedfunds_innovation,60,504,-0.6825843518001311,0.6083986997710837,0.24653122345712186,-0.6984645567038997,0.6012277352967575,inventory_growth__decile_04,inventory_growth,decile_04,-0.2787481552267323,-0.2787481552267323,0.1902691288509214,0.1946957066724694,-0.004426577821548011,-0.1907630266549669,-0.1864258617662578,0.004337164888709083,False,False,False,False,True
ppe_investment,all_seven_families_joint__minus__ppe_investment,market_plus_fedfunds_innovation,60,504,-0.6825843518001311,0.6083986997710837,0.24653122345712186,-0.6984645567038997,0.6012277352967575,inventory_growth__decile_05,inventory_growth,decile_05,-0.41941719616829937,-0.41941719616829937,0.28628761498036703,0.29294804599568375,-0.0066604310153167146,-0.1907630266549669,-0.1864258617662578,0.004337164888709083,False,False,False,False,True
ppe_investment,all_seven_families_joint__minus__ppe_investment,market_plus_fedfunds_innovation,60,504,-0.6825843518001311,0.6083986997710837,0.24653122345712186,-0.6984645567038997,0.6012277352967575,inventory_growth__decile_06,inventory_growth,decile_06,-0.16239124077594566,-0.16239124077594566,0.11084571982306789,0.11342452600116713,-0.0025788061780992466,-0.1907630266549669,-0.1864258617662578,0.004337164888709083,False,False,False,False,True
ppe_investment,all_seven_families_joint__minus__ppe_investment,market_plus_fedfunds_innovation,60,504,-0.6825843518001311,0.6083986997710837,0.24653122345712186,-0.6984645567038997,0.6012277352967575,inventory_growth__decile_07,inventory_growth,decile_07,0.20886192148974358,0.20886192148974358,-0.1425658792958065,-0.14588264940565845,0.0033167701098519575,-0.1907630266549669,-0.1864258617662578,0.004337164888709083,False,False,False,False,True
ppe_investment,all_seven_families_joint__minus__ppe_investment,market_plus_fedfunds_innovation,60,504,-0.6825843518001311,0.6083986997710837,0.24653122345712186,-0.6984645567038997,0.6012277352967575,inventory_growth__decile_08,inventory_growth,decile_08,-0.010938040972533189,-0.010938040972533189,0.007466135607199842,0.007639833939089486,-0.00017369833188964415,-0.1907630266549669,-0.1864258617662578,0.004337164888709083,False,False,False,False,True
ppe_investment,all_seven_families_joint__minus__ppe_investment,market_plus_fedfunds_innovation,60,504,-0.6825843518001311,0.6083986997710837,0.24653122345712186,-0.6984645567038997,0.6012277352967575,inventory_growth__decile_09,inventory_growth,decile_09,0.1661039221859966,0.1661039221859966,-0.11337993805678791,-0.11601770237642117,0.002637764319633265,-0.1907630266549669,-0.1864258617662578,0.004337164888709083,False,False,False,False,True
ppe_investment,all_seven_families_joint__minus__ppe_investment,market_plus_fedfunds_innovation,60,504,-0.6825843518001311,0.6083986997710837,0.24653122345712186,-0.6984645567038997,0.6012277352967575,inventory_growth__decile_10,inventory_growth,decile_10,0.41092621682725206,0.41092621682725206,-0.28049180535071,-0.2870173978742572,0.0065255925235471746,-0.1907630266549669,-0.1864258617662578,0.004337164888709083,False,False,False,False,True
ppe_investment,all_seven_families_joint__minus__ppe_investment,market_plus_fedfunds_innovation,60,504,-0.6825843518001311,0.6083986997710837,0.24653122345712186,-0.6984645567038997,0.6012277352967575,investment_to_assets__decile_01,investment_to_assets,decile_01,-0.12781201524500202,-0.12781201524500202,0.08724248157827817,0.08927216256953241,-0.0020296809912542374,-0.3283480827585187,-0.32088280082843595,0.007465281930082723,True,True,False,False,True
ppe_investment,all_seven_families_joint__minus__ppe_investment,market_plus_fedfunds_innovation,60,504,-0.6825843518001311,0.6083986997710837,0.24653122345712186,-0.6984645567038997,0.6012277352967575,investment_to_assets__decile_02,investment_to_assets,decile_02,-0.36185415680021554,-0.36185415680021554,0.24699598506565812,0.25274230322092595,-0.005746318155267827,-0.3283480827585187,-0.32088280082843595,0.007465281930082723,True,True,False,False,True
ppe_investment,all_seven_families_joint__minus__ppe_investment,market_plus_fedfunds_innovation,60,504,-0.6825843518001311,0.6083986997710837,0.24653122345712186,-0.6984645567038997,0.6012277352967575,investment_to_assets__decile_03,investment_to_assets,decile_03,-0.1564290620165728,-0.1564290620165728,0.10677602989928486,0.10926015545701237,-0.0024841255577275068,-0.3283480827585187,-0.32088280082843595,0.007465281930082723,True,True,False,False,True
ppe_investment,all_seven_families_joint__minus__ppe_investment,market_plus_fedfunds_innovation,60,504,-0.6825843518001311,0.6083986997710837,0.24653122345712186,-0.6984645567038997,0.6012277352967575,investment_to_assets__decile_04,investment_to_assets,decile_04,-0.09139276548611619,-0.09139276548611619,0.062383271588562016,0.06383460743120362,-0.0014513358426416004,-0.3283480827585187,-0.32088280082843595,0.007465281930082723,True,True,False,False,True
ppe_investment,all_seven_families_joint__minus__ppe_investment,market_plus_fedfunds_innovation,60,504,-0.6825843518001311,0.6083986997710837,0.24653122345712186,-0.6984645567038997,0.6012277352967575,investment_to_assets__decile_05,investment_to_assets,decile_05,-0.31644218561958337,-0.31644218561958337,0.2159984841533601,0.22102365090119547,-0.0050251667478353745,-0.3283480827585187,-0.32088280082843595,0.007465281930082723,True,True,False,False,True
ppe_investment,all_seven_families_joint__minus__ppe_investment,market_plus_fedfunds_innovation,60,504,-0.6825843518001311,0.6083986997710837,0.24653122345712186,-0.6984645567038997,0.6012277352967575,investment_to_assets__decile_06,investment_to_assets,decile_06,-0.07848871708481683,-0.07848871708481683,0.053575170074963575,0.05482158698490439,-0.0012464169099408173,-0.3283480827585187,-0.32088280082843595,0.007465281930082723,True,True,False,False,True
ppe_investment,all_seven_families_joint__minus__ppe_investment,market_plus_fedfunds_innovation,60,504,-0.6825843518001311,0.6083986997710837,0.24653122345712186,-0.6984645567038997,0.6012277352967575,investment_to_assets__decile_07,investment_to_assets,decile_07,-0.03280059936751034,-0.03280059936751034,0.022389175857927837,0.022910056096850324,-0.0005208802389224873,-0.3283480827585187,-0.32088280082843595,0.007465281930082723,True,True,False,False,True
ppe_investment,all_seven_families_joint__minus__ppe_investment,market_plus_fedfunds_innovation,60,504,-0.6825843518001311,0.6083986997710837,0.24653122345712186,-0.6984645567038997,0.6012277352967575,investment_to_assets__decile_08,investment_to_assets,decile_08,-0.01152425218175683,-0.01152425218175683,0.007866274205465732,0.008049281691474734,-0.00018300748600900106,-0.3283480827585187,-0.32088280082843595,0.007465281930082723,True,True,False,False,True
ppe_investment,all_seven_families_joint__minus__ppe_investment,market_plus_fedfunds_innovation,60,504,-0.6825843518001311,0.6083986997710837,0.24653122345712186,-0.6984645567038997,0.6012277352967575,investment_to_assets__decile_09,investment_to_assets,decile_09,0.22250219557384313,0.22250219557384313,-0.15187651693987772,-0.15540989739712874,0.0035333804572510175,-0.3283480827585187,-0.32088280082843595,0.007465281930082723,True,True,False,False,True
ppe_investment,all_seven_families_joint__minus__ppe_investment,market_plus_fedfunds_innovation,60,504,-0.6825843518001311,0.6083986997710837,0.24653122345712186,-0.6984645567038997,0.6012277352967575,investment_to_assets__decile_10,investment_to_assets,decile_10,0.34228783392703743,0.34228783392703743,-0.23364031925015777,-0.23907592018898624,0.005435600938828472,-0.3283480827585187,-0.32088280082843595,0.007465281930082723,True,True,False,False,True
ppe_investment,all_seven_families_joint__minus__ppe_investment,market_plus_fedfunds_innovation,60,504,-0.6825843518001311,0.6083986997710837,0.24653122345712186,-0.6984645567038997,0.6012277352967575,long_term_reversal__decile_01,long_term_reversal,decile_01,-0.10355707708580941,-0.10355707708580941,0.07068644033693343,0.07233094794029145,-0.0016445076033580197,-0.2991828713209408,-0.2923806860780774,0.006802185242863412,True,True,False,False,True
ppe_investment,all_seven_families_joint__minus__ppe_investment,market_plus_fedfunds_innovation,60,504,-0.6825843518001311,0.6083986997710837,0.24653122345712186,-0.6984645567038997,0.6012277352967575,long_term_reversal__decile_02,long_term_reversal,decile_02,-0.3720569019026301,-0.3720569019026301,0.25396021921797174,0.25986855905604683,-0.005908339838075094,-0.2991828713209408,-0.2923806860780774,0.006802185242863412,True,True,False,False,True
ppe_investment,all_seven_families_joint__minus__ppe_investment,market_plus_fedfunds_innovation,60,504,-0.6825843518001311,0.6083986997710837,0.24653122345712186,-0.6984645567038997,0.6012277352967575,long_term_reversal__decile_03,long_term_reversal,decile_03,-0.3712525888164007,-0.3712525888164007,0.2534112076913635,0.2593067748728225,-0.005895567181459005,-0.2991828713209408,-0.2923806860780774,0.006802185242863412,True,True,False,False,True
ppe_investment,all_seven_families_joint__minus__ppe_investment,market_plus_fedfunds_innovation,60,504,-0.6825843518001311,0.6083986997710837,0.24653122345712186,-0.6984645567038997,0.6012277352967575,long_term_reversal__decile_04,long_term_reversal,decile_04,-0.22846598513518937,-0.22846598513518937,0.15594730637188162,0.1595753930293698,-0.0036280866574881776,-0.2991828713209408,-0.2923806860780774,0.006802185242863412,True,True,False,False,True
ppe_investment,all_seven_families_joint__minus__ppe_investment,market_plus_fedfunds_innovation,60,504,-0.6825843518001311,0.6083986997710837,0.24653122345712186,-0.6984645567038997,0.6012277352967575,long_term_reversal__decile_05,long_term_reversal,decile_05,-0.15032059431658618,-0.15032059431658618,0.10260648543379745,0.10499360727280112,-0.002387121839003664,-0.2991828713209408,-0.2923806860780774,0.006802185242863412,True,True,False,False,True
ppe_investment,all_seven_families_joint__minus__ppe_investment,market_plus_fedfunds_innovation,60,504,-0.6825843518001311,0.6083986997710837,0.24653122345712186,-0.6984645567038997,0.6012277352967575,long_term_reversal__decile_06,long_term_reversal,decile_06,-0.06017178443824575,-0.06017178443824575,0.04107231847743719,0.04202785874374193,-0.0009555402663047399,-0.2991828713209408,-0.2923806860780774,0.006802185242863412,True,True,False,False,True
ppe_investment,all_seven_families_joint__minus__ppe_investment,market_plus_fedfunds_innovation,60,504,-0.6825843518001311,0.6083986997710837,0.24653122345712186,-0.6984645567038997,0.6012277352967575,long_term_reversal__decile_07,long_term_reversal,decile_07,-0.07932642859369798,-0.07932642859369798,0.05414697884224873,0.05540669878260082,-0.0012597199403520942,-0.2991828713209408,-0.2923806860780774,0.006802185242863412,True,True,False,False,True
ppe_investment,all_seven_families_joint__minus__ppe_investment,market_plus_fedfunds_innovation,60,504,-0.6825843518001311,0.6083986997710837,0.24653122345712186,-0.6984645567038997,0.6012277352967575,long_term_reversal__decile_08,long_term_reversal,decile_08,-0.34249887285688146,-0.34249887285688146,0.23378437112128994,0.23922332340156702,-0.005438952280277076,-0.2991828713209408,-0.2923806860780774,0.006802185242863412,True,True,False,False,True
ppe_investment,all_seven_families_joint__minus__ppe_investment,market_plus_fedfunds_innovation,60,504,-0.6825843518001311,0.6083986997710837,0.24653122345712186,-0.6984645567038997,0.6012277352967575,long_term_reversal__decile_09,long_term_reversal,decile_09,0.04635485591806049,0.04635485591806049,-0.03164109927961779,-0.03237722388988126,0.0007361246102634694,-0.2991828713209408,-0.2923806860780774,0.006802185242863412,True,True,False,False,True
ppe_investment,all_seven_families_joint__minus__ppe_investment,market_plus_fedfunds_innovation,60,504,-0.6825843518001311,0.6083986997710837,0.24653122345712186,-0.6984645567038997,0.6012277352967575,long_term_reversal__decile_10,long_term_reversal,decile_10,0.3247865925383222,0.3247865925383222,-0.22169424574114396,-0.22685192338064933,0.005157677639505365,-0.2991828713209408,-0.2923806860780774,0.006802185242863412,True,True,False,False,True
