target_id,source_table,source_location,portfolio_set,model,statistic,uncertainty_type,published_value,published_decimals,tolerance,generated_column,replication_mode,generated_value,difference,within_published_rounding,status,published_uncertainty,generated_uncertainty,uncertainty_difference,uncertainty_within_published_rounding,uncertainty_status,uncertainty_monte_carlo_standard_error,uncertainty_tolerance_attainable
TBL3_BM_lambda_M,Table 3,article_pdf:p.938:Table 3,book_to_market,capm,lambda_market,shanken_t_statistic,0.7,2,0.005,lambda_RM,documented_reconstruction,0.6990855418524418,-0.0009144581475581948,True,recovered_within_published_rounding,3.33,3.3164313722606567,-0.01356862773934342,False,not_recovered_within_published_rounding,,
TBL3_BM_lambda_M_empp,Table 3,article_pdf:p.938:Table 3,book_to_market,capm,lambda_market,empirical_bootstrap_p_value,0.7,2,0.005,lambda_RM,documented_reconstruction,0.6990855418524418,-0.0009144581475581948,True,recovered_within_published_rounding,0.000,0.0,0.0,True,recovered_within_published_rounding,0.0,True
TBL3_BM_chi2,Table 3,article_pdf:p.938:Table 3,book_to_market,capm,chi_square,asymptotic_p_value,16.0,2,0.005,chi_square_statistic,documented_reconstruction,15.493891034626856,-0.5061089653731443,False,not_recovered_within_published_rounding,0.067,0.0782326928185918,0.011232692818591794,False,not_recovered_within_published_rounding,,
TBL3_BM_chi2_empp,Table 3,article_pdf:p.938:Table 3,book_to_market,capm,chi_square,empirical_bootstrap_p_value,16.0,2,0.005,chi_square_statistic,documented_reconstruction,15.493891034626856,-0.5061089653731443,False,not_recovered_within_published_rounding,0.063,0.0606,-0.0023999999999999994,False,not_resolvable_monte_carlo_error_exceeds_published_rounding,0.0034360151338432726,False
TBL3_BM_R2OLS,Table 3,article_pdf:p.938:Table 3,book_to_market,capm,r2_ols,empirical_bootstrap_p_value,-0.41,2,0.005,article_cross_sectional_fit,documented_reconstruction,-0.4100087320740413,-8.73207404133991e-06,True,recovered_within_published_rounding,0.289,0.256,-0.032999999999999974,False,not_resolvable_monte_carlo_error_exceeds_published_rounding,0.006410600595888033,False
TBL3_DUR_lambda_M,Table 3,article_pdf:p.938:Table 3,equity_duration,capm,lambda_market,shanken_t_statistic,0.68,2,0.005,lambda_RM,documented_reconstruction,0.6859287180806282,0.005928718080628115,False,not_recovered_within_published_rounding,3.23,3.2761754654617983,0.04617546546179829,False,not_recovered_within_published_rounding,,
TBL3_DUR_lambda_M_empp,Table 3,article_pdf:p.938:Table 3,equity_duration,capm,lambda_market,empirical_bootstrap_p_value,0.68,2,0.005,lambda_RM,documented_reconstruction,0.6859287180806282,0.005928718080628115,False,not_recovered_within_published_rounding,0.000,0.0,0.0,True,recovered_within_published_rounding,0.0,True
TBL3_DUR_chi2,Table 3,article_pdf:p.938:Table 3,equity_duration,capm,chi_square,asymptotic_p_value,22.31,2,0.005,chi_square_statistic,documented_reconstruction,22.941444959900338,0.6314449599003389,False,not_recovered_within_published_rounding,0.008,0.0063291713239111,-0.0016708286760889002,False,not_recovered_within_published_rounding,,
TBL3_DUR_chi2_empp,Table 3,article_pdf:p.938:Table 3,equity_duration,capm,chi_square,empirical_bootstrap_p_value,22.31,2,0.005,chi_square_statistic,documented_reconstruction,22.941444959900338,0.6314449599003389,False,not_recovered_within_published_rounding,0.045,0.045,0.0,True,recovered_within_published_rounding,0.0029317230428538097,False
TBL3_DUR_R2OLS,Table 3,article_pdf:p.938:Table 3,equity_duration,capm,r2_ols,empirical_bootstrap_p_value,-0.85,2,0.005,article_cross_sectional_fit,documented_reconstruction,-0.7881447830569539,0.061855216943046076,False,not_recovered_within_published_rounding,0.342,0.3488,0.006799999999999973,False,not_resolvable_monte_carlo_error_exceeds_published_rounding,0.006708740567349433,False
TBL3_EP_lambda_M,Table 3,article_pdf:p.938:Table 3,earnings_to_price,capm,lambda_market,shanken_t_statistic,0.67,2,0.005,lambda_RM,documented_reconstruction,0.6716794135251678,0.001679413525167761,True,recovered_within_published_rounding,3.21,3.1981902181571846,-0.011809781842815337,False,not_recovered_within_published_rounding,,
TBL3_EP_lambda_M_empp,Table 3,article_pdf:p.938:Table 3,earnings_to_price,capm,lambda_market,empirical_bootstrap_p_value,0.67,2,0.005,lambda_RM,documented_reconstruction,0.6716794135251678,0.001679413525167761,True,recovered_within_published_rounding,0.000,0.0,0.0,True,recovered_within_published_rounding,0.0,True
TBL3_EP_chi2,Table 3,article_pdf:p.938:Table 3,earnings_to_price,capm,chi_square,asymptotic_p_value,23.12,2,0.005,chi_square_statistic,documented_reconstruction,22.77006595508473,-0.3499340449152726,False,not_recovered_within_published_rounding,0.006,0.0067338954189244,0.0007338954189243995,False,not_recovered_within_published_rounding,,
TBL3_EP_chi2_empp,Table 3,article_pdf:p.938:Table 3,earnings_to_price,capm,chi_square,empirical_bootstrap_p_value,23.12,2,0.005,chi_square_statistic,documented_reconstruction,22.77006595508473,-0.3499340449152726,False,not_recovered_within_published_rounding,0.049,0.053,0.003999999999999997,False,not_resolvable_monte_carlo_error_exceeds_published_rounding,0.0030528347482299137,False
TBL3_EP_R2OLS,Table 3,article_pdf:p.938:Table 3,earnings_to_price,capm,r2_ols,empirical_bootstrap_p_value,-0.74,2,0.005,article_cross_sectional_fit,documented_reconstruction,-0.8809251508377092,-0.14092515083770918,False,not_recovered_within_published_rounding,0.344,0.3504,0.006400000000000017,False,not_resolvable_monte_carlo_error_exceeds_published_rounding,0.006718094968069446,False
TBL3_REV_lambda_M,Table 3,article_pdf:p.938:Table 3,long_term_reversal,capm,lambda_market,shanken_t_statistic,0.71,2,0.005,lambda_RM,documented_reconstruction,0.7050391786423272,-0.004960821357672729,True,recovered_within_published_rounding,3.37,3.355662062864905,-0.014337937135095125,False,not_recovered_within_published_rounding,,
TBL3_REV_lambda_M_empp,Table 3,article_pdf:p.938:Table 3,long_term_reversal,capm,lambda_market,empirical_bootstrap_p_value,0.71,2,0.005,lambda_RM,documented_reconstruction,0.7050391786423272,-0.004960821357672729,True,recovered_within_published_rounding,0.000,0.0,0.0,True,recovered_within_published_rounding,0.0,True
TBL3_REV_chi2,Table 3,article_pdf:p.938:Table 3,long_term_reversal,capm,chi_square,asymptotic_p_value,12.74,2,0.005,chi_square_statistic,documented_reconstruction,13.008485960703922,0.26848596070392183,False,not_recovered_within_published_rounding,0.175,0.1622226573254843,-0.01277734267451569,False,not_recovered_within_published_rounding,,
TBL3_REV_chi2_empp,Table 3,article_pdf:p.938:Table 3,long_term_reversal,capm,chi_square,empirical_bootstrap_p_value,12.74,2,0.005,chi_square_statistic,documented_reconstruction,13.008485960703922,0.26848596070392183,False,not_recovered_within_published_rounding,0.093,0.0922,-0.0007999999999999952,False,not_resolvable_monte_carlo_error_exceeds_published_rounding,0.004107334902342393,False
TBL3_REV_R2OLS,Table 3,article_pdf:p.938:Table 3,long_term_reversal,capm,r2_ols,empirical_bootstrap_p_value,-0.18,2,0.005,article_cross_sectional_fit,documented_reconstruction,-0.2346886515725619,-0.05468865157256192,False,not_recovered_within_published_rounding,0.156,0.1642,0.008200000000000013,False,not_resolvable_monte_carlo_error_exceeds_published_rounding,0.0051315494735995676,False
TBL3_IA_lambda_M,Table 3,article_pdf:p.938:Table 3,investment_to_assets,capm,lambda_market,shanken_t_statistic,0.6,2,0.005,lambda_RM,documented_reconstruction,0.6051197324184684,0.0051197324184684145,False,not_recovered_within_published_rounding,2.92,2.924306713054391,0.004306713054391231,True,recovered_within_published_rounding,,
TBL3_IA_lambda_M_empp,Table 3,article_pdf:p.938:Table 3,investment_to_assets,capm,lambda_market,empirical_bootstrap_p_value,0.6,2,0.005,lambda_RM,documented_reconstruction,0.6051197324184684,0.0051197324184684145,False,not_recovered_within_published_rounding,0.000,0.0,0.0,True,recovered_within_published_rounding,0.0,True
TBL3_IA_chi2,Table 3,article_pdf:p.938:Table 3,investment_to_assets,capm,chi_square,asymptotic_p_value,21.56,2,0.005,chi_square_statistic,documented_reconstruction,20.8142252237407,-0.7457747762592994,False,not_recovered_within_published_rounding,0.010,0.0135013222399376,0.0035013222399376005,False,not_recovered_within_published_rounding,,
TBL3_IA_chi2_empp,Table 3,article_pdf:p.938:Table 3,investment_to_assets,capm,chi_square,empirical_bootstrap_p_value,21.56,2,0.005,chi_square_statistic,documented_reconstruction,20.8142252237407,-0.7457747762592994,False,not_recovered_within_published_rounding,0.069,0.0676,-0.0014000000000000123,False,not_resolvable_monte_carlo_error_exceeds_published_rounding,0.0035843827920577906,False
TBL3_IA_R2OLS,Table 3,article_pdf:p.938:Table 3,investment_to_assets,capm,r2_ols,empirical_bootstrap_p_value,-1.18,2,0.005,article_cross_sectional_fit,documented_reconstruction,-1.129524132793212,0.05047586720678798,False,not_recovered_within_published_rounding,0.334,0.3364,0.0023999999999999577,False,not_resolvable_monte_carlo_error_exceeds_published_rounding,0.006669992503743913,False
TBL3_PIA_lambda_M,Table 3,article_pdf:p.938:Table 3,ppe_investment,capm,lambda_market,shanken_t_statistic,0.57,2,0.005,lambda_RM,documented_reconstruction,0.5746818534735204,0.004681853473520459,True,recovered_within_published_rounding,2.78,2.778457139476563,-0.0015428605234366621,True,recovered_within_published_rounding,,
TBL3_PIA_lambda_M_empp,Table 3,article_pdf:p.938:Table 3,ppe_investment,capm,lambda_market,empirical_bootstrap_p_value,0.57,2,0.005,lambda_RM,documented_reconstruction,0.5746818534735204,0.004681853473520459,True,recovered_within_published_rounding,0.000,0.0,0.0,True,recovered_within_published_rounding,0.0,True
TBL3_PIA_chi2,Table 3,article_pdf:p.938:Table 3,ppe_investment,capm,chi_square,asymptotic_p_value,26.36,2,0.005,chi_square_statistic,documented_reconstruction,28.15503970169849,1.7950397016984923,False,not_recovered_within_published_rounding,0.002,0.0008985929905979,-0.0011014070094021002,False,not_recovered_within_published_rounding,,
TBL3_PIA_chi2_empp,Table 3,article_pdf:p.938:Table 3,ppe_investment,capm,chi_square,empirical_bootstrap_p_value,26.36,2,0.005,chi_square_statistic,documented_reconstruction,28.15503970169849,1.7950397016984923,False,not_recovered_within_published_rounding,0.056,0.0558,-0.0001999999999999988,True,recovered_within_published_rounding,0.003251584229264252,False
TBL3_PIA_R2OLS,Table 3,article_pdf:p.938:Table 3,ppe_investment,capm,r2_ols,empirical_bootstrap_p_value,-0.43,2,0.005,article_cross_sectional_fit,documented_reconstruction,-0.4058215325731309,0.024178467426869077,False,not_recovered_within_published_rounding,0.220,0.2148,-0.00520000000000001,False,not_resolvable_monte_carlo_error_exceeds_published_rounding,0.005858327406350724,False
TBL3_IVG_lambda_M,Table 3,article_pdf:p.938:Table 3,inventory_growth,capm,lambda_market,shanken_t_statistic,0.6,2,0.005,lambda_RM,documented_reconstruction,0.6032610271688084,0.0032610271688083836,True,recovered_within_published_rounding,2.91,2.9116153996682628,0.0016153996682626293,True,recovered_within_published_rounding,,
TBL3_IVG_lambda_M_empp,Table 3,article_pdf:p.938:Table 3,inventory_growth,capm,lambda_market,empirical_bootstrap_p_value,0.6,2,0.005,lambda_RM,documented_reconstruction,0.6032610271688084,0.0032610271688083836,True,recovered_within_published_rounding,0.000,0.0002,0.0002,True,recovered_within_published_rounding,0.0,True
TBL3_IVG_chi2,Table 3,article_pdf:p.938:Table 3,inventory_growth,capm,chi_square,asymptotic_p_value,18.1,2,0.005,chi_square_statistic,documented_reconstruction,16.58227418282072,-1.517725817179283,False,not_recovered_within_published_rounding,0.034,0.0556737853826631,0.021673785382663097,False,not_recovered_within_published_rounding,,
TBL3_IVG_chi2_empp,Table 3,article_pdf:p.938:Table 3,inventory_growth,capm,chi_square,empirical_bootstrap_p_value,18.1,2,0.005,chi_square_statistic,documented_reconstruction,16.58227418282072,-1.517725817179283,False,not_recovered_within_published_rounding,0.073,0.0828,0.009800000000000003,False,not_resolvable_monte_carlo_error_exceeds_published_rounding,0.0036788857008610634,False
TBL3_IVG_R2OLS,Table 3,article_pdf:p.938:Table 3,inventory_growth,capm,r2_ols,empirical_bootstrap_p_value,-0.55,2,0.005,article_cross_sectional_fit,documented_reconstruction,-0.5542761790164572,-0.00427617901645716,True,recovered_within_published_rounding,0.204,0.2002,-0.003799999999999998,False,not_resolvable_monte_carlo_error_exceeds_published_rounding,0.005698841987632224,False
TBL3_All_lambda_M,Table 3,article_pdf:p.938:Table 3,all_seven_families_joint,capm,lambda_market,shanken_t_statistic,0.65,2,0.005,lambda_RM,documented_reconstruction,0.6476779544193649,-0.0023220455806350904,True,recovered_within_published_rounding,3.12,3.120059853070002,5.9853070002002795e-05,True,recovered_within_published_rounding,,
TBL3_All_lambda_M_empp,Table 3,article_pdf:p.938:Table 3,all_seven_families_joint,capm,lambda_market,empirical_bootstrap_p_value,0.65,2,0.005,lambda_RM,documented_reconstruction,0.6476779544193649,-0.0023220455806350904,True,recovered_within_published_rounding,0.001,0.0006,-0.0004000000000000001,True,recovered_within_published_rounding,0.0004469899327725402,True
TBL3_All_chi2,Table 3,article_pdf:p.938:Table 3,all_seven_families_joint,capm,chi_square,asymptotic_p_value,105.58,2,0.005,chi_square_statistic,documented_reconstruction,99.57356416612016,-6.006435833879834,False,not_recovered_within_published_rounding,0.003,0.0093991114043076,0.006399111404307599,False,not_recovered_within_published_rounding,,
TBL3_All_chi2_empp,Table 3,article_pdf:p.938:Table 3,all_seven_families_joint,capm,chi_square,empirical_bootstrap_p_value,105.58,2,0.005,chi_square_statistic,documented_reconstruction,99.57356416612016,-6.006435833879834,False,not_recovered_within_published_rounding,0.092,0.1106,0.018600000000000005,False,not_resolvable_monte_carlo_error_exceeds_published_rounding,0.004087444189221426,False
TBL3_All_R2OLS,Table 3,article_pdf:p.938:Table 3,all_seven_families_joint,capm,r2_ols,empirical_bootstrap_p_value,-0.59,2,0.005,article_cross_sectional_fit,documented_reconstruction,-0.6125179630398105,-0.022517963039810573,False,not_recovered_within_published_rounding,0.218,0.232,0.014000000000000012,False,not_resolvable_monte_carlo_error_exceeds_published_rounding,0.00583910952115132,False
TBL4_BM_lambda_M,Table 4,article_pdf:p.939:Table 4,book_to_market,market_plus_fedfunds_innovation,lambda_market,shanken_t_statistic,0.61,2,0.005,lambda_RM,documented_reconstruction,0.6042011361324355,-0.005798863867564452,False,not_recovered_within_published_rounding,2.89,2.844960740214923,-0.04503925978507706,False,not_recovered_within_published_rounding,,
TBL4_BM_lambda_M_empp,Table 4,article_pdf:p.939:Table 4,book_to_market,market_plus_fedfunds_innovation,lambda_market,empirical_bootstrap_p_value,0.61,2,0.005,lambda_RM,documented_reconstruction,0.6042011361324355,-0.005798863867564452,False,not_recovered_within_published_rounding,0.000,0.0,0.0,True,recovered_within_published_rounding,0.0,True
TBL4_BM_lambda_FFR,Table 4,article_pdf:p.939:Table 4,book_to_market,market_plus_fedfunds_innovation,lambda_rate,shanken_t_statistic,-0.67,2,0.005,lambda_FFR_innovation,documented_reconstruction,-0.7601301178391229,-0.09013011783912284,False,not_recovered_within_published_rounding,-2.25,-2.0792065523707293,0.17079344762927073,False,not_recovered_within_published_rounding,,
TBL4_BM_lambda_FFR_empp,Table 4,article_pdf:p.939:Table 4,book_to_market,market_plus_fedfunds_innovation,lambda_rate,empirical_bootstrap_p_value,-0.67,2,0.005,lambda_FFR_innovation,documented_reconstruction,-0.7601301178391229,-0.09013011783912284,False,not_recovered_within_published_rounding,0.006,0.0098,0.0037999999999999996,False,not_resolvable_monte_carlo_error_exceeds_published_rounding,0.0010921538353180838,False
TBL4_BM_chi2,Table 4,article_pdf:p.939:Table 4,book_to_market,market_plus_fedfunds_innovation,chi_square,asymptotic_p_value,5.25,2,0.005,chi_square_statistic,documented_reconstruction,3.683158427566778,-1.5668415724332219,False,not_recovered_within_published_rounding,0.731,0.8845193978274536,0.1535193978274536,False,not_recovered_within_published_rounding,,
TBL4_BM_chi2_empp,Table 4,article_pdf:p.939:Table 4,book_to_market,market_plus_fedfunds_innovation,chi_square,empirical_bootstrap_p_value,5.25,2,0.005,chi_square_statistic,documented_reconstruction,3.683158427566778,-1.5668415724332219,False,not_recovered_within_published_rounding,0.190,0.3392,0.1492,False,not_resolvable_monte_carlo_error_exceeds_published_rounding,0.005547972602672079,False
TBL4_BM_R2OLS,Table 4,article_pdf:p.939:Table 4,book_to_market,market_plus_fedfunds_innovation,r2_ols,empirical_bootstrap_p_value,0.62,2,0.005,article_cross_sectional_fit,documented_reconstruction,0.7065967164420085,0.0865967164420085,False,not_recovered_within_published_rounding,0.043,0.0238,-0.019199999999999995,False,not_resolvable_monte_carlo_error_exceeds_published_rounding,0.0028688325151531584,False
TBL4_DUR_lambda_M,Table 4,article_pdf:p.939:Table 4,equity_duration,market_plus_fedfunds_innovation,lambda_market,shanken_t_statistic,0.61,2,0.005,lambda_RM,documented_reconstruction,0.613078116122681,0.0030781161226810516,True,recovered_within_published_rounding,2.89,2.8924369709351496,0.002436970935149496,True,recovered_within_published_rounding,,
TBL4_DUR_lambda_M_empp,Table 4,article_pdf:p.939:Table 4,equity_duration,market_plus_fedfunds_innovation,lambda_market,empirical_bootstrap_p_value,0.61,2,0.005,lambda_RM,documented_reconstruction,0.613078116122681,0.0030781161226810516,True,recovered_within_published_rounding,0.000,0.0008,0.0008,False,not_recovered_within_published_rounding,0.0,True
TBL4_DUR_lambda_FFR,Table 4,article_pdf:p.939:Table 4,equity_duration,market_plus_fedfunds_innovation,lambda_rate,shanken_t_statistic,-0.78,2,0.005,lambda_FFR_innovation,documented_reconstruction,-0.7782407946162454,0.001759205383754625,True,recovered_within_published_rounding,-2.49,-2.522881178763257,-0.0328811787632568,False,not_recovered_within_published_rounding,,
TBL4_DUR_lambda_FFR_empp,Table 4,article_pdf:p.939:Table 4,equity_duration,market_plus_fedfunds_innovation,lambda_rate,empirical_bootstrap_p_value,-0.78,2,0.005,lambda_FFR_innovation,documented_reconstruction,-0.7782407946162454,0.001759205383754625,True,recovered_within_published_rounding,0.003,0.0026,-0.0004000000000000002,True,recovered_within_published_rounding,0.0007734339015067804,False
TBL4_DUR_chi2,Table 4,article_pdf:p.939:Table 4,equity_duration,market_plus_fedfunds_innovation,chi_square,asymptotic_p_value,4.48,2,0.005,chi_square_statistic,documented_reconstruction,4.9274674809321,0.4474674809321,False,not_recovered_within_published_rounding,0.811,0.7652996539143821,-0.045700346085617904,False,not_recovered_within_published_rounding,,
TBL4_DUR_chi2_empp,Table 4,article_pdf:p.939:Table 4,equity_duration,market_plus_fedfunds_innovation,chi_square,empirical_bootstrap_p_value,4.48,2,0.005,chi_square_statistic,documented_reconstruction,4.9274674809321,0.4474674809321,False,not_recovered_within_published_rounding,0.343,0.2846,-0.05840000000000001,False,not_resolvable_monte_carlo_error_exceeds_published_rounding,0.0067134342925212285,False
TBL4_DUR_R2OLS,Table 4,article_pdf:p.939:Table 4,equity_duration,market_plus_fedfunds_innovation,r2_ols,empirical_bootstrap_p_value,0.7,2,0.005,article_cross_sectional_fit,documented_reconstruction,0.6814964925157461,-0.01850350748425389,False,not_recovered_within_published_rounding,0.013,0.0204,0.007400000000000002,False,not_resolvable_monte_carlo_error_exceeds_published_rounding,0.0016019363283226958,False
TBL4_EP_lambda_M,Table 4,article_pdf:p.939:Table 4,earnings_to_price,market_plus_fedfunds_innovation,lambda_market,shanken_t_statistic,0.59,2,0.005,lambda_RM,documented_reconstruction,0.5945909704846362,0.004590970484636192,True,recovered_within_published_rounding,2.73,2.7867122327883145,0.0567122327883145,False,not_recovered_within_published_rounding,,
TBL4_EP_lambda_M_empp,Table 4,article_pdf:p.939:Table 4,earnings_to_price,market_plus_fedfunds_innovation,lambda_market,empirical_bootstrap_p_value,0.59,2,0.005,lambda_RM,documented_reconstruction,0.5945909704846362,0.004590970484636192,True,recovered_within_published_rounding,0.000,0.0002,0.0002,True,recovered_within_published_rounding,0.0,True
TBL4_EP_lambda_FFR,Table 4,article_pdf:p.939:Table 4,earnings_to_price,market_plus_fedfunds_innovation,lambda_rate,shanken_t_statistic,-0.8,2,0.005,lambda_FFR_innovation,documented_reconstruction,-0.7281132288180231,0.07188677118197695,False,not_recovered_within_published_rounding,-2.19,-2.1741196009777948,0.01588039902220517,False,not_recovered_within_published_rounding,,
TBL4_EP_lambda_FFR_empp,Table 4,article_pdf:p.939:Table 4,earnings_to_price,market_plus_fedfunds_innovation,lambda_rate,empirical_bootstrap_p_value,-0.8,2,0.005,lambda_FFR_innovation,documented_reconstruction,-0.7281132288180231,0.07188677118197695,False,not_recovered_within_published_rounding,0.011,0.009,-0.002,False,not_resolvable_monte_carlo_error_exceeds_published_rounding,0.0014750593208410297,False
TBL4_EP_chi2,Table 4,article_pdf:p.939:Table 4,earnings_to_price,market_plus_fedfunds_innovation,chi_square,asymptotic_p_value,4.87,2,0.005,chi_square_statistic,documented_reconstruction,7.345788494285972,2.475788494285972,False,not_recovered_within_published_rounding,0.771,0.4998251385080332,-0.27117486149196685,False,not_recovered_within_published_rounding,,
TBL4_EP_chi2_empp,Table 4,article_pdf:p.939:Table 4,earnings_to_price,market_plus_fedfunds_innovation,chi_square,empirical_bootstrap_p_value,4.87,2,0.005,chi_square_statistic,documented_reconstruction,7.345788494285972,2.475788494285972,False,not_recovered_within_published_rounding,0.324,0.1682,-0.15580000000000002,False,not_resolvable_monte_carlo_error_exceeds_published_rounding,0.006618519471906084,False
TBL4_EP_R2OLS,Table 4,article_pdf:p.939:Table 4,earnings_to_price,market_plus_fedfunds_innovation,r2_ols,empirical_bootstrap_p_value,0.78,2,0.005,article_cross_sectional_fit,documented_reconstruction,0.4937262614446596,-0.28627373855534044,False,not_recovered_within_published_rounding,0.004,0.048,0.044,False,not_resolvable_monte_carlo_error_exceeds_published_rounding,0.0008926365441768558,False
TBL4_REV_lambda_M,Table 4,article_pdf:p.939:Table 4,long_term_reversal,market_plus_fedfunds_innovation,lambda_market,shanken_t_statistic,0.64,2,0.005,lambda_RM,documented_reconstruction,0.6384767175957473,-0.0015232824042527016,True,recovered_within_published_rounding,3.01,3.00552805531003,-0.00447194468996992,True,recovered_within_published_rounding,,
TBL4_REV_lambda_M_empp,Table 4,article_pdf:p.939:Table 4,long_term_reversal,market_plus_fedfunds_innovation,lambda_market,empirical_bootstrap_p_value,0.64,2,0.005,lambda_RM,documented_reconstruction,0.6384767175957473,-0.0015232824042527016,True,recovered_within_published_rounding,0.000,0.0,0.0,True,recovered_within_published_rounding,0.0,True
TBL4_REV_lambda_FFR,Table 4,article_pdf:p.939:Table 4,long_term_reversal,market_plus_fedfunds_innovation,lambda_rate,shanken_t_statistic,-0.58,2,0.005,lambda_FFR_innovation,documented_reconstruction,-0.564000762452668,0.015999237547332013,False,not_recovered_within_published_rounding,-1.94,-1.9648439772350583,-0.02484397723505838,False,not_recovered_within_published_rounding,,
TBL4_REV_lambda_FFR_empp,Table 4,article_pdf:p.939:Table 4,long_term_reversal,market_plus_fedfunds_innovation,lambda_rate,empirical_bootstrap_p_value,-0.58,2,0.005,lambda_FFR_innovation,documented_reconstruction,-0.564000762452668,0.015999237547332013,False,not_recovered_within_published_rounding,0.019,0.018,-0.0010000000000000009,False,not_resolvable_monte_carlo_error_exceeds_published_rounding,0.0019307511491644903,False
TBL4_REV_chi2,Table 4,article_pdf:p.939:Table 4,long_term_reversal,market_plus_fedfunds_innovation,chi_square,asymptotic_p_value,5.29,2,0.005,chi_square_statistic,documented_reconstruction,5.742971369780804,0.452971369780804,False,not_recovered_within_published_rounding,0.726,0.6759974916175358,-0.05000250838246423,False,not_recovered_within_published_rounding,,
TBL4_REV_chi2_empp,Table 4,article_pdf:p.939:Table 4,long_term_reversal,market_plus_fedfunds_innovation,chi_square,empirical_bootstrap_p_value,5.29,2,0.005,chi_square_statistic,documented_reconstruction,5.742971369780804,0.452971369780804,False,not_recovered_within_published_rounding,0.208,0.1784,-0.029599999999999987,False,not_resolvable_monte_carlo_error_exceeds_published_rounding,0.005739965156688671,False
TBL4_REV_R2OLS,Table 4,article_pdf:p.939:Table 4,long_term_reversal,market_plus_fedfunds_innovation,r2_ols,empirical_bootstrap_p_value,0.52,2,0.005,article_cross_sectional_fit,documented_reconstruction,0.4863865409781156,-0.033613459021884395,False,not_recovered_within_published_rounding,0.043,0.0522,0.009200000000000007,False,not_resolvable_monte_carlo_error_exceeds_published_rounding,0.0028688325151531584,False
TBL4_IA_lambda_M,Table 4,article_pdf:p.939:Table 4,investment_to_assets,market_plus_fedfunds_innovation,lambda_market,shanken_t_statistic,0.57,2,0.005,lambda_RM,documented_reconstruction,0.5737205443993562,0.003720544399356207,True,recovered_within_published_rounding,2.69,2.7340975258212934,0.04409752582129345,False,not_recovered_within_published_rounding,,
TBL4_IA_lambda_M_empp,Table 4,article_pdf:p.939:Table 4,investment_to_assets,market_plus_fedfunds_innovation,lambda_market,empirical_bootstrap_p_value,0.57,2,0.005,lambda_RM,documented_reconstruction,0.5737205443993562,0.003720544399356207,True,recovered_within_published_rounding,0.001,0.001,0.0,True,recovered_within_published_rounding,0.0004469899327725402,True
TBL4_IA_lambda_FFR,Table 4,article_pdf:p.939:Table 4,investment_to_assets,market_plus_fedfunds_innovation,lambda_rate,shanken_t_statistic,-0.82,2,0.005,lambda_FFR_innovation,documented_reconstruction,-0.7948946378842634,0.02510536211573655,False,not_recovered_within_published_rounding,-2.18,-2.252017314927917,-0.07201731492791685,False,not_recovered_within_published_rounding,,
TBL4_IA_lambda_FFR_empp,Table 4,article_pdf:p.939:Table 4,investment_to_assets,market_plus_fedfunds_innovation,lambda_rate,empirical_bootstrap_p_value,-0.82,2,0.005,lambda_FFR_innovation,documented_reconstruction,-0.7948946378842634,0.02510536211573655,False,not_recovered_within_published_rounding,0.009,0.0088,-0.0001999999999999988,True,recovered_within_published_rounding,0.001335589757373124,False
TBL4_IA_chi2,Table 4,article_pdf:p.939:Table 4,investment_to_assets,market_plus_fedfunds_innovation,chi_square,asymptotic_p_value,3.28,2,0.005,chi_square_statistic,documented_reconstruction,3.0927287602422497,-0.18727123975775006,False,not_recovered_within_published_rounding,0.916,0.9284041407793212,0.012404140779321171,False,not_recovered_within_published_rounding,,
TBL4_IA_chi2_empp,Table 4,article_pdf:p.939:Table 4,investment_to_assets,market_plus_fedfunds_innovation,chi_square,empirical_bootstrap_p_value,3.28,2,0.005,chi_square_statistic,documented_reconstruction,3.0927287602422497,-0.18727123975775006,False,not_recovered_within_published_rounding,0.587,0.596,0.009000000000000008,False,not_resolvable_monte_carlo_error_exceeds_published_rounding,0.006963203285844813,False
TBL4_IA_R2OLS,Table 4,article_pdf:p.939:Table 4,investment_to_assets,market_plus_fedfunds_innovation,r2_ols,empirical_bootstrap_p_value,0.65,2,0.005,article_cross_sectional_fit,documented_reconstruction,0.6894547903963295,0.03945479039632949,False,not_recovered_within_published_rounding,0.005,0.004,-0.001,False,not_resolvable_monte_carlo_error_exceeds_published_rounding,0.000997496867163,False
TBL4_PIA_lambda_M,Table 4,article_pdf:p.939:Table 4,ppe_investment,market_plus_fedfunds_innovation,lambda_market,shanken_t_statistic,0.56,2,0.005,lambda_RM,documented_reconstruction,0.5675976289970601,0.0075976289970600686,False,not_recovered_within_published_rounding,2.68,2.706944308297324,0.02694430829732397,False,not_recovered_within_published_rounding,,
TBL4_PIA_lambda_M_empp,Table 4,article_pdf:p.939:Table 4,ppe_investment,market_plus_fedfunds_innovation,lambda_market,empirical_bootstrap_p_value,0.56,2,0.005,lambda_RM,documented_reconstruction,0.5675976289970601,0.0075976289970600686,False,not_recovered_within_published_rounding,0.001,0.0016,0.0006000000000000001,False,not_recovered_within_published_rounding,0.0004469899327725402,True
TBL4_PIA_lambda_FFR,Table 4,article_pdf:p.939:Table 4,ppe_investment,market_plus_fedfunds_innovation,lambda_rate,shanken_t_statistic,-0.8,2,0.005,lambda_FFR_innovation,documented_reconstruction,-0.8133571965247125,-0.013357196524712456,False,not_recovered_within_published_rounding,-2.47,-2.44288352255006,0.02711647744994039,False,not_recovered_within_published_rounding,,
TBL4_PIA_lambda_FFR_empp,Table 4,article_pdf:p.939:Table 4,ppe_investment,market_plus_fedfunds_innovation,lambda_rate,empirical_bootstrap_p_value,-0.8,2,0.005,lambda_FFR_innovation,documented_reconstruction,-0.8133571965247125,-0.013357196524712456,False,not_recovered_within_published_rounding,0.003,0.0046,0.0015999999999999999,False,not_resolvable_monte_carlo_error_exceeds_published_rounding,0.0007734339015067804,False
TBL4_PIA_chi2,Table 4,article_pdf:p.939:Table 4,ppe_investment,market_plus_fedfunds_innovation,chi_square,asymptotic_p_value,4.46,2,0.005,chi_square_statistic,documented_reconstruction,5.05340804850354,0.59340804850354,False,not_recovered_within_published_rounding,0.814,0.7518528548229455,-0.06214714517705444,False,not_recovered_within_published_rounding,,
TBL4_PIA_chi2_empp,Table 4,article_pdf:p.939:Table 4,ppe_investment,market_plus_fedfunds_innovation,chi_square,empirical_bootstrap_p_value,4.46,2,0.005,chi_square_statistic,documented_reconstruction,5.05340804850354,0.59340804850354,False,not_recovered_within_published_rounding,0.545,0.5032,-0.04180000000000006,False,not_resolvable_monte_carlo_error_exceeds_published_rounding,0.007042371759570777,False
TBL4_PIA_R2OLS,Table 4,article_pdf:p.939:Table 4,ppe_investment,market_plus_fedfunds_innovation,r2_ols,empirical_bootstrap_p_value,0.59,2,0.005,article_cross_sectional_fit,documented_reconstruction,0.5607287089233997,-0.029271291076600314,False,not_recovered_within_published_rounding,0.010,0.0134,0.0034000000000000002,False,not_resolvable_monte_carlo_error_exceeds_published_rounding,0.0014071247279470289,False
TBL4_IVG_lambda_M,Table 4,article_pdf:p.939:Table 4,inventory_growth,market_plus_fedfunds_innovation,lambda_market,shanken_t_statistic,0.61,2,0.005,lambda_RM,documented_reconstruction,0.609077944873821,-0.0009220551261789334,True,recovered_within_published_rounding,2.91,2.92781878199635,0.017818781996350008,False,not_recovered_within_published_rounding,,
TBL4_IVG_lambda_M_empp,Table 4,article_pdf:p.939:Table 4,inventory_growth,market_plus_fedfunds_innovation,lambda_market,empirical_bootstrap_p_value,0.61,2,0.005,lambda_RM,documented_reconstruction,0.609077944873821,-0.0009220551261789334,True,recovered_within_published_rounding,0.000,0.0002,0.0002,True,recovered_within_published_rounding,0.0,True
TBL4_IVG_lambda_FFR,Table 4,article_pdf:p.939:Table 4,inventory_growth,market_plus_fedfunds_innovation,lambda_rate,shanken_t_statistic,-0.44,2,0.005,lambda_FFR_innovation,documented_reconstruction,-0.4042326183811038,0.0357673816188962,False,not_recovered_within_published_rounding,-2.01,-2.033881304257436,-0.023881304257436398,False,not_recovered_within_published_rounding,,
TBL4_IVG_lambda_FFR_empp,Table 4,article_pdf:p.939:Table 4,inventory_growth,market_plus_fedfunds_innovation,lambda_rate,empirical_bootstrap_p_value,-0.44,2,0.005,lambda_FFR_innovation,documented_reconstruction,-0.4042326183811038,0.0357673816188962,False,not_recovered_within_published_rounding,0.017,0.0176,0.0005999999999999998,False,not_resolvable_monte_carlo_error_exceeds_published_rounding,0.0018281684823888635,False
TBL4_IVG_chi2,Table 4,article_pdf:p.939:Table 4,inventory_growth,market_plus_fedfunds_innovation,chi_square,asymptotic_p_value,7.37,2,0.005,chi_square_statistic,documented_reconstruction,7.241055178426615,-0.12894482157338505,False,not_recovered_within_published_rounding,0.498,0.5108621515703886,0.012862151570388614,False,not_recovered_within_published_rounding,,
TBL4_IVG_chi2_empp,Table 4,article_pdf:p.939:Table 4,inventory_growth,market_plus_fedfunds_innovation,chi_square,empirical_bootstrap_p_value,7.37,2,0.005,chi_square_statistic,documented_reconstruction,7.241055178426615,-0.12894482157338505,False,not_recovered_within_published_rounding,0.216,0.212,-0.0040000000000000036,False,not_resolvable_monte_carlo_error_exceeds_published_rounding,0.005819690713431427,False
TBL4_IVG_R2OLS,Table 4,article_pdf:p.939:Table 4,inventory_growth,market_plus_fedfunds_innovation,r2_ols,empirical_bootstrap_p_value,0.2,2,0.005,article_cross_sectional_fit,documented_reconstruction,0.1932576711794594,-0.0067423288205405996,False,not_recovered_within_published_rounding,0.065,0.066,0.0010000000000000009,False,not_resolvable_monte_carlo_error_exceeds_published_rounding,0.0034864021569520637,False
TBL4_All_lambda_M,Table 4,article_pdf:p.939:Table 4,all_seven_families_joint,market_plus_fedfunds_innovation,lambda_market,shanken_t_statistic,0.6,2,0.005,lambda_RM,documented_reconstruction,0.6012277352967575,0.0012277352967575705,True,recovered_within_published_rounding,2.86,2.8704741592621783,0.010474159262178429,False,not_recovered_within_published_rounding,,
TBL4_All_lambda_M_empp,Table 4,article_pdf:p.939:Table 4,all_seven_families_joint,market_plus_fedfunds_innovation,lambda_market,empirical_bootstrap_p_value,0.6,2,0.005,lambda_RM,documented_reconstruction,0.6012277352967575,0.0012277352967575705,True,recovered_within_published_rounding,0.003,0.0022,-0.0007999999999999999,False,not_resolvable_monte_carlo_error_exceeds_published_rounding,0.0007734339015067804,False
TBL4_All_lambda_FFR,Table 4,article_pdf:p.939:Table 4,all_seven_families_joint,market_plus_fedfunds_innovation,lambda_rate,shanken_t_statistic,-0.71,2,0.005,lambda_FFR_innovation,documented_reconstruction,-0.6984645567038997,0.011535443296100234,False,not_recovered_within_published_rounding,-2.85,-2.859541110096134,-0.009541110096134009,False,not_recovered_within_published_rounding,,
TBL4_All_lambda_FFR_empp,Table 4,article_pdf:p.939:Table 4,all_seven_families_joint,market_plus_fedfunds_innovation,lambda_rate,empirical_bootstrap_p_value,-0.71,2,0.005,lambda_FFR_innovation,documented_reconstruction,-0.6984645567038997,0.011535443296100234,False,not_recovered_within_published_rounding,0.002,0.0026,0.0005999999999999998,False,not_resolvable_monte_carlo_error_exceeds_published_rounding,0.0006318227599572526,False
TBL4_All_chi2,Table 4,article_pdf:p.939:Table 4,all_seven_families_joint,market_plus_fedfunds_innovation,chi_square,asymptotic_p_value,36.09,2,0.005,chi_square_statistic,documented_reconstruction,35.65472819015542,-0.43527180984458624,False,not_recovered_within_published_rounding,0.999,0.999580668194008,0.0005806681940080383,False,not_recovered_within_published_rounding,,
TBL4_All_chi2_empp,Table 4,article_pdf:p.939:Table 4,all_seven_families_joint,market_plus_fedfunds_innovation,chi_square,empirical_bootstrap_p_value,36.09,2,0.005,chi_square_statistic,documented_reconstruction,35.65472819015542,-0.43527180984458624,False,not_recovered_within_published_rounding,0.422,0.4006,-0.021399999999999975,False,not_resolvable_monte_carlo_error_exceeds_published_rounding,0.006984497118619207,False
TBL4_All_R2OLS,Table 4,article_pdf:p.939:Table 4,all_seven_families_joint,market_plus_fedfunds_innovation,r2_ols,empirical_bootstrap_p_value,0.58,2,0.005,article_cross_sectional_fit,documented_reconstruction,0.543937122181295,-0.036062877818704986,False,not_recovered_within_published_rounding,0.000,0.0006,0.0006,False,not_recovered_within_published_rounding,0.0,True
TBLA1_BM_lambda_M,Table A.1,supplement_zip:appendix_pdf:Table A.1,book_to_market,market_plus_tbill_innovation,lambda_market,shanken_t_statistic,0.62,2,0.005,lambda_RM,documented_reconstruction,0.6152014091059532,-0.0047985908940467725,True,recovered_within_published_rounding,2.94,2.9173688240289897,-0.022631175971010276,False,not_recovered_within_published_rounding,,
TBLA1_BM_lambda_M_empp,Table A.1,supplement_zip:appendix_pdf:Table A.1,book_to_market,market_plus_tbill_innovation,lambda_market,empirical_bootstrap_p_value,0.62,2,0.005,lambda_RM,documented_reconstruction,0.6152014091059532,-0.0047985908940467725,True,recovered_within_published_rounding,0.000,0.0004,0.0004,True,recovered_within_published_rounding,0.0,True
TBLA1_BM_lambda_z,Table A.1,supplement_zip:appendix_pdf:Table A.1,book_to_market,market_plus_tbill_innovation,lambda_rate,shanken_t_statistic,-0.53,2,0.005,lambda_TB_innovation,documented_reconstruction,-0.54292081162799,-0.01292081162798997,False,not_recovered_within_published_rounding,-2.33,-2.2865602420109696,0.043439757989030436,False,not_recovered_within_published_rounding,,
TBLA1_BM_lambda_z_empp,Table A.1,supplement_zip:appendix_pdf:Table A.1,book_to_market,market_plus_tbill_innovation,lambda_rate,empirical_bootstrap_p_value,-0.53,2,0.005,lambda_TB_innovation,documented_reconstruction,-0.54292081162799,-0.01292081162798997,False,not_recovered_within_published_rounding,0.004,0.0046,0.0005999999999999998,False,not_resolvable_monte_carlo_error_exceeds_published_rounding,0.0008926365441768558,False
TBLA1_BM_chi2,Table A.1,supplement_zip:appendix_pdf:Table A.1,book_to_market,market_plus_tbill_innovation,chi_square,asymptotic_p_value,4.84,2,0.005,chi_square_statistic,documented_reconstruction,3.653541585332329,-1.1864584146676709,False,not_recovered_within_published_rounding,0.775,0.8869521944208288,0.11195219442082882,False,not_recovered_within_published_rounding,,
TBLA1_BM_chi2_empp,Table A.1,supplement_zip:appendix_pdf:Table A.1,book_to_market,market_plus_tbill_innovation,chi_square,empirical_bootstrap_p_value,4.84,2,0.005,chi_square_statistic,documented_reconstruction,3.653541585332329,-1.1864584146676709,False,not_recovered_within_published_rounding,0.236,0.3518,0.11580000000000001,False,not_resolvable_monte_carlo_error_exceeds_published_rounding,0.0060050645292119885,False
TBLA1_BM_R2OLS,Table A.1,supplement_zip:appendix_pdf:Table A.1,book_to_market,market_plus_tbill_innovation,r2_ols,empirical_bootstrap_p_value,0.69,2,0.005,article_cross_sectional_fit,documented_reconstruction,0.7588600282723224,0.0688600282723224,False,not_recovered_within_published_rounding,0.027,0.0116,-0.0154,False,not_resolvable_monte_carlo_error_exceeds_published_rounding,0.002292204179387168,False
TBLA1_DUR_lambda_M,Table A.1,supplement_zip:appendix_pdf:Table A.1,equity_duration,market_plus_tbill_innovation,lambda_market,shanken_t_statistic,0.63,2,0.005,lambda_RM,documented_reconstruction,0.6284841239693874,-0.0015158760306126506,True,recovered_within_published_rounding,2.99,2.9713225587884486,-0.01867744121155157,False,not_recovered_within_published_rounding,,
TBLA1_DUR_lambda_M_empp,Table A.1,supplement_zip:appendix_pdf:Table A.1,equity_duration,market_plus_tbill_innovation,lambda_market,empirical_bootstrap_p_value,0.63,2,0.005,lambda_RM,documented_reconstruction,0.6284841239693874,-0.0015158760306126506,True,recovered_within_published_rounding,0.000,0.0002,0.0002,True,recovered_within_published_rounding,0.0,True
TBLA1_DUR_lambda_z,Table A.1,supplement_zip:appendix_pdf:Table A.1,equity_duration,market_plus_tbill_innovation,lambda_rate,shanken_t_statistic,-0.57,2,0.005,lambda_TB_innovation,documented_reconstruction,-0.5683153273070349,0.0016846726929650169,True,recovered_within_published_rounding,-2.84,-2.7941362339718663,0.04586376602813358,False,not_recovered_within_published_rounding,,
TBLA1_DUR_lambda_z_empp,Table A.1,supplement_zip:appendix_pdf:Table A.1,equity_duration,market_plus_tbill_innovation,lambda_rate,empirical_bootstrap_p_value,-0.57,2,0.005,lambda_TB_innovation,documented_reconstruction,-0.5683153273070349,0.0016846726929650169,True,recovered_within_published_rounding,0.001,0.0004,-0.0006000000000000001,False,not_recovered_within_published_rounding,0.0004469899327725402,True
TBLA1_DUR_chi2,Table A.1,supplement_zip:appendix_pdf:Table A.1,equity_duration,market_plus_tbill_innovation,chi_square,asymptotic_p_value,3.97,2,0.005,chi_square_statistic,documented_reconstruction,5.227296544253728,1.257296544253728,False,not_recovered_within_published_rounding,0.860,0.7330290827120012,-0.1269709172879988,False,not_recovered_within_published_rounding,,
TBLA1_DUR_chi2_empp,Table A.1,supplement_zip:appendix_pdf:Table A.1,equity_duration,market_plus_tbill_innovation,chi_square,empirical_bootstrap_p_value,3.97,2,0.005,chi_square_statistic,documented_reconstruction,5.227296544253728,1.257296544253728,False,not_recovered_within_published_rounding,0.399,0.2592,-0.13980000000000004,False,not_resolvable_monte_carlo_error_exceeds_published_rounding,0.006925301437482704,False
TBLA1_DUR_R2OLS,Table A.1,supplement_zip:appendix_pdf:Table A.1,equity_duration,market_plus_tbill_innovation,r2_ols,empirical_bootstrap_p_value,0.74,2,0.005,article_cross_sectional_fit,documented_reconstruction,0.6908043155088104,-0.049195684491189606,False,not_recovered_within_published_rounding,0.008,0.013,0.004999999999999999,False,not_resolvable_monte_carlo_error_exceeds_published_rounding,0.0012598412598418898,False
TBLA1_EP_lambda_M,Table A.1,supplement_zip:appendix_pdf:Table A.1,earnings_to_price,market_plus_tbill_innovation,lambda_market,shanken_t_statistic,0.63,2,0.005,lambda_RM,documented_reconstruction,0.6306360775703714,0.0006360775703714294,True,recovered_within_published_rounding,2.98,2.985798449247821,0.005798449247821136,False,not_recovered_within_published_rounding,,
TBLA1_EP_lambda_M_empp,Table A.1,supplement_zip:appendix_pdf:Table A.1,earnings_to_price,market_plus_tbill_innovation,lambda_market,empirical_bootstrap_p_value,0.63,2,0.005,lambda_RM,documented_reconstruction,0.6306360775703714,0.0006360775703714294,True,recovered_within_published_rounding,0.000,0.0,0.0,True,recovered_within_published_rounding,0.0,True
TBLA1_EP_lambda_z,Table A.1,supplement_zip:appendix_pdf:Table A.1,earnings_to_price,market_plus_tbill_innovation,lambda_rate,shanken_t_statistic,-0.43,2,0.005,lambda_TB_innovation,documented_reconstruction,-0.4031826348090154,0.0268173651909846,False,not_recovered_within_published_rounding,-2.66,-2.6419089898500725,0.018091010149927644,False,not_recovered_within_published_rounding,,
TBLA1_EP_lambda_z_empp,Table A.1,supplement_zip:appendix_pdf:Table A.1,earnings_to_price,market_plus_tbill_innovation,lambda_rate,empirical_bootstrap_p_value,-0.43,2,0.005,lambda_TB_innovation,documented_reconstruction,-0.4031826348090154,0.0268173651909846,False,not_recovered_within_published_rounding,0.001,0.001,0.0,True,recovered_within_published_rounding,0.0004469899327725402,True
TBLA1_EP_chi2,Table A.1,supplement_zip:appendix_pdf:Table A.1,earnings_to_price,market_plus_tbill_innovation,chi_square,asymptotic_p_value,9.72,2,0.005,chi_square_statistic,documented_reconstruction,11.26425279055606,1.54425279055606,False,not_recovered_within_published_rounding,0.285,0.1871711012773287,-0.09782889872267128,False,not_recovered_within_published_rounding,,
TBLA1_EP_chi2_empp,Table A.1,supplement_zip:appendix_pdf:Table A.1,earnings_to_price,market_plus_tbill_innovation,chi_square,empirical_bootstrap_p_value,9.72,2,0.005,chi_square_statistic,documented_reconstruction,11.26425279055606,1.54425279055606,False,not_recovered_within_published_rounding,0.082,0.0606,-0.021400000000000002,False,not_resolvable_monte_carlo_error_exceeds_published_rounding,0.0038801030914139382,False
TBLA1_EP_R2OLS,Table A.1,supplement_zip:appendix_pdf:Table A.1,earnings_to_price,market_plus_tbill_innovation,r2_ols,empirical_bootstrap_p_value,0.4,2,0.005,article_cross_sectional_fit,documented_reconstruction,0.2750478530877994,-0.12495214691220063,False,not_recovered_within_published_rounding,0.087,0.1072,0.02020000000000001,False,not_resolvable_monte_carlo_error_exceeds_published_rounding,0.003985749615818836,False
TBLA1_REV_lambda_M,Table A.1,supplement_zip:appendix_pdf:Table A.1,long_term_reversal,market_plus_tbill_innovation,lambda_market,shanken_t_statistic,0.68,2,0.005,lambda_RM,documented_reconstruction,0.6785969073758266,-0.0014030926241734853,True,recovered_within_published_rounding,3.22,3.2049645602097687,-0.015035439790231475,False,not_recovered_within_published_rounding,,
TBLA1_REV_lambda_M_empp,Table A.1,supplement_zip:appendix_pdf:Table A.1,long_term_reversal,market_plus_tbill_innovation,lambda_market,empirical_bootstrap_p_value,0.68,2,0.005,lambda_RM,documented_reconstruction,0.6785969073758266,-0.0014030926241734853,True,recovered_within_published_rounding,0.000,0.0,0.0,True,recovered_within_published_rounding,0.0,True
TBLA1_REV_lambda_z,Table A.1,supplement_zip:appendix_pdf:Table A.1,long_term_reversal,market_plus_tbill_innovation,lambda_rate,shanken_t_statistic,-0.37,2,0.005,lambda_TB_innovation,documented_reconstruction,-0.3650638366844026,0.004936163315597375,True,recovered_within_published_rounding,-2.18,-2.20582066623964,-0.025820666239639856,False,not_recovered_within_published_rounding,,
TBLA1_REV_lambda_z_empp,Table A.1,supplement_zip:appendix_pdf:Table A.1,long_term_reversal,market_plus_tbill_innovation,lambda_rate,empirical_bootstrap_p_value,-0.37,2,0.005,lambda_TB_innovation,documented_reconstruction,-0.3650638366844026,0.004936163315597375,True,recovered_within_published_rounding,0.006,0.0054,-0.0005999999999999998,False,not_resolvable_monte_carlo_error_exceeds_published_rounding,0.0010921538353180838,False
TBLA1_REV_chi2,Table A.1,supplement_zip:appendix_pdf:Table A.1,long_term_reversal,market_plus_tbill_innovation,chi_square,asymptotic_p_value,6.37,2,0.005,chi_square_statistic,documented_reconstruction,6.723161009685263,0.3531610096852633,False,not_recovered_within_published_rounding,0.606,0.5667746858797338,-0.0392253141202662,False,not_recovered_within_published_rounding,,
TBLA1_REV_chi2_empp,Table A.1,supplement_zip:appendix_pdf:Table A.1,long_term_reversal,market_plus_tbill_innovation,chi_square,empirical_bootstrap_p_value,6.37,2,0.005,chi_square_statistic,documented_reconstruction,6.723161009685263,0.3531610096852633,False,not_recovered_within_published_rounding,0.138,0.128,-0.010000000000000009,False,not_resolvable_monte_carlo_error_exceeds_published_rounding,0.0048776223716068875,False
TBLA1_REV_R2OLS,Table A.1,supplement_zip:appendix_pdf:Table A.1,long_term_reversal,market_plus_tbill_innovation,r2_ols,empirical_bootstrap_p_value,0.52,2,0.005,article_cross_sectional_fit,documented_reconstruction,0.4932284246961224,-0.026771575303877637,False,not_recovered_within_published_rounding,0.051,0.0468,-0.004199999999999995,False,not_resolvable_monte_carlo_error_exceeds_published_rounding,0.003111237695837462,False
TBLA1_IA_lambda_M,Table A.1,supplement_zip:appendix_pdf:Table A.1,investment_to_assets,market_plus_tbill_innovation,lambda_market,shanken_t_statistic,0.59,2,0.005,lambda_RM,documented_reconstruction,0.5990980322410315,0.009098032241031562,False,not_recovered_within_published_rounding,2.82,2.8685520528123107,0.0485520528123109,False,not_recovered_within_published_rounding,,
TBLA1_IA_lambda_M_empp,Table A.1,supplement_zip:appendix_pdf:Table A.1,investment_to_assets,market_plus_tbill_innovation,lambda_market,empirical_bootstrap_p_value,0.59,2,0.005,lambda_RM,documented_reconstruction,0.5990980322410315,0.009098032241031562,False,not_recovered_within_published_rounding,0.001,0.0004,-0.0006000000000000001,False,not_recovered_within_published_rounding,0.0004469899327725402,True
TBLA1_IA_lambda_z,Table A.1,supplement_zip:appendix_pdf:Table A.1,investment_to_assets,market_plus_tbill_innovation,lambda_rate,shanken_t_statistic,-0.59,2,0.005,lambda_TB_innovation,documented_reconstruction,-0.5511039266827742,0.03889607331722578,False,not_recovered_within_published_rounding,-2.41,-2.541146215641904,-0.13114621564190365,False,not_recovered_within_published_rounding,,
TBLA1_IA_lambda_z_empp,Table A.1,supplement_zip:appendix_pdf:Table A.1,investment_to_assets,market_plus_tbill_innovation,lambda_rate,empirical_bootstrap_p_value,-0.59,2,0.005,lambda_TB_innovation,documented_reconstruction,-0.5511039266827742,0.03889607331722578,False,not_recovered_within_published_rounding,0.002,0.0016,-0.00039999999999999996,True,recovered_within_published_rounding,0.0006318227599572526,False
TBLA1_IA_chi2,Table A.1,supplement_zip:appendix_pdf:Table A.1,investment_to_assets,market_plus_tbill_innovation,chi_square,asymptotic_p_value,4.46,2,0.005,chi_square_statistic,documented_reconstruction,4.439834854647229,-0.02016514535277114,False,not_recovered_within_published_rounding,0.813,0.8154218284445547,0.002421828444554741,False,not_recovered_within_published_rounding,,
TBLA1_IA_chi2_empp,Table A.1,supplement_zip:appendix_pdf:Table A.1,investment_to_assets,market_plus_tbill_innovation,chi_square,empirical_bootstrap_p_value,4.46,2,0.005,chi_square_statistic,documented_reconstruction,4.439834854647229,-0.02016514535277114,False,not_recovered_within_published_rounding,0.444,0.4244,-0.019600000000000006,False,not_resolvable_monte_carlo_error_exceeds_published_rounding,0.007026578114559035,False
TBLA1_IA_R2OLS,Table A.1,supplement_zip:appendix_pdf:Table A.1,investment_to_assets,market_plus_tbill_innovation,r2_ols,empirical_bootstrap_p_value,0.56,2,0.005,article_cross_sectional_fit,documented_reconstruction,0.5752013482669578,0.015201348266957737,False,not_recovered_within_published_rounding,0.014,0.0108,-0.0031999999999999997,False,not_resolvable_monte_carlo_error_exceeds_published_rounding,0.0016615655268450895,False
TBLA1_PIA_lambda_M,Table A.1,supplement_zip:appendix_pdf:Table A.1,ppe_investment,market_plus_tbill_innovation,lambda_market,shanken_t_statistic,0.57,2,0.005,lambda_RM,documented_reconstruction,0.5801638516760612,0.010163851676061264,False,not_recovered_within_published_rounding,2.72,2.763613657680248,0.04361365768024772,False,not_recovered_within_published_rounding,,
TBLA1_PIA_lambda_M_empp,Table A.1,supplement_zip:appendix_pdf:Table A.1,ppe_investment,market_plus_tbill_innovation,lambda_market,empirical_bootstrap_p_value,0.57,2,0.005,lambda_RM,documented_reconstruction,0.5801638516760612,0.010163851676061264,False,not_recovered_within_published_rounding,0.001,0.0012,0.00019999999999999987,True,recovered_within_published_rounding,0.0004469899327725402,True
TBLA1_PIA_lambda_z,Table A.1,supplement_zip:appendix_pdf:Table A.1,ppe_investment,market_plus_tbill_innovation,lambda_rate,shanken_t_statistic,-0.73,2,0.005,lambda_TB_innovation,documented_reconstruction,-0.7219733744949922,0.008026625505007767,False,not_recovered_within_published_rounding,-2.08,-2.107405006322532,-0.027405006322531733,False,not_recovered_within_published_rounding,,
TBLA1_PIA_lambda_z_empp,Table A.1,supplement_zip:appendix_pdf:Table A.1,ppe_investment,market_plus_tbill_innovation,lambda_rate,empirical_bootstrap_p_value,-0.73,2,0.005,lambda_TB_innovation,documented_reconstruction,-0.7219733744949922,0.008026625505007767,False,not_recovered_within_published_rounding,0.016,0.0172,0.0011999999999999997,False,not_resolvable_monte_carlo_error_exceeds_published_rounding,0.0017744858410255067,False
TBLA1_PIA_chi2,Table A.1,supplement_zip:appendix_pdf:Table A.1,ppe_investment,market_plus_tbill_innovation,chi_square,asymptotic_p_value,6.09,2,0.005,chi_square_statistic,documented_reconstruction,6.560663747577636,0.4706637475776363,False,not_recovered_within_published_rounding,0.637,0.5846869264802899,-0.05231307351971015,False,not_recovered_within_published_rounding,,
TBLA1_PIA_chi2_empp,Table A.1,supplement_zip:appendix_pdf:Table A.1,ppe_investment,market_plus_tbill_innovation,chi_square,empirical_bootstrap_p_value,6.09,2,0.005,chi_square_statistic,documented_reconstruction,6.560663747577636,0.4706637475776363,False,not_recovered_within_published_rounding,0.392,0.3736,-0.018400000000000027,False,not_resolvable_monte_carlo_error_exceeds_published_rounding,0.006904143683325254,False
TBLA1_PIA_R2OLS,Table A.1,supplement_zip:appendix_pdf:Table A.1,ppe_investment,market_plus_tbill_innovation,r2_ols,empirical_bootstrap_p_value,0.39,2,0.005,article_cross_sectional_fit,documented_reconstruction,0.3995255436953954,0.009525543695395378,False,not_recovered_within_published_rounding,0.035,0.0338,-0.0012000000000000066,False,not_resolvable_monte_carlo_error_exceeds_published_rounding,0.002599038283673405,False
TBLA1_IVG_lambda_M,Table A.1,supplement_zip:appendix_pdf:Table A.1,inventory_growth,market_plus_tbill_innovation,lambda_market,shanken_t_statistic,0.61,2,0.005,lambda_RM,documented_reconstruction,0.6083266419663007,-0.0016733580336992793,True,recovered_within_published_rounding,2.92,2.9242976335954345,0.004297633595434558,True,recovered_within_published_rounding,,
TBLA1_IVG_lambda_M_empp,Table A.1,supplement_zip:appendix_pdf:Table A.1,inventory_growth,market_plus_tbill_innovation,lambda_market,empirical_bootstrap_p_value,0.61,2,0.005,lambda_RM,documented_reconstruction,0.6083266419663007,-0.0016733580336992793,True,recovered_within_published_rounding,0.000,0.0,0.0,True,recovered_within_published_rounding,0.0,True
TBLA1_IVG_lambda_z,Table A.1,supplement_zip:appendix_pdf:Table A.1,inventory_growth,market_plus_tbill_innovation,lambda_rate,shanken_t_statistic,-0.35,2,0.005,lambda_TB_innovation,documented_reconstruction,-0.3359693945625067,0.014030605437493293,False,not_recovered_within_published_rounding,-1.89,-1.91349511175622,-0.0234951117562201,False,not_recovered_within_published_rounding,,
TBLA1_IVG_lambda_z_empp,Table A.1,supplement_zip:appendix_pdf:Table A.1,inventory_growth,market_plus_tbill_innovation,lambda_rate,empirical_bootstrap_p_value,-0.35,2,0.005,lambda_TB_innovation,documented_reconstruction,-0.3359693945625067,0.014030605437493293,False,not_recovered_within_published_rounding,0.024,0.0278,0.003799999999999998,False,not_resolvable_monte_carlo_error_exceeds_published_rounding,0.002164439881354989,False
TBLA1_IVG_chi2,Table A.1,supplement_zip:appendix_pdf:Table A.1,inventory_growth,market_plus_tbill_innovation,chi_square,asymptotic_p_value,7.62,2,0.005,chi_square_statistic,documented_reconstruction,7.238882812683595,-0.38111718731640476,False,not_recovered_within_published_rounding,0.472,0.5110921540592064,0.03909215405920641,False,not_recovered_within_published_rounding,,
TBLA1_IVG_chi2_empp,Table A.1,supplement_zip:appendix_pdf:Table A.1,inventory_growth,market_plus_tbill_innovation,chi_square,empirical_bootstrap_p_value,7.62,2,0.005,chi_square_statistic,documented_reconstruction,7.238882812683595,-0.38111718731640476,False,not_recovered_within_published_rounding,0.205,0.2226,0.017600000000000005,False,not_resolvable_monte_carlo_error_exceeds_published_rounding,0.005709203096755273,False
TBLA1_IVG_R2OLS,Table A.1,supplement_zip:appendix_pdf:Table A.1,inventory_growth,market_plus_tbill_innovation,r2_ols,empirical_bootstrap_p_value,0.13,2,0.005,article_cross_sectional_fit,documented_reconstruction,0.1513301128093677,0.021330112809367696,False,not_recovered_within_published_rounding,0.086,0.0736,-0.012399999999999994,False,not_resolvable_monte_carlo_error_exceeds_published_rounding,0.0039649464056907505,False
TBLA1_All_lambda_M,Table A.1,supplement_zip:appendix_pdf:Table A.1,all_seven_families_joint,market_plus_tbill_innovation,lambda_market,shanken_t_statistic,0.62,2,0.005,lambda_RM,documented_reconstruction,0.6199769314921554,-2.3068507844614672e-05,True,recovered_within_published_rounding,2.96,2.966814351694131,0.006814351694131027,False,not_recovered_within_published_rounding,,
TBLA1_All_lambda_M_empp,Table A.1,supplement_zip:appendix_pdf:Table A.1,all_seven_families_joint,market_plus_tbill_innovation,lambda_market,empirical_bootstrap_p_value,0.62,2,0.005,lambda_RM,documented_reconstruction,0.6199769314921554,-2.3068507844614672e-05,True,recovered_within_published_rounding,0.001,0.0008,-0.00019999999999999998,True,recovered_within_published_rounding,0.0004469899327725402,True
TBLA1_All_lambda_z,Table A.1,supplement_zip:appendix_pdf:Table A.1,all_seven_families_joint,market_plus_tbill_innovation,lambda_rate,shanken_t_statistic,-0.49,2,0.005,lambda_TB_innovation,documented_reconstruction,-0.4818787997008484,0.008121200299151587,False,not_recovered_within_published_rounding,-3.00,-3.024846169990047,-0.024846169990047073,False,not_recovered_within_published_rounding,,
TBLA1_All_lambda_z_empp,Table A.1,supplement_zip:appendix_pdf:Table A.1,all_seven_families_joint,market_plus_tbill_innovation,lambda_rate,empirical_bootstrap_p_value,-0.49,2,0.005,lambda_TB_innovation,documented_reconstruction,-0.4818787997008484,0.008121200299151587,False,not_recovered_within_published_rounding,0.001,0.001,0.0,True,recovered_within_published_rounding,0.0004469899327725402,True
TBLA1_All_chi2,Table A.1,supplement_zip:appendix_pdf:Table A.1,all_seven_families_joint,market_plus_tbill_innovation,chi_square,asymptotic_p_value,47.92,2,0.005,chi_square_statistic,documented_reconstruction,46.766287913550784,-1.153712086449218,False,not_recovered_within_published_rounding,0.969,0.9770240421217103,0.008024042121710373,False,not_recovered_within_published_rounding,,
TBLA1_All_chi2_empp,Table A.1,supplement_zip:appendix_pdf:Table A.1,all_seven_families_joint,market_plus_tbill_innovation,chi_square,empirical_bootstrap_p_value,47.92,2,0.005,chi_square_statistic,documented_reconstruction,46.766287913550784,-1.153712086449218,False,not_recovered_within_published_rounding,0.277,0.278,0.0010000000000000009,False,not_resolvable_monte_carlo_error_exceeds_published_rounding,0.006328838756043639,False
TBLA1_All_R2OLS,Table A.1,supplement_zip:appendix_pdf:Table A.1,all_seven_families_joint,market_plus_tbill_innovation,r2_ols,empirical_bootstrap_p_value,0.48,2,0.005,article_cross_sectional_fit,documented_reconstruction,0.4678998299377156,-0.012100170062284366,False,not_recovered_within_published_rounding,0.004,0.0026,-0.0014000000000000002,False,not_resolvable_monte_carlo_error_exceeds_published_rounding,0.0008926365441768558,False
TBL6_FF3_lambda_M,Table 6,article_pdf:p.949:Table 6,all_seven_families_joint,fama_french_3,lambda_market,shanken_t_statistic,0.6,2,0.005,lambda_RM,documented_reconstruction,0.6117235913476131,0.011723591347613138,False,not_recovered_within_published_rounding,2.91,2.9527391191677403,0.0427391191677402,False,not_recovered_within_published_rounding,,
TBL6_FF3_lambda_M_empp,Table 6,article_pdf:p.949:Table 6,all_seven_families_joint,fama_french_3,lambda_market,empirical_bootstrap_p_value,0.6,2,0.005,lambda_RM,documented_reconstruction,0.6117235913476131,0.011723591347613138,False,not_recovered_within_published_rounding,0.002,0.0008,-0.0012000000000000001,False,not_resolvable_monte_carlo_error_exceeds_published_rounding,0.0006318227599572526,False
TBL6_FF3_lambda_SMB,Table 6,article_pdf:p.949:Table 6,all_seven_families_joint,fama_french_3,lambda_smb,shanken_t_statistic,-0.01,2,0.005,lambda_SMB,documented_reconstruction,-0.0367861384068587,-0.0267861384068587,False,not_recovered_within_published_rounding,-0.02,-0.1961556105955564,-0.1761556105955564,False,not_recovered_within_published_rounding,,
TBL6_FF3_lambda_SMB_empp,Table 6,article_pdf:p.949:Table 6,all_seven_families_joint,fama_french_3,lambda_smb,empirical_bootstrap_p_value,-0.01,2,0.005,lambda_SMB,documented_reconstruction,-0.0367861384068587,-0.0267861384068587,False,not_recovered_within_published_rounding,0.994,0.9332,-0.060799999999999965,False,not_resolvable_monte_carlo_error_exceeds_published_rounding,0.0010921538353180842,False
TBL6_FF3_lambda_HML,Table 6,article_pdf:p.949:Table 6,all_seven_families_joint,fama_french_3,lambda_hml,shanken_t_statistic,0.46,2,0.005,lambda_HML,documented_reconstruction,0.4853818948769862,0.025381894876986166,False,not_recovered_within_published_rounding,2.99,3.145352822569205,0.1553528225692049,False,not_recovered_within_published_rounding,,
TBL6_FF3_lambda_HML_empp,Table 6,article_pdf:p.949:Table 6,all_seven_families_joint,fama_french_3,lambda_hml,empirical_bootstrap_p_value,0.46,2,0.005,lambda_HML,documented_reconstruction,0.4853818948769862,0.025381894876986166,False,not_recovered_within_published_rounding,0.001,0.0004,-0.0006000000000000001,False,not_recovered_within_published_rounding,0.0004469899327725402,True
TBL6_FF3_chi2,Table 6,article_pdf:p.949:Table 6,all_seven_families_joint,fama_french_3,chi_square,asymptotic_p_value,87.04,2,0.005,chi_square_statistic,documented_reconstruction,82.31460775763098,-4.7253922423690256,False,not_recovered_within_published_rounding,0.051,0.0984546703112964,0.0474546703112964,False,not_recovered_within_published_rounding,,
TBL6_FF3_chi2_empp,Table 6,article_pdf:p.949:Table 6,all_seven_families_joint,fama_french_3,chi_square,empirical_bootstrap_p_value,87.04,2,0.005,chi_square_statistic,documented_reconstruction,82.31460775763098,-4.7253922423690256,False,not_recovered_within_published_rounding,0.055,0.069,0.014000000000000005,False,not_resolvable_monte_carlo_error_exceeds_published_rounding,0.0032241277890307017,False
TBL6_FF3_R2OLS,Table 6,article_pdf:p.949:Table 6,all_seven_families_joint,fama_french_3,r2_ols,empirical_bootstrap_p_value,0.7,2,0.005,article_cross_sectional_fit,documented_reconstruction,0.7115750180385234,0.011575018038523455,False,not_recovered_within_published_rounding,0.000,0.0,0.0,True,recovered_within_published_rounding,0.0,True
TBL6_FF3_R2C,Table 6,article_pdf:p.949:Table 6,all_seven_families_joint,fama_french_3,r2_constrained,none,0.67,2,0.005,article_constrained_fit,documented_reconstruction,0.6755401693026868,0.005540169302686748,False,not_recovered_within_published_rounding,,,,,not_attempted_no_generated_counterpart,,
TBL6_C4_lambda_M,Table 6,article_pdf:p.949:Table 6,all_seven_families_joint,carhart_4,lambda_market,shanken_t_statistic,0.6,2,0.005,lambda_RM,documented_reconstruction,0.6074747506204244,0.007474750620424464,False,not_recovered_within_published_rounding,2.89,2.9314750585044416,0.04147505850444144,False,not_recovered_within_published_rounding,,
TBL6_C4_lambda_M_empp,Table 6,article_pdf:p.949:Table 6,all_seven_families_joint,carhart_4,lambda_market,empirical_bootstrap_p_value,0.6,2,0.005,lambda_RM,documented_reconstruction,0.6074747506204244,0.007474750620424464,False,not_recovered_within_published_rounding,0.002,0.0024,0.00039999999999999975,True,recovered_within_published_rounding,0.0006318227599572526,False
TBL6_C4_lambda_SMB,Table 6,article_pdf:p.949:Table 6,all_seven_families_joint,carhart_4,lambda_smb,shanken_t_statistic,0.12,2,0.005,lambda_SMB,documented_reconstruction,0.1034876324614514,-0.016512367538548595,False,not_recovered_within_published_rounding,0.66,0.551814099368177,-0.10818590063182298,False,not_recovered_within_published_rounding,,
TBL6_C4_lambda_SMB_empp,Table 6,article_pdf:p.949:Table 6,all_seven_families_joint,carhart_4,lambda_smb,empirical_bootstrap_p_value,0.12,2,0.005,lambda_SMB,documented_reconstruction,0.1034876324614514,-0.016512367538548595,False,not_recovered_within_published_rounding,0.725,0.7778,0.05280000000000007,False,not_resolvable_monte_carlo_error_exceeds_published_rounding,0.0063146654701575445,False
TBL6_C4_lambda_HML,Table 6,article_pdf:p.949:Table 6,all_seven_families_joint,carhart_4,lambda_hml,shanken_t_statistic,0.42,2,0.005,lambda_HML,documented_reconstruction,0.440793670920103,0.020793670920103036,False,not_recovered_within_published_rounding,2.76,2.863431600106683,0.10343160010668306,False,not_recovered_within_published_rounding,,
TBL6_C4_lambda_HML_empp,Table 6,article_pdf:p.949:Table 6,all_seven_families_joint,carhart_4,lambda_hml,empirical_bootstrap_p_value,0.42,2,0.005,lambda_HML,documented_reconstruction,0.440793670920103,0.020793670920103036,False,not_recovered_within_published_rounding,0.003,0.003,0.0,True,recovered_within_published_rounding,0.0007734339015067804,False
TBL6_C4_lambda_UMD,Table 6,article_pdf:p.949:Table 6,all_seven_families_joint,carhart_4,lambda_umd,shanken_t_statistic,0.59,2,0.005,lambda_UMD,documented_reconstruction,0.725009986781496,0.135009986781496,False,not_recovered_within_published_rounding,1.61,1.8970335119441248,0.28703351194412474,False,not_recovered_within_published_rounding,,
TBL6_C4_lambda_UMD_empp,Table 6,article_pdf:p.949:Table 6,all_seven_families_joint,carhart_4,lambda_umd,empirical_bootstrap_p_value,0.59,2,0.005,lambda_UMD,documented_reconstruction,0.725009986781496,0.135009986781496,False,not_recovered_within_published_rounding,0.208,0.1078,-0.10019999999999998,False,not_resolvable_monte_carlo_error_exceeds_published_rounding,0.005739965156688671,False
TBL6_C4_chi2,Table 6,article_pdf:p.949:Table 6,all_seven_families_joint,carhart_4,chi_square,asymptotic_p_value,74.23,2,0.005,chi_square_statistic,documented_reconstruction,66.81897242724617,-7.411027572753838,False,not_recovered_within_published_rounding,0.228,0.4486797296722345,0.2206797296722345,False,not_recovered_within_published_rounding,,
TBL6_C4_chi2_empp,Table 6,article_pdf:p.949:Table 6,all_seven_families_joint,carhart_4,chi_square,empirical_bootstrap_p_value,74.23,2,0.005,chi_square_statistic,documented_reconstruction,66.81897242724617,-7.411027572753838,False,not_recovered_within_published_rounding,0.106,0.1342,0.028200000000000017,False,not_resolvable_monte_carlo_error_exceeds_published_rounding,0.0043534813655280525,False
TBL6_C4_R2OLS,Table 6,article_pdf:p.949:Table 6,all_seven_families_joint,carhart_4,r2_ols,empirical_bootstrap_p_value,0.74,2,0.005,article_cross_sectional_fit,documented_reconstruction,0.7651204110741773,0.025120411074177285,False,not_recovered_within_published_rounding,0.000,0.0,0.0,True,recovered_within_published_rounding,0.0,True
TBL6_C4_R2C,Table 6,article_pdf:p.949:Table 6,all_seven_families_joint,carhart_4,r2_constrained,none,0.75,2,0.005,article_constrained_fit,documented_reconstruction,0.7662024503618116,0.01620245036181156,False,not_recovered_within_published_rounding,,,,,not_attempted_no_generated_counterpart,,
TBL6_PS4_lambda_M,Table 6,article_pdf:p.949:Table 6,all_seven_families_joint,liquidity,lambda_market,shanken_t_statistic,0.61,2,0.005,lambda_RM,documented_reconstruction,0.615213840326896,0.00521384032689598,False,not_recovered_within_published_rounding,2.92,2.9677884181651715,0.04778841816517154,False,not_recovered_within_published_rounding,,
TBL6_PS4_lambda_M_empp,Table 6,article_pdf:p.949:Table 6,all_seven_families_joint,liquidity,lambda_market,empirical_bootstrap_p_value,0.61,2,0.005,lambda_RM,documented_reconstruction,0.615213840326896,0.00521384032689598,False,not_recovered_within_published_rounding,0.002,0.0014,-0.0006000000000000001,False,not_resolvable_monte_carlo_error_exceeds_published_rounding,0.0006318227599572526,False
TBL6_PS4_lambda_SMB,Table 6,article_pdf:p.949:Table 6,all_seven_families_joint,liquidity,lambda_smb,shanken_t_statistic,-0.0,2,0.005,lambda_SMB,documented_reconstruction,-0.0347764068993002,-0.0347764068993002,False,not_recovered_within_published_rounding,-0.00,-0.185412688480732,-0.185412688480732,False,not_recovered_within_published_rounding,,
TBL6_PS4_lambda_SMB_empp,Table 6,article_pdf:p.949:Table 6,all_seven_families_joint,liquidity,lambda_smb,empirical_bootstrap_p_value,-0.0,2,0.005,lambda_SMB,documented_reconstruction,-0.0347764068993002,-0.0347764068993002,False,not_recovered_within_published_rounding,0.999,0.9282,-0.07079999999999997,False,not_recovered_within_published_rounding,0.0004469899327725404,True
TBL6_PS4_lambda_HML,Table 6,article_pdf:p.949:Table 6,all_seven_families_joint,liquidity,lambda_hml,shanken_t_statistic,0.46,2,0.005,lambda_HML,documented_reconstruction,0.4915980758143372,0.031598075814337157,False,not_recovered_within_published_rounding,2.98,3.1550552118890867,0.17505521188908668,False,not_recovered_within_published_rounding,,
TBL6_PS4_lambda_HML_empp,Table 6,article_pdf:p.949:Table 6,all_seven_families_joint,liquidity,lambda_hml,empirical_bootstrap_p_value,0.46,2,0.005,lambda_HML,documented_reconstruction,0.4915980758143372,0.031598075814337157,False,not_recovered_within_published_rounding,0.001,0.0006,-0.0004000000000000001,True,recovered_within_published_rounding,0.0004469899327725402,True
TBL6_PS4_lambda_LIQ,Table 6,article_pdf:p.949:Table 6,all_seven_families_joint,liquidity,lambda_liq,shanken_t_statistic,-0.13,2,0.005,lambda_LIQ,documented_reconstruction,-0.1106753417346027,0.01932465826539731,False,not_recovered_within_published_rounding,-0.27,-0.2489958887420147,0.02100411125798532,False,not_recovered_within_published_rounding,,
TBL6_PS4_lambda_LIQ_empp,Table 6,article_pdf:p.949:Table 6,all_seven_families_joint,liquidity,lambda_liq,empirical_bootstrap_p_value,-0.13,2,0.005,lambda_LIQ,documented_reconstruction,-0.1106753417346027,0.01932465826539731,False,not_recovered_within_published_rounding,0.890,0.901,0.01100000000000001,False,not_resolvable_monte_carlo_error_exceeds_published_rounding,0.004424929377967517,False
TBL6_PS4_chi2,Table 6,article_pdf:p.949:Table 6,all_seven_families_joint,liquidity,chi_square,asymptotic_p_value,86.6,2,0.005,chi_square_statistic,documented_reconstruction,81.76541958579004,-4.834580414209952,False,not_recovered_within_published_rounding,0.045,0.0912627730413556,0.046262773041355607,False,not_recovered_within_published_rounding,,
TBL6_PS4_chi2_empp,Table 6,article_pdf:p.949:Table 6,all_seven_families_joint,liquidity,chi_square,empirical_bootstrap_p_value,86.6,2,0.005,chi_square_statistic,documented_reconstruction,81.76541958579004,-4.834580414209952,False,not_recovered_within_published_rounding,0.051,0.0572,0.006200000000000004,False,not_resolvable_monte_carlo_error_exceeds_published_rounding,0.003111237695837462,False
TBL6_PS4_R2OLS,Table 6,article_pdf:p.949:Table 6,all_seven_families_joint,liquidity,r2_ols,empirical_bootstrap_p_value,0.71,2,0.005,article_cross_sectional_fit,documented_reconstruction,0.7134550579225271,0.003455057922527094,True,recovered_within_published_rounding,0.000,0.0,0.0,True,recovered_within_published_rounding,0.0,True
TBL6_PS4_R2C,Table 6,article_pdf:p.949:Table 6,all_seven_families_joint,liquidity,r2_constrained,none,0.65,2,0.005,article_constrained_fit,documented_reconstruction,0.6502169030712184,0.00021690307121835506,True,recovered_within_published_rounding,,,,,not_attempted_no_generated_counterpart,,
TBL6_HXZ4_lambda_M,Table 6,article_pdf:p.949:Table 6,all_seven_families_joint,q_factor,lambda_market,shanken_t_statistic,0.61,2,0.005,lambda_RM,documented_reconstruction,0.6079724641094094,-0.0020275358905905705,True,recovered_within_published_rounding,2.94,2.9385240076885077,-0.0014759923114922024,True,recovered_within_published_rounding,,
TBL6_HXZ4_lambda_M_empp,Table 6,article_pdf:p.949:Table 6,all_seven_families_joint,q_factor,lambda_market,empirical_bootstrap_p_value,0.61,2,0.005,lambda_RM,documented_reconstruction,0.6079724641094094,-0.0020275358905905705,True,recovered_within_published_rounding,0.001,0.0016,0.0006000000000000001,False,not_recovered_within_published_rounding,0.0004469899327725402,True
TBL6_HXZ4_lambda_ME,Table 6,article_pdf:p.949:Table 6,all_seven_families_joint,q_factor,lambda_me,shanken_t_statistic,0.09,2,0.005,lambda_ME,documented_reconstruction,0.0843152950818648,-0.005684704918135192,False,not_recovered_within_published_rounding,0.47,0.4379427845124626,-0.03205721548753737,False,not_recovered_within_published_rounding,,
TBL6_HXZ4_lambda_ME_empp,Table 6,article_pdf:p.949:Table 6,all_seven_families_joint,q_factor,lambda_me,empirical_bootstrap_p_value,0.09,2,0.005,lambda_ME,documented_reconstruction,0.0843152950818648,-0.005684704918135192,False,not_recovered_within_published_rounding,0.805,0.8244,0.019399999999999973,False,not_resolvable_monte_carlo_error_exceeds_published_rounding,0.005603124128555425,False
TBL6_HXZ4_lambda_IA,Table 6,article_pdf:p.949:Table 6,all_seven_families_joint,q_factor,lambda_ia,shanken_t_statistic,0.32,2,0.005,lambda_IA,documented_reconstruction,0.3271832647354811,0.0071832647354810875,False,not_recovered_within_published_rounding,2.99,3.008994532332835,0.01899453233283488,False,not_recovered_within_published_rounding,,
TBL6_HXZ4_lambda_IA_empp,Table 6,article_pdf:p.949:Table 6,all_seven_families_joint,q_factor,lambda_ia,empirical_bootstrap_p_value,0.32,2,0.005,lambda_IA,documented_reconstruction,0.3271832647354811,0.0071832647354810875,False,not_recovered_within_published_rounding,0.001,0.0014,0.00039999999999999996,True,recovered_within_published_rounding,0.0004469899327725402,True
TBL6_HXZ4_lambda_ROE,Table 6,article_pdf:p.949:Table 6,all_seven_families_joint,q_factor,lambda_roe,shanken_t_statistic,-0.21,2,0.005,lambda_ROE,documented_reconstruction,-0.1958637264292861,0.014136273570713898,False,not_recovered_within_published_rounding,-1.15,-1.0938956742719017,0.0561043257280982,False,not_recovered_within_published_rounding,,
TBL6_HXZ4_lambda_ROE_empp,Table 6,article_pdf:p.949:Table 6,all_seven_families_joint,q_factor,lambda_roe,empirical_bootstrap_p_value,-0.21,2,0.005,lambda_ROE,documented_reconstruction,-0.1958637264292861,0.014136273570713898,False,not_recovered_within_published_rounding,0.438,0.472,0.033999999999999975,False,not_resolvable_monte_carlo_error_exceeds_published_rounding,0.00701649485141976,False
TBL6_HXZ4_chi2,Table 6,article_pdf:p.949:Table 6,all_seven_families_joint,q_factor,chi_square,asymptotic_p_value,86.55,2,0.005,chi_square_statistic,documented_reconstruction,81.45491169522637,-5.0950883047736255,False,not_recovered_within_published_rounding,0.046,0.0951740354955248,0.04917403549552481,False,not_recovered_within_published_rounding,,
TBL6_HXZ4_chi2_empp,Table 6,article_pdf:p.949:Table 6,all_seven_families_joint,q_factor,chi_square,empirical_bootstrap_p_value,86.55,2,0.005,chi_square_statistic,documented_reconstruction,81.45491169522637,-5.0950883047736255,False,not_recovered_within_published_rounding,0.050,0.0624,0.012399999999999994,False,not_resolvable_monte_carlo_error_exceeds_published_rounding,0.0030822070014844883,False
TBL6_HXZ4_R2OLS,Table 6,article_pdf:p.949:Table 6,all_seven_families_joint,q_factor,r2_ols,empirical_bootstrap_p_value,0.68,2,0.005,article_cross_sectional_fit,documented_reconstruction,0.6867979266675955,0.006797926667595489,False,not_recovered_within_published_rounding,0.000,0.0,0.0,True,recovered_within_published_rounding,0.0,True
TBL6_HXZ4_R2C,Table 6,article_pdf:p.949:Table 6,all_seven_families_joint,q_factor,r2_constrained,none,0.3,2,0.005,article_constrained_fit,documented_reconstruction,0.3491990406321563,0.0491990406321563,False,not_recovered_within_published_rounding,,,,,not_attempted_no_generated_counterpart,,
TBL6_FF5_lambda_M,Table 6,article_pdf:p.949:Table 6,all_seven_families_joint,fama_french_5,lambda_market,shanken_t_statistic,0.61,2,0.005,lambda_RM,documented_reconstruction,0.6120539897505164,0.002053989750516405,True,recovered_within_published_rounding,2.93,2.954184104233217,0.024184104233216708,False,not_recovered_within_published_rounding,,
TBL6_FF5_lambda_M_empp,Table 6,article_pdf:p.949:Table 6,all_seven_families_joint,fama_french_5,lambda_market,empirical_bootstrap_p_value,0.61,2,0.005,lambda_RM,documented_reconstruction,0.6120539897505164,0.002053989750516405,True,recovered_within_published_rounding,0.002,0.0012,-0.0008000000000000001,False,not_resolvable_monte_carlo_error_exceeds_published_rounding,0.0006318227599572526,False
TBL6_FF5_lambda_SMB,Table 6,article_pdf:p.949:Table 6,all_seven_families_joint,fama_french_5,lambda_smb,shanken_t_statistic,-0.03,2,0.005,lambda_SMB,documented_reconstruction,-0.0446411592356532,-0.0146411592356532,False,not_recovered_within_published_rounding,-0.13,-0.2384026588456904,-0.10840265884569039,False,not_recovered_within_published_rounding,,
TBL6_FF5_lambda_SMB_empp,Table 6,article_pdf:p.949:Table 6,all_seven_families_joint,fama_french_5,lambda_smb,empirical_bootstrap_p_value,-0.03,2,0.005,lambda_SMB,documented_reconstruction,-0.0446411592356532,-0.0146411592356532,False,not_recovered_within_published_rounding,0.944,0.8992,-0.04479999999999995,False,not_resolvable_monte_carlo_error_exceeds_published_rounding,0.0032515842292642535,False
TBL6_FF5_lambda_HML,Table 6,article_pdf:p.949:Table 6,all_seven_families_joint,fama_french_5,lambda_hml,shanken_t_statistic,0.43,2,0.005,lambda_HML,documented_reconstruction,0.4505745823596309,0.02057458235963089,False,not_recovered_within_published_rounding,2.79,2.891212923279077,0.10121292327907705,False,not_recovered_within_published_rounding,,
TBL6_FF5_lambda_HML_empp,Table 6,article_pdf:p.949:Table 6,all_seven_families_joint,fama_french_5,lambda_hml,empirical_bootstrap_p_value,0.43,2,0.005,lambda_HML,documented_reconstruction,0.4505745823596309,0.02057458235963089,False,not_recovered_within_published_rounding,0.003,0.0018,-0.0012000000000000001,False,not_resolvable_monte_carlo_error_exceeds_published_rounding,0.0007734339015067804,False
TBL6_FF5_lambda_RMW,Table 6,article_pdf:p.949:Table 6,all_seven_families_joint,fama_french_5,lambda_rmw,shanken_t_statistic,-0.13,2,0.005,lambda_RMW,documented_reconstruction,-0.13010278917751,-0.00010278917750999872,True,recovered_within_published_rounding,-0.94,-0.9001187030472003,0.03988129695279963,False,not_recovered_within_published_rounding,,
TBL6_FF5_lambda_RMW_empp,Table 6,article_pdf:p.949:Table 6,all_seven_families_joint,fama_french_5,lambda_rmw,empirical_bootstrap_p_value,-0.13,2,0.005,lambda_RMW,documented_reconstruction,-0.13010278917751,-0.00010278917750999872,True,recovered_within_published_rounding,0.561,0.5856,0.024599999999999955,False,not_resolvable_monte_carlo_error_exceeds_published_rounding,0.007018247644533499,False
TBL6_FF5_lambda_CMA,Table 6,article_pdf:p.949:Table 6,all_seven_families_joint,fama_french_5,lambda_cma,shanken_t_statistic,0.24,2,0.005,lambda_CMA,documented_reconstruction,0.2427486419085965,0.0027486419085964997,True,recovered_within_published_rounding,2.31,2.3090560895957903,-0.0009439104042097135,True,recovered_within_published_rounding,,
TBL6_FF5_lambda_CMA_empp,Table 6,article_pdf:p.949:Table 6,all_seven_families_joint,fama_french_5,lambda_cma,empirical_bootstrap_p_value,0.24,2,0.005,lambda_CMA,documented_reconstruction,0.2427486419085965,0.0027486419085964997,True,recovered_within_published_rounding,0.029,0.0328,0.0038000000000000013,False,not_resolvable_monte_carlo_error_exceeds_published_rounding,0.0023731413780051116,False
TBL6_FF5_chi2,Table 6,article_pdf:p.949:Table 6,all_seven_families_joint,fama_french_5,chi_square,asymptotic_p_value,83.49,2,0.005,chi_square_statistic,documented_reconstruction,78.13614706008234,-5.353852939917658,False,not_recovered_within_published_rounding,0.061,0.1271168284442096,0.0661168284442096,False,not_recovered_within_published_rounding,,
TBL6_FF5_chi2_empp,Table 6,article_pdf:p.949:Table 6,all_seven_families_joint,fama_french_5,chi_square,empirical_bootstrap_p_value,83.49,2,0.005,chi_square_statistic,documented_reconstruction,78.13614706008234,-5.353852939917658,False,not_recovered_within_published_rounding,0.058,0.0636,0.005600000000000001,False,not_resolvable_monte_carlo_error_exceeds_published_rounding,0.003305631558416636,False
TBL6_FF5_R2OLS,Table 6,article_pdf:p.949:Table 6,all_seven_families_joint,fama_french_5,r2_ols,empirical_bootstrap_p_value,0.74,2,0.005,article_cross_sectional_fit,documented_reconstruction,0.7485492175724127,0.00854921757241267,False,not_recovered_within_published_rounding,0.000,0.0002,0.0002,True,recovered_within_published_rounding,0.0,True
TBL6_FF5_R2C,Table 6,article_pdf:p.949:Table 6,all_seven_families_joint,fama_french_5,r2_constrained,none,0.52,2,0.005,article_constrained_fit,documented_reconstruction,0.5486139479617749,0.028613947961774855,False,not_recovered_within_published_rounding,,,,,not_attempted_no_generated_counterpart,,
TBL5_BM_D1_MEAN_EXCESS_RETURN,Table 5,article_pdf:p.944:Table 5,book_to_market,market_plus_fedfunds_innovation,mean_excess_return_d1,none,0.38,2,0.005,mean_excess_return_d1,documented_reconstruction,0.3723087301587301,-0.007691269841269888,False,not_recovered_within_published_rounding,,,,,not_attempted_no_generated_counterpart,,
TBL5_BM_D1_RISK_PREMIUM_MARKET,Table 5,article_pdf:p.944:Table 5,book_to_market,market_plus_fedfunds_innovation,risk_premium_market_d1,none,0.66,2,0.005,risk_premium_market_d1,documented_reconstruction,0.6489815863920794,-0.011018413607920663,False,not_recovered_within_published_rounding,,,,,not_attempted_no_generated_counterpart,,
TBL5_BM_D1_RISK_PREMIUM_RATE,Table 5,article_pdf:p.944:Table 5,book_to_market,market_plus_fedfunds_innovation,risk_premium_rate_d1,none,-0.2,2,0.005,risk_premium_rate_d1,documented_reconstruction,-0.2182347140796859,-0.018234714079685882,False,not_recovered_within_published_rounding,,,,,not_attempted_no_generated_counterpart,,
TBL5_BM_D1_PRICING_ERROR,Table 5,article_pdf:p.944:Table 5,book_to_market,market_plus_fedfunds_innovation,pricing_error_d1,none,-0.08,2,0.005,pricing_error_d1,documented_reconstruction,-0.0584381421536633,0.0215618578463367,False,not_recovered_within_published_rounding,,,,,not_attempted_no_generated_counterpart,,
TBL5_BM_D10_MEAN_EXCESS_RETURN,Table 5,article_pdf:p.944:Table 5,book_to_market,market_plus_fedfunds_innovation,mean_excess_return_d10,none,1.07,2,0.005,mean_excess_return_d10,documented_reconstruction,1.036536507936508,-0.03346349206349197,False,not_recovered_within_published_rounding,,,,,not_attempted_no_generated_counterpart,,
TBL5_BM_D10_RISK_PREMIUM_MARKET,Table 5,article_pdf:p.944:Table 5,book_to_market,market_plus_fedfunds_innovation,risk_premium_market_d10,none,0.58,2,0.005,risk_premium_market_d10,documented_reconstruction,0.5782409446727078,-0.0017590553272921472,True,recovered_within_published_rounding,,,,,not_attempted_no_generated_counterpart,,
TBL5_BM_D10_RISK_PREMIUM_RATE,Table 5,article_pdf:p.944:Table 5,book_to_market,market_plus_fedfunds_innovation,risk_premium_rate_d10,none,0.39,2,0.005,risk_premium_rate_d10,documented_reconstruction,0.3642888407437902,-0.025711159256209815,False,not_recovered_within_published_rounding,,,,,not_attempted_no_generated_counterpart,,
TBL5_BM_D10_PRICING_ERROR,Table 5,article_pdf:p.944:Table 5,book_to_market,market_plus_fedfunds_innovation,pricing_error_d10,none,0.11,2,0.005,pricing_error_d10,documented_reconstruction,0.0940067225200098,-0.0159932774799902,False,not_recovered_within_published_rounding,,,,,not_attempted_no_generated_counterpart,,
TBL5_BM_DIF_MEAN_EXCESS_RETURN,Table 5,article_pdf:p.944:Table 5,book_to_market,market_plus_fedfunds_innovation,mean_excess_return_dif,none,-0.69,2,0.005,mean_excess_return_dif,documented_reconstruction,-0.6642277777777778,0.025772222222222196,False,not_recovered_within_published_rounding,,,,,not_attempted_no_generated_counterpart,,
TBL5_BM_DIF_RISK_PREMIUM_MARKET,Table 5,article_pdf:p.944:Table 5,book_to_market,market_plus_fedfunds_innovation,risk_premium_market_dif,none,0.08,2,0.005,risk_premium_market_dif,documented_reconstruction,0.0707406417193715,-0.009259358280628502,False,not_recovered_within_published_rounding,,,,,not_attempted_no_generated_counterpart,,
TBL5_BM_DIF_RISK_PREMIUM_RATE,Table 5,article_pdf:p.944:Table 5,book_to_market,market_plus_fedfunds_innovation,risk_premium_rate_dif,none,-0.59,2,0.005,risk_premium_rate_dif,documented_reconstruction,-0.5825235548234762,0.007476445176523794,False,not_recovered_within_published_rounding,,,,,not_attempted_no_generated_counterpart,,
TBL5_BM_DIF_PRICING_ERROR,Table 5,article_pdf:p.944:Table 5,book_to_market,market_plus_fedfunds_innovation,pricing_error_dif,none,-0.18,2,0.005,pricing_error_dif,documented_reconstruction,-0.1524448646736731,0.02755513532632689,False,not_recovered_within_published_rounding,,,,,not_attempted_no_generated_counterpart,,
TBL5_DUR_D1_MEAN_EXCESS_RETURN,Table 5,article_pdf:p.944:Table 5,equity_duration,market_plus_fedfunds_innovation,mean_excess_return_d1,none,0.83,2,0.005,mean_excess_return_d1,documented_reconstruction,0.8653271825396825,0.03532718253968259,False,not_recovered_within_published_rounding,,,,,not_attempted_no_generated_counterpart,,
TBL5_DUR_D1_RISK_PREMIUM_MARKET,Table 5,article_pdf:p.944:Table 5,equity_duration,market_plus_fedfunds_innovation,risk_premium_market_d1,none,0.64,2,0.005,risk_premium_market_d1,documented_reconstruction,0.6123442914487716,-0.027655708551228453,False,not_recovered_within_published_rounding,,,,,not_attempted_no_generated_counterpart,,
TBL5_DUR_D1_RISK_PREMIUM_RATE,Table 5,article_pdf:p.944:Table 5,equity_duration,market_plus_fedfunds_innovation,risk_premium_rate_d1,none,0.17,2,0.005,risk_premium_rate_d1,documented_reconstruction,0.2146178565374398,0.0446178565374398,False,not_recovered_within_published_rounding,,,,,not_attempted_no_generated_counterpart,,
TBL5_DUR_D1_PRICING_ERROR,Table 5,article_pdf:p.944:Table 5,equity_duration,market_plus_fedfunds_innovation,pricing_error_d1,none,0.02,2,0.005,pricing_error_d1,documented_reconstruction,0.038365034553471,0.018365034553470997,False,not_recovered_within_published_rounding,,,,,not_attempted_no_generated_counterpart,,
TBL5_DUR_D10_MEAN_EXCESS_RETURN,Table 5,article_pdf:p.944:Table 5,equity_duration,market_plus_fedfunds_innovation,mean_excess_return_d10,none,0.31,2,0.005,mean_excess_return_d10,documented_reconstruction,0.3186803571428571,0.008680357142857087,False,not_recovered_within_published_rounding,,,,,not_attempted_no_generated_counterpart,,
TBL5_DUR_D10_RISK_PREMIUM_MARKET,Table 5,article_pdf:p.944:Table 5,equity_duration,market_plus_fedfunds_innovation,risk_premium_market_d10,none,0.75,2,0.005,risk_premium_market_d10,documented_reconstruction,0.7492320222849578,-0.0007679777150422229,True,recovered_within_published_rounding,,,,,not_attempted_no_generated_counterpart,,
TBL5_DUR_D10_RISK_PREMIUM_RATE,Table 5,article_pdf:p.944:Table 5,equity_duration,market_plus_fedfunds_innovation,risk_premium_rate_d10,none,-0.3,2,0.005,risk_premium_rate_d10,documented_reconstruction,-0.2998589547470057,0.0001410452529942985,True,recovered_within_published_rounding,,,,,not_attempted_no_generated_counterpart,,
TBL5_DUR_D10_PRICING_ERROR,Table 5,article_pdf:p.944:Table 5,equity_duration,market_plus_fedfunds_innovation,pricing_error_d10,none,-0.14,2,0.005,pricing_error_d10,documented_reconstruction,-0.130692710395095,0.009307289604905011,False,not_recovered_within_published_rounding,,,,,not_attempted_no_generated_counterpart,,
TBL5_DUR_DIF_MEAN_EXCESS_RETURN,Table 5,article_pdf:p.944:Table 5,equity_duration,market_plus_fedfunds_innovation,mean_excess_return_dif,none,0.52,2,0.005,mean_excess_return_dif,documented_reconstruction,0.5466468253968255,0.026646825396825502,False,not_recovered_within_published_rounding,,,,,not_attempted_no_generated_counterpart,,
TBL5_DUR_DIF_RISK_PREMIUM_MARKET,Table 5,article_pdf:p.944:Table 5,equity_duration,market_plus_fedfunds_innovation,risk_premium_market_dif,none,-0.11,2,0.005,risk_premium_market_dif,documented_reconstruction,-0.1368877308361862,-0.02688773083618619,False,not_recovered_within_published_rounding,,,,,not_attempted_no_generated_counterpart,,
TBL5_DUR_DIF_RISK_PREMIUM_RATE,Table 5,article_pdf:p.944:Table 5,equity_duration,market_plus_fedfunds_innovation,risk_premium_rate_dif,none,0.48,2,0.005,risk_premium_rate_dif,documented_reconstruction,0.5144768112844456,0.034476811284445574,False,not_recovered_within_published_rounding,,,,,not_attempted_no_generated_counterpart,,
TBL5_DUR_DIF_PRICING_ERROR,Table 5,article_pdf:p.944:Table 5,equity_duration,market_plus_fedfunds_innovation,pricing_error_dif,none,0.16,2,0.005,pricing_error_dif,documented_reconstruction,0.169057744948566,0.00905774494856601,False,not_recovered_within_published_rounding,,,,,not_attempted_no_generated_counterpart,,
TBL5_EP_D1_MEAN_EXCESS_RETURN,Table 5,article_pdf:p.944:Table 5,earnings_to_price,market_plus_fedfunds_innovation,mean_excess_return_d1,none,0.38,2,0.005,mean_excess_return_d1,documented_reconstruction,0.3916654761904762,0.011665476190476198,False,not_recovered_within_published_rounding,,,,,not_attempted_no_generated_counterpart,,
TBL5_EP_D1_RISK_PREMIUM_MARKET,Table 5,article_pdf:p.944:Table 5,earnings_to_price,market_plus_fedfunds_innovation,risk_premium_market_d1,none,0.7,2,0.005,risk_premium_market_d1,documented_reconstruction,0.7150193088270475,0.015019308827047495,False,not_recovered_within_published_rounding,,,,,not_attempted_no_generated_counterpart,,
TBL5_EP_D1_RISK_PREMIUM_RATE,Table 5,article_pdf:p.944:Table 5,earnings_to_price,market_plus_fedfunds_innovation,risk_premium_rate_d1,none,-0.3,2,0.005,risk_premium_rate_d1,documented_reconstruction,-0.2675115503536863,0.0324884496463137,False,not_recovered_within_published_rounding,,,,,not_attempted_no_generated_counterpart,,
TBL5_EP_D1_PRICING_ERROR,Table 5,article_pdf:p.944:Table 5,earnings_to_price,market_plus_fedfunds_innovation,pricing_error_d1,none,-0.02,2,0.005,pricing_error_d1,documented_reconstruction,-0.0558422822828849,-0.0358422822828849,False,not_recovered_within_published_rounding,,,,,not_attempted_no_generated_counterpart,,
TBL5_EP_D10_MEAN_EXCESS_RETURN,Table 5,article_pdf:p.944:Table 5,earnings_to_price,market_plus_fedfunds_innovation,mean_excess_return_d10,none,0.96,2,0.005,mean_excess_return_d10,documented_reconstruction,0.8908505952380952,-0.06914940476190479,False,not_recovered_within_published_rounding,,,,,not_attempted_no_generated_counterpart,,
TBL5_EP_D10_RISK_PREMIUM_MARKET,Table 5,article_pdf:p.944:Table 5,earnings_to_price,market_plus_fedfunds_innovation,risk_premium_market_d10,none,0.57,2,0.005,risk_premium_market_d10,documented_reconstruction,0.5658223261933117,-0.004177673806688209,True,recovered_within_published_rounding,,,,,not_attempted_no_generated_counterpart,,
TBL5_EP_D10_RISK_PREMIUM_RATE,Table 5,article_pdf:p.944:Table 5,earnings_to_price,market_plus_fedfunds_innovation,risk_premium_rate_d10,none,0.28,2,0.005,risk_premium_rate_d10,documented_reconstruction,0.1568817511023398,-0.12311824889766024,False,not_recovered_within_published_rounding,,,,,not_attempted_no_generated_counterpart,,
TBL5_EP_D10_PRICING_ERROR,Table 5,article_pdf:p.944:Table 5,earnings_to_price,market_plus_fedfunds_innovation,pricing_error_d10,none,0.11,2,0.005,pricing_error_d10,documented_reconstruction,0.1681465179424436,0.05814651794244359,False,not_recovered_within_published_rounding,,,,,not_attempted_no_generated_counterpart,,
TBL5_EP_DIF_MEAN_EXCESS_RETURN,Table 5,article_pdf:p.944:Table 5,earnings_to_price,market_plus_fedfunds_innovation,mean_excess_return_dif,none,-0.58,2,0.005,mean_excess_return_dif,documented_reconstruction,-0.499185119047619,0.08081488095238099,False,not_recovered_within_published_rounding,,,,,not_attempted_no_generated_counterpart,,
TBL5_EP_DIF_RISK_PREMIUM_MARKET,Table 5,article_pdf:p.944:Table 5,earnings_to_price,market_plus_fedfunds_innovation,risk_premium_market_dif,none,0.14,2,0.005,risk_premium_market_dif,documented_reconstruction,0.1491969826337357,0.009196982633735695,False,not_recovered_within_published_rounding,,,,,not_attempted_no_generated_counterpart,,
TBL5_EP_DIF_RISK_PREMIUM_RATE,Table 5,article_pdf:p.944:Table 5,earnings_to_price,market_plus_fedfunds_innovation,risk_premium_rate_dif,none,-0.58,2,0.005,risk_premium_rate_dif,documented_reconstruction,-0.4243933014560261,0.15560669854397385,False,not_recovered_within_published_rounding,,,,,not_attempted_no_generated_counterpart,,
TBL5_EP_DIF_PRICING_ERROR,Table 5,article_pdf:p.944:Table 5,earnings_to_price,market_plus_fedfunds_innovation,pricing_error_dif,none,-0.13,2,0.005,pricing_error_dif,documented_reconstruction,-0.2239888002253285,-0.09398880022532849,False,not_recovered_within_published_rounding,,,,,not_attempted_no_generated_counterpart,,
TBL5_REV_D1_MEAN_EXCESS_RETURN,Table 5,article_pdf:p.944:Table 5,long_term_reversal,market_plus_fedfunds_innovation,mean_excess_return_d1,none,0.96,2,0.005,mean_excess_return_d1,documented_reconstruction,0.9371214285714288,-0.022878571428571193,False,not_recovered_within_published_rounding,,,,,not_attempted_no_generated_counterpart,,
TBL5_REV_D1_RISK_PREMIUM_MARKET,Table 5,article_pdf:p.944:Table 5,long_term_reversal,market_plus_fedfunds_innovation,risk_premium_market_d1,none,0.78,2,0.005,risk_premium_market_d1,documented_reconstruction,0.7719295161527199,-0.008070483847280152,False,not_recovered_within_published_rounding,,,,,not_attempted_no_generated_counterpart,,
TBL5_REV_D1_RISK_PREMIUM_RATE,Table 5,article_pdf:p.944:Table 5,long_term_reversal,market_plus_fedfunds_innovation,risk_premium_rate_d1,none,0.07,2,0.005,risk_premium_rate_d1,documented_reconstruction,0.0584062704337662,-0.011593729566233807,False,not_recovered_within_published_rounding,,,,,not_attempted_no_generated_counterpart,,
TBL5_REV_D1_PRICING_ERROR,Table 5,article_pdf:p.944:Table 5,long_term_reversal,market_plus_fedfunds_innovation,pricing_error_d1,none,0.11,2,0.005,pricing_error_d1,documented_reconstruction,0.1067856419849426,-0.0032143580150574003,True,recovered_within_published_rounding,,,,,not_attempted_no_generated_counterpart,,
TBL5_REV_D10_MEAN_EXCESS_RETURN,Table 5,article_pdf:p.944:Table 5,long_term_reversal,market_plus_fedfunds_innovation,mean_excess_return_d10,none,0.55,2,0.005,mean_excess_return_d10,documented_reconstruction,0.5398525793650794,-0.01014742063492069,False,not_recovered_within_published_rounding,,,,,not_attempted_no_generated_counterpart,,
TBL5_REV_D10_RISK_PREMIUM_MARKET,Table 5,article_pdf:p.944:Table 5,long_term_reversal,market_plus_fedfunds_innovation,risk_premium_market_d10,none,0.79,2,0.005,risk_premium_market_d10,documented_reconstruction,0.7868741575708217,-0.0031258424291783493,True,recovered_within_published_rounding,,,,,not_attempted_no_generated_counterpart,,
TBL5_REV_D10_RISK_PREMIUM_RATE,Table 5,article_pdf:p.944:Table 5,long_term_reversal,market_plus_fedfunds_innovation,risk_premium_rate_d10,none,-0.18,2,0.005,risk_premium_rate_d10,documented_reconstruction,-0.1831798858260177,-0.00317988582601772,True,recovered_within_published_rounding,,,,,not_attempted_no_generated_counterpart,,
TBL5_REV_D10_PRICING_ERROR,Table 5,article_pdf:p.944:Table 5,long_term_reversal,market_plus_fedfunds_innovation,pricing_error_d10,none,-0.06,2,0.005,pricing_error_d10,documented_reconstruction,-0.0638416923797245,-0.0038416923797244956,True,recovered_within_published_rounding,,,,,not_attempted_no_generated_counterpart,,
TBL5_REV_DIF_MEAN_EXCESS_RETURN,Table 5,article_pdf:p.944:Table 5,long_term_reversal,market_plus_fedfunds_innovation,mean_excess_return_dif,none,0.41,2,0.005,mean_excess_return_dif,documented_reconstruction,0.3972688492063493,-0.01273115079365067,False,not_recovered_within_published_rounding,,,,,not_attempted_no_generated_counterpart,,
TBL5_REV_DIF_RISK_PREMIUM_MARKET,Table 5,article_pdf:p.944:Table 5,long_term_reversal,market_plus_fedfunds_innovation,risk_premium_market_dif,none,-0.01,2,0.005,risk_premium_market_dif,documented_reconstruction,-0.0149446414181018,-0.004944641418101799,True,recovered_within_published_rounding,,,,,not_attempted_no_generated_counterpart,,
TBL5_REV_DIF_RISK_PREMIUM_RATE,Table 5,article_pdf:p.944:Table 5,long_term_reversal,market_plus_fedfunds_innovation,risk_premium_rate_dif,none,0.25,2,0.005,risk_premium_rate_dif,documented_reconstruction,0.2415861562597839,-0.008413843740216087,False,not_recovered_within_published_rounding,,,,,not_attempted_no_generated_counterpart,,
TBL5_REV_DIF_PRICING_ERROR,Table 5,article_pdf:p.944:Table 5,long_term_reversal,market_plus_fedfunds_innovation,pricing_error_dif,none,0.17,2,0.005,pricing_error_dif,documented_reconstruction,0.1706273343646672,0.0006273343646671925,True,recovered_within_published_rounding,,,,,not_attempted_no_generated_counterpart,,
TBL5_IA_D1_MEAN_EXCESS_RETURN,Table 5,article_pdf:p.944:Table 5,investment_to_assets,market_plus_fedfunds_innovation,mean_excess_return_d1,none,0.76,2,0.005,mean_excess_return_d1,documented_reconstruction,0.7718253968253967,0.011825396825396739,False,not_recovered_within_published_rounding,,,,,not_attempted_no_generated_counterpart,,
TBL5_IA_D1_RISK_PREMIUM_MARKET,Table 5,article_pdf:p.944:Table 5,investment_to_assets,market_plus_fedfunds_innovation,risk_premium_market_d1,none,0.61,2,0.005,risk_premium_market_d1,documented_reconstruction,0.617059906747026,0.007059906747026057,False,not_recovered_within_published_rounding,,,,,not_attempted_no_generated_counterpart,,
TBL5_IA_D1_RISK_PREMIUM_RATE,Table 5,article_pdf:p.944:Table 5,investment_to_assets,market_plus_fedfunds_innovation,risk_premium_rate_d1,none,0.12,2,0.005,risk_premium_rate_d1,documented_reconstruction,0.1015970855754338,-0.018402914424566194,False,not_recovered_within_published_rounding,,,,,not_attempted_no_generated_counterpart,,
TBL5_IA_D1_PRICING_ERROR,Table 5,article_pdf:p.944:Table 5,investment_to_assets,market_plus_fedfunds_innovation,pricing_error_d1,none,0.03,2,0.005,pricing_error_d1,documented_reconstruction,0.0531684045029369,0.023168404502936904,False,not_recovered_within_published_rounding,,,,,not_attempted_no_generated_counterpart,,
TBL5_IA_D10_MEAN_EXCESS_RETURN,Table 5,article_pdf:p.944:Table 5,investment_to_assets,market_plus_fedfunds_innovation,mean_excess_return_d10,none,0.34,2,0.005,mean_excess_return_d10,documented_reconstruction,0.3438438492063492,0.0038438492063491703,True,recovered_within_published_rounding,,,,,not_attempted_no_generated_counterpart,,
TBL5_IA_D10_RISK_PREMIUM_MARKET,Table 5,article_pdf:p.944:Table 5,investment_to_assets,market_plus_fedfunds_innovation,risk_premium_market_d10,none,0.72,2,0.005,risk_premium_market_d10,documented_reconstruction,0.7289619811961479,0.008961981196147883,False,not_recovered_within_published_rounding,,,,,not_attempted_no_generated_counterpart,,
TBL5_IA_D10_RISK_PREMIUM_RATE,Table 5,article_pdf:p.944:Table 5,investment_to_assets,market_plus_fedfunds_innovation,risk_premium_rate_d10,none,-0.26,2,0.005,risk_premium_rate_d10,documented_reconstruction,-0.2720827638016213,-0.012082763801621266,False,not_recovered_within_published_rounding,,,,,not_attempted_no_generated_counterpart,,
TBL5_IA_D10_PRICING_ERROR,Table 5,article_pdf:p.944:Table 5,investment_to_assets,market_plus_fedfunds_innovation,pricing_error_d10,none,-0.12,2,0.005,pricing_error_d10,documented_reconstruction,-0.1130353681881773,0.006964631811822691,False,not_recovered_within_published_rounding,,,,,not_attempted_no_generated_counterpart,,
TBL5_IA_DIF_MEAN_EXCESS_RETURN,Table 5,article_pdf:p.944:Table 5,investment_to_assets,market_plus_fedfunds_innovation,mean_excess_return_dif,none,0.42,2,0.005,mean_excess_return_dif,documented_reconstruction,0.4279815476190475,0.007981547619047513,False,not_recovered_within_published_rounding,,,,,not_attempted_no_generated_counterpart,,
TBL5_IA_DIF_RISK_PREMIUM_MARKET,Table 5,article_pdf:p.944:Table 5,investment_to_assets,market_plus_fedfunds_innovation,risk_premium_market_dif,none,-0.11,2,0.005,risk_premium_market_dif,documented_reconstruction,-0.1119020744491218,-0.001902074449121799,True,recovered_within_published_rounding,,,,,not_attempted_no_generated_counterpart,,
TBL5_IA_DIF_RISK_PREMIUM_RATE,Table 5,article_pdf:p.944:Table 5,investment_to_assets,market_plus_fedfunds_innovation,risk_premium_rate_dif,none,0.38,2,0.005,risk_premium_rate_dif,documented_reconstruction,0.3736798493770552,-0.006320150622944831,False,not_recovered_within_published_rounding,,,,,not_attempted_no_generated_counterpart,,
TBL5_IA_DIF_PRICING_ERROR,Table 5,article_pdf:p.944:Table 5,investment_to_assets,market_plus_fedfunds_innovation,pricing_error_dif,none,0.15,2,0.005,pricing_error_dif,documented_reconstruction,0.1662037726911142,0.0162037726911142,False,not_recovered_within_published_rounding,,,,,not_attempted_no_generated_counterpart,,
TBL5_PIA_D1_MEAN_EXCESS_RETURN,Table 5,article_pdf:p.944:Table 5,ppe_investment,market_plus_fedfunds_innovation,mean_excess_return_d1,none,0.85,2,0.005,mean_excess_return_d1,documented_reconstruction,0.8710085317460317,0.021008531746031678,False,not_recovered_within_published_rounding,,,,,not_attempted_no_generated_counterpart,,
TBL5_PIA_D1_RISK_PREMIUM_MARKET,Table 5,article_pdf:p.944:Table 5,ppe_investment,market_plus_fedfunds_innovation,risk_premium_market_d1,none,0.59,2,0.005,risk_premium_market_d1,documented_reconstruction,0.5988739248808259,0.008873924880825945,False,not_recovered_within_published_rounding,,,,,not_attempted_no_generated_counterpart,,
TBL5_PIA_D1_RISK_PREMIUM_RATE,Table 5,article_pdf:p.944:Table 5,ppe_investment,market_plus_fedfunds_innovation,risk_premium_rate_d1,none,0.16,2,0.005,risk_premium_rate_d1,documented_reconstruction,0.157902691799115,-0.0020973082008849953,True,recovered_within_published_rounding,,,,,not_attempted_no_generated_counterpart,,
TBL5_PIA_D1_PRICING_ERROR,Table 5,article_pdf:p.944:Table 5,ppe_investment,market_plus_fedfunds_innovation,pricing_error_d1,none,0.1,2,0.005,pricing_error_d1,documented_reconstruction,0.1142319150660907,0.0142319150660907,False,not_recovered_within_published_rounding,,,,,not_attempted_no_generated_counterpart,,
TBL5_PIA_D10_MEAN_EXCESS_RETURN,Table 5,article_pdf:p.944:Table 5,ppe_investment,market_plus_fedfunds_innovation,mean_excess_return_d10,none,0.36,2,0.005,mean_excess_return_d10,documented_reconstruction,0.3642660714285714,0.0042660714285714385,True,recovered_within_published_rounding,,,,,not_attempted_no_generated_counterpart,,
TBL5_PIA_D10_RISK_PREMIUM_MARKET,Table 5,article_pdf:p.944:Table 5,ppe_investment,market_plus_fedfunds_innovation,risk_premium_market_d10,none,0.67,2,0.005,risk_premium_market_d10,documented_reconstruction,0.6785107689078119,0.008510768907811883,False,not_recovered_within_published_rounding,,,,,not_attempted_no_generated_counterpart,,
TBL5_PIA_D10_RISK_PREMIUM_RATE,Table 5,article_pdf:p.944:Table 5,ppe_investment,market_plus_fedfunds_innovation,risk_premium_rate_d10,none,-0.17,2,0.005,risk_premium_rate_d10,documented_reconstruction,-0.1892102376490793,-0.01921023764907928,False,not_recovered_within_published_rounding,,,,,not_attempted_no_generated_counterpart,,
TBL5_PIA_D10_PRICING_ERROR,Table 5,article_pdf:p.944:Table 5,ppe_investment,market_plus_fedfunds_innovation,pricing_error_d10,none,-0.14,2,0.005,pricing_error_d10,documented_reconstruction,-0.1250344598301612,0.014965540169838809,False,not_recovered_within_published_rounding,,,,,not_attempted_no_generated_counterpart,,
TBL5_PIA_DIF_MEAN_EXCESS_RETURN,Table 5,article_pdf:p.944:Table 5,ppe_investment,market_plus_fedfunds_innovation,mean_excess_return_dif,none,0.49,2,0.005,mean_excess_return_dif,documented_reconstruction,0.5067424603174602,0.016742460317460184,False,not_recovered_within_published_rounding,,,,,not_attempted_no_generated_counterpart,,
TBL5_PIA_DIF_RISK_PREMIUM_MARKET,Table 5,article_pdf:p.944:Table 5,ppe_investment,market_plus_fedfunds_innovation,risk_premium_market_dif,none,-0.08,2,0.005,risk_premium_market_dif,documented_reconstruction,-0.079636844026986,0.0003631559730140066,True,recovered_within_published_rounding,,,,,not_attempted_no_generated_counterpart,,
TBL5_PIA_DIF_RISK_PREMIUM_RATE,Table 5,article_pdf:p.944:Table 5,ppe_investment,market_plus_fedfunds_innovation,risk_premium_rate_dif,none,0.34,2,0.005,risk_premium_rate_dif,documented_reconstruction,0.3471129294481943,0.0071129294481942495,False,not_recovered_within_published_rounding,,,,,not_attempted_no_generated_counterpart,,
TBL5_PIA_DIF_PRICING_ERROR,Table 5,article_pdf:p.944:Table 5,ppe_investment,market_plus_fedfunds_innovation,pricing_error_dif,none,0.23,2,0.005,pricing_error_dif,documented_reconstruction,0.239266374896252,0.009266374896251983,False,not_recovered_within_published_rounding,,,,,not_attempted_no_generated_counterpart,,
TBL5_IVG_D1_MEAN_EXCESS_RETURN,Table 5,article_pdf:p.944:Table 5,inventory_growth,market_plus_fedfunds_innovation,mean_excess_return_d1,none,0.76,2,0.005,mean_excess_return_d1,documented_reconstruction,0.7620513888888889,0.0020513888888888943,True,recovered_within_published_rounding,,,,,not_attempted_no_generated_counterpart,,
TBL5_IVG_D1_RISK_PREMIUM_MARKET,Table 5,article_pdf:p.944:Table 5,inventory_growth,market_plus_fedfunds_innovation,risk_premium_market_d1,none,0.62,2,0.005,risk_premium_market_d1,documented_reconstruction,0.6275627290086678,0.0075627290086678345,False,not_recovered_within_published_rounding,,,,,not_attempted_no_generated_counterpart,,
TBL5_IVG_D1_RISK_PREMIUM_RATE,Table 5,article_pdf:p.944:Table 5,inventory_growth,market_plus_fedfunds_innovation,risk_premium_rate_d1,none,-0.05,2,0.005,risk_premium_rate_d1,documented_reconstruction,-0.0557067014140493,-0.005706701414049296,False,not_recovered_within_published_rounding,,,,,not_attempted_no_generated_counterpart,,
TBL5_IVG_D1_PRICING_ERROR,Table 5,article_pdf:p.944:Table 5,inventory_growth,market_plus_fedfunds_innovation,pricing_error_d1,none,0.19,2,0.005,pricing_error_d1,documented_reconstruction,0.1901953612942704,0.00019536129427039084,True,recovered_within_published_rounding,,,,,not_attempted_no_generated_counterpart,,
TBL5_IVG_D10_MEAN_EXCESS_RETURN,Table 5,article_pdf:p.944:Table 5,inventory_growth,market_plus_fedfunds_innovation,mean_excess_return_d10,none,0.4,2,0.005,mean_excess_return_d10,documented_reconstruction,0.4157781746031747,0.015778174603174655,False,not_recovered_within_published_rounding,,,,,not_attempted_no_generated_counterpart,,
TBL5_IVG_D10_RISK_PREMIUM_MARKET,Table 5,article_pdf:p.944:Table 5,inventory_growth,market_plus_fedfunds_innovation,risk_premium_market_d10,none,0.71,2,0.005,risk_premium_market_d10,documented_reconstruction,0.714633403997735,0.004633403997735042,True,recovered_within_published_rounding,,,,,not_attempted_no_generated_counterpart,,
TBL5_IVG_D10_RISK_PREMIUM_RATE,Table 5,article_pdf:p.944:Table 5,inventory_growth,market_plus_fedfunds_innovation,risk_premium_rate_d10,none,-0.17,2,0.005,risk_premium_rate_d10,documented_reconstruction,-0.1661097805895213,0.003890219410478707,True,recovered_within_published_rounding,,,,,not_attempted_no_generated_counterpart,,
TBL5_IVG_D10_PRICING_ERROR,Table 5,article_pdf:p.944:Table 5,inventory_growth,market_plus_fedfunds_innovation,pricing_error_d10,none,-0.14,2,0.005,pricing_error_d10,documented_reconstruction,-0.132745448805039,0.0072545511949610175,False,not_recovered_within_published_rounding,,,,,not_attempted_no_generated_counterpart,,
TBL5_IVG_DIF_MEAN_EXCESS_RETURN,Table 5,article_pdf:p.944:Table 5,inventory_growth,market_plus_fedfunds_innovation,mean_excess_return_dif,none,0.36,2,0.005,mean_excess_return_dif,documented_reconstruction,0.3462732142857142,-0.01372678571428576,False,not_recovered_within_published_rounding,,,,,not_attempted_no_generated_counterpart,,
TBL5_IVG_DIF_RISK_PREMIUM_MARKET,Table 5,article_pdf:p.944:Table 5,inventory_growth,market_plus_fedfunds_innovation,risk_premium_market_dif,none,-0.09,2,0.005,risk_premium_market_dif,documented_reconstruction,-0.0870706749890671,0.00292932501093289,True,recovered_within_published_rounding,,,,,not_attempted_no_generated_counterpart,,
TBL5_IVG_DIF_RISK_PREMIUM_RATE,Table 5,article_pdf:p.944:Table 5,inventory_growth,market_plus_fedfunds_innovation,risk_premium_rate_dif,none,0.11,2,0.005,risk_premium_rate_dif,documented_reconstruction,0.1104030791754719,0.00040307917547190153,True,recovered_within_published_rounding,,,,,not_attempted_no_generated_counterpart,,
TBL5_IVG_DIF_PRICING_ERROR,Table 5,article_pdf:p.944:Table 5,inventory_growth,market_plus_fedfunds_innovation,pricing_error_dif,none,0.33,2,0.005,pricing_error_dif,documented_reconstruction,0.3229408100993094,-0.007059189900690599,False,not_recovered_within_published_rounding,,,,,not_attempted_no_generated_counterpart,,
