asset,test,restricted_parameters,statistic,p_value,df,nobs,holm_p_value,family,significant_holm_5pct,shift_months,boundary_rule,verdict,scope,evidence_class,hypothesis,replication_status
portfolio_excess_return__book_to_market__decile_01,joint_regime_factor_interactions,10.0,72.30770377397775,1.5861302198822592e-11,10.0,648.0,1.7447432418704852e-09,regime_stability,True,-3,registered_boundaries_shifted_-3_months,unstable,asset,confirmatory,H3,documented_reconstruction
portfolio_excess_return__book_to_market__decile_01,joint_rate_beta_regime_interactions,5.0,34.77756526727397,1.6665343615397845e-06,5.0,648.0,0.0001283231458385634,regime_stability,True,-3,registered_boundaries_shifted_-3_months,unstable,asset,confirmatory,H3,documented_reconstruction
portfolio_excess_return__book_to_market__decile_02,joint_regime_factor_interactions,10.0,107.26707754911475,1.8957016178039223e-18,10.0,648.0,2.4454550869670596e-16,regime_stability,True,-3,registered_boundaries_shifted_-3_months,unstable,asset,confirmatory,H3,documented_reconstruction
portfolio_excess_return__book_to_market__decile_02,joint_rate_beta_regime_interactions,5.0,46.64734259398486,6.704052357376691e-09,5.0,648.0,6.30180921593409e-07,regime_stability,True,-3,registered_boundaries_shifted_-3_months,unstable,asset,confirmatory,H3,documented_reconstruction
portfolio_excess_return__book_to_market__decile_03,joint_regime_factor_interactions,10.0,82.85809535278842,1.378880705994656e-13,10.0,648.0,1.6132904260137475e-11,regime_stability,True,-3,registered_boundaries_shifted_-3_months,unstable,asset,confirmatory,H3,documented_reconstruction
portfolio_excess_return__book_to_market__decile_03,joint_rate_beta_regime_interactions,5.0,34.33841780903249,2.0387308865992276e-06,5.0,648.0,0.00015086608560834283,regime_stability,True,-3,registered_boundaries_shifted_-3_months,unstable,asset,confirmatory,H3,documented_reconstruction
portfolio_excess_return__book_to_market__decile_04,joint_regime_factor_interactions,10.0,40.29118666759743,1.5056321891983916e-05,10.0,648.0,0.0009334919573030028,regime_stability,True,-3,registered_boundaries_shifted_-3_months,unstable,asset,confirmatory,H3,documented_reconstruction
portfolio_excess_return__book_to_market__decile_04,joint_rate_beta_regime_interactions,5.0,25.835757974864162,9.602443453155499e-05,5.0,648.0,0.004993270595640859,regime_stability,True,-3,registered_boundaries_shifted_-3_months,unstable,asset,confirmatory,H3,documented_reconstruction
portfolio_excess_return__book_to_market__decile_05,joint_regime_factor_interactions,10.0,170.47463687433267,2.212220488128526e-31,10.0,648.0,3.1192308882612217e-29,regime_stability,True,-3,registered_boundaries_shifted_-3_months,unstable,asset,confirmatory,H3,documented_reconstruction
portfolio_excess_return__book_to_market__decile_05,joint_rate_beta_regime_interactions,5.0,109.8198495905467,4.4727190311933295e-22,5.0,648.0,5.859261930863262e-20,regime_stability,True,-3,registered_boundaries_shifted_-3_months,unstable,asset,confirmatory,H3,documented_reconstruction
portfolio_excess_return__book_to_market__decile_06,joint_regime_factor_interactions,10.0,53.09264476816509,7.156721389554967e-08,10.0,648.0,6.011645967226172e-06,regime_stability,True,-3,registered_boundaries_shifted_-3_months,unstable,asset,confirmatory,H3,documented_reconstruction
portfolio_excess_return__book_to_market__decile_06,joint_rate_beta_regime_interactions,5.0,36.820691569591794,6.506198854617233e-07,5.0,648.0,5.139897095147614e-05,regime_stability,True,-3,registered_boundaries_shifted_-3_months,unstable,asset,confirmatory,H3,documented_reconstruction
portfolio_excess_return__book_to_market__decile_07,joint_regime_factor_interactions,10.0,55.74921725616085,2.287323063478192e-08,10.0,648.0,2.0814639877651547e-06,regime_stability,True,-3,registered_boundaries_shifted_-3_months,unstable,asset,confirmatory,H3,documented_reconstruction
portfolio_excess_return__book_to_market__decile_07,joint_rate_beta_regime_interactions,5.0,17.127203759208335,0.004264763911377849,5.0,648.0,0.14500197298684686,regime_stability,False,-3,registered_boundaries_shifted_-3_months,unstable,asset,confirmatory,H3,documented_reconstruction
portfolio_excess_return__book_to_market__decile_08,joint_regime_factor_interactions,10.0,135.97037002075825,2.816951292112097e-24,10.0,648.0,3.802884244351331e-22,regime_stability,True,-3,registered_boundaries_shifted_-3_months,unstable,asset,confirmatory,H3,documented_reconstruction
portfolio_excess_return__book_to_market__decile_08,joint_rate_beta_regime_interactions,5.0,56.91479596653414,5.265627016806663e-11,5.0,648.0,5.6342209079831295e-09,regime_stability,True,-3,registered_boundaries_shifted_-3_months,unstable,asset,confirmatory,H3,documented_reconstruction
portfolio_excess_return__book_to_market__decile_09,joint_regime_factor_interactions,10.0,126.05416346697572,2.9756263933075425e-22,10.0,648.0,3.987339367032107e-20,regime_stability,True,-3,registered_boundaries_shifted_-3_months,unstable,asset,confirmatory,H3,documented_reconstruction
portfolio_excess_return__book_to_market__decile_09,joint_rate_beta_regime_interactions,5.0,86.596417636215,3.482188419798972e-17,5.0,648.0,4.3527355247487145e-15,regime_stability,True,-3,registered_boundaries_shifted_-3_months,unstable,asset,confirmatory,H3,documented_reconstruction
portfolio_excess_return__book_to_market__decile_10,joint_regime_factor_interactions,10.0,42.71176094493254,5.599124988796633e-06,10.0,648.0,0.000380740499238171,regime_stability,True,-3,registered_boundaries_shifted_-3_months,unstable,asset,confirmatory,H3,documented_reconstruction
portfolio_excess_return__book_to_market__decile_10,joint_rate_beta_regime_interactions,5.0,7.508180148034007,0.1855050205197122,5.0,648.0,1.0,regime_stability,False,-3,registered_boundaries_shifted_-3_months,unstable,asset,confirmatory,H3,documented_reconstruction
portfolio_excess_return__earnings_to_price__decile_01,joint_regime_factor_interactions,10.0,92.98590116123944,1.3672889753882631e-15,10.0,648.0,1.668092549973681e-13,regime_stability,True,-3,registered_boundaries_shifted_-3_months,unstable,asset,confirmatory,H3,documented_reconstruction
portfolio_excess_return__earnings_to_price__decile_01,joint_rate_beta_regime_interactions,5.0,68.1970813545394,2.430078572166189e-13,5.0,648.0,2.8188911437127795e-11,regime_stability,True,-3,registered_boundaries_shifted_-3_months,unstable,asset,confirmatory,H3,documented_reconstruction
portfolio_excess_return__earnings_to_price__decile_02,joint_regime_factor_interactions,10.0,125.59527895328316,3.6897100347398594e-22,10.0,648.0,4.8704172458566145e-20,regime_stability,True,-3,registered_boundaries_shifted_-3_months,unstable,asset,confirmatory,H3,documented_reconstruction
portfolio_excess_return__earnings_to_price__decile_02,joint_rate_beta_regime_interactions,5.0,22.51877527345922,0.0004170934199588693,5.0,648.0,0.020854670997943463,regime_stability,True,-3,registered_boundaries_shifted_-3_months,unstable,asset,confirmatory,H3,documented_reconstruction
portfolio_excess_return__earnings_to_price__decile_03,joint_regime_factor_interactions,10.0,23.99890308232483,0.0076033027617122715,10.0,648.0,0.2357023856130804,regime_stability,False,-3,registered_boundaries_shifted_-3_months,unstable,asset,confirmatory,H3,documented_reconstruction
portfolio_excess_return__earnings_to_price__decile_03,joint_rate_beta_regime_interactions,5.0,6.243630941997958,0.28322923002593364,5.0,648.0,1.0,regime_stability,False,-3,registered_boundaries_shifted_-3_months,unstable,asset,confirmatory,H3,documented_reconstruction
portfolio_excess_return__earnings_to_price__decile_04,joint_regime_factor_interactions,10.0,8.41422818697467,0.5884441101743806,10.0,648.0,1.0,regime_stability,False,-3,registered_boundaries_shifted_-3_months,unstable,asset,confirmatory,H3,documented_reconstruction
portfolio_excess_return__earnings_to_price__decile_04,joint_rate_beta_regime_interactions,5.0,3.299016769679146,0.6539922178439977,5.0,648.0,1.0,regime_stability,False,-3,registered_boundaries_shifted_-3_months,unstable,asset,confirmatory,H3,documented_reconstruction
portfolio_excess_return__earnings_to_price__decile_05,joint_regime_factor_interactions,10.0,139.61051967543085,5.0645523991991785e-25,10.0,648.0,6.887791262910883e-23,regime_stability,True,-3,registered_boundaries_shifted_-3_months,unstable,asset,confirmatory,H3,documented_reconstruction
portfolio_excess_return__earnings_to_price__decile_05,joint_rate_beta_regime_interactions,5.0,131.75897353740802,1.0074925785655909e-26,5.0,648.0,1.3802648326348594e-24,regime_stability,True,-3,registered_boundaries_shifted_-3_months,unstable,asset,confirmatory,H3,documented_reconstruction
portfolio_excess_return__earnings_to_price__decile_06,joint_regime_factor_interactions,10.0,22.814672279610207,0.011451715767856306,10.0,648.0,0.33209975726783286,regime_stability,False,-3,registered_boundaries_shifted_-3_months,unstable,asset,confirmatory,H3,documented_reconstruction
portfolio_excess_return__earnings_to_price__decile_06,joint_rate_beta_regime_interactions,5.0,12.792415120984696,0.02540369528297561,5.0,648.0,0.584284991508439,regime_stability,False,-3,registered_boundaries_shifted_-3_months,unstable,asset,confirmatory,H3,documented_reconstruction
portfolio_excess_return__earnings_to_price__decile_07,joint_regime_factor_interactions,10.0,8.503630336701992,0.5797663591626943,10.0,648.0,1.0,regime_stability,False,-3,registered_boundaries_shifted_-3_months,unstable,asset,confirmatory,H3,documented_reconstruction
portfolio_excess_return__earnings_to_price__decile_07,joint_rate_beta_regime_interactions,5.0,3.228407220959046,0.6648190492856072,5.0,648.0,1.0,regime_stability,False,-3,registered_boundaries_shifted_-3_months,unstable,asset,confirmatory,H3,documented_reconstruction
portfolio_excess_return__earnings_to_price__decile_08,joint_regime_factor_interactions,10.0,41.771007136592644,8.235813705956151e-06,10.0,648.0,0.0005270920771811937,regime_stability,True,-3,registered_boundaries_shifted_-3_months,unstable,asset,confirmatory,H3,documented_reconstruction
portfolio_excess_return__earnings_to_price__decile_08,joint_rate_beta_regime_interactions,5.0,18.25676557472394,0.0026412371885868023,5.0,648.0,0.10300825035488528,regime_stability,False,-3,registered_boundaries_shifted_-3_months,unstable,asset,confirmatory,H3,documented_reconstruction
portfolio_excess_return__earnings_to_price__decile_09,joint_regime_factor_interactions,10.0,70.95314197986644,2.901304050186093e-11,10.0,648.0,3.1334083742009805e-09,regime_stability,True,-3,registered_boundaries_shifted_-3_months,unstable,asset,confirmatory,H3,documented_reconstruction
portfolio_excess_return__earnings_to_price__decile_09,joint_rate_beta_regime_interactions,5.0,27.267774681546715,5.058544582861929e-05,5.0,648.0,0.0028327849664026806,regime_stability,True,-3,registered_boundaries_shifted_-3_months,unstable,asset,confirmatory,H3,documented_reconstruction
portfolio_excess_return__earnings_to_price__decile_10,joint_regime_factor_interactions,10.0,54.15146726711519,4.5470191056648936e-08,10.0,648.0,4.001376812985107e-06,regime_stability,True,-3,registered_boundaries_shifted_-3_months,unstable,asset,confirmatory,H3,documented_reconstruction
portfolio_excess_return__earnings_to_price__decile_10,joint_rate_beta_regime_interactions,5.0,34.16312865270737,2.20941909755052e-06,5.0,648.0,0.00016128759412118796,regime_stability,True,-3,registered_boundaries_shifted_-3_months,unstable,asset,confirmatory,H3,documented_reconstruction
portfolio_excess_return__equity_duration__decile_01,joint_regime_factor_interactions,10.0,95.71536939441847,3.9112227688914484e-16,10.0,648.0,4.810804005736481e-14,regime_stability,True,-3,registered_boundaries_shifted_-3_months,unstable,asset,confirmatory,H3,documented_reconstruction
portfolio_excess_return__equity_duration__decile_01,joint_rate_beta_regime_interactions,5.0,34.438669205291276,1.9470750301597544e-06,5.0,648.0,0.0001460306272619816,regime_stability,True,-3,registered_boundaries_shifted_-3_months,unstable,asset,confirmatory,H3,documented_reconstruction
portfolio_excess_return__equity_duration__decile_02,joint_regime_factor_interactions,10.0,87.22938665361845,1.894204676448936e-14,10.0,648.0,2.2351615182097446e-12,regime_stability,True,-3,registered_boundaries_shifted_-3_months,unstable,asset,confirmatory,H3,documented_reconstruction
portfolio_excess_return__equity_duration__decile_02,joint_rate_beta_regime_interactions,5.0,53.375098931233026,2.8167291693096285e-10,5.0,648.0,2.9293983360820136e-08,regime_stability,True,-3,registered_boundaries_shifted_-3_months,unstable,asset,confirmatory,H3,documented_reconstruction
portfolio_excess_return__equity_duration__decile_03,joint_regime_factor_interactions,10.0,71.92686899240368,1.879881396935247e-11,10.0,648.0,2.0490707226594193e-09,regime_stability,True,-3,registered_boundaries_shifted_-3_months,unstable,asset,confirmatory,H3,documented_reconstruction
portfolio_excess_return__equity_duration__decile_03,joint_rate_beta_regime_interactions,5.0,42.044327899076606,5.769988413706558e-08,5.0,648.0,4.96219003578764e-06,regime_stability,True,-3,registered_boundaries_shifted_-3_months,unstable,asset,confirmatory,H3,documented_reconstruction
portfolio_excess_return__equity_duration__decile_04,joint_regime_factor_interactions,10.0,41.93272923847711,7.708187726391447e-06,10.0,648.0,0.000501032202215444,regime_stability,True,-3,registered_boundaries_shifted_-3_months,unstable,asset,confirmatory,H3,documented_reconstruction
portfolio_excess_return__equity_duration__decile_04,joint_rate_beta_regime_interactions,5.0,4.760127504681742,0.4458502843184293,5.0,648.0,1.0,regime_stability,False,-3,registered_boundaries_shifted_-3_months,unstable,asset,confirmatory,H3,documented_reconstruction
portfolio_excess_return__equity_duration__decile_05,joint_regime_factor_interactions,10.0,55.58908649124363,2.450723682063884e-08,10.0,648.0,2.2056513138574957e-06,regime_stability,True,-3,registered_boundaries_shifted_-3_months,unstable,asset,confirmatory,H3,documented_reconstruction
portfolio_excess_return__equity_duration__decile_05,joint_rate_beta_regime_interactions,5.0,25.250392970446814,0.00012464705569864763,5.0,648.0,0.006356999840631029,regime_stability,True,-3,registered_boundaries_shifted_-3_months,unstable,asset,confirmatory,H3,documented_reconstruction
portfolio_excess_return__equity_duration__decile_06,joint_regime_factor_interactions,10.0,64.37434416320258,5.338456732144518e-10,10.0,648.0,5.391841299465963e-08,regime_stability,True,-3,registered_boundaries_shifted_-3_months,unstable,asset,confirmatory,H3,documented_reconstruction
portfolio_excess_return__equity_duration__decile_06,joint_rate_beta_regime_interactions,5.0,19.220237918782345,0.0017487489511627478,5.0,648.0,0.06994995804650991,regime_stability,False,-3,registered_boundaries_shifted_-3_months,unstable,asset,confirmatory,H3,documented_reconstruction
portfolio_excess_return__equity_duration__decile_07,joint_regime_factor_interactions,10.0,49.20374226262994,3.73757791756297e-07,10.0,648.0,3.0274381132260055e-05,regime_stability,True,-3,registered_boundaries_shifted_-3_months,unstable,asset,confirmatory,H3,documented_reconstruction
portfolio_excess_return__equity_duration__decile_07,joint_rate_beta_regime_interactions,5.0,5.246346797926552,0.386561419441765,5.0,648.0,1.0,regime_stability,False,-3,registered_boundaries_shifted_-3_months,unstable,asset,confirmatory,H3,documented_reconstruction
portfolio_excess_return__equity_duration__decile_08,joint_regime_factor_interactions,10.0,36.01671265551447,8.362123864257439e-05,10.0,648.0,0.004515546886699017,regime_stability,True,-3,registered_boundaries_shifted_-3_months,unstable,asset,confirmatory,H3,documented_reconstruction
portfolio_excess_return__equity_duration__decile_08,joint_rate_beta_regime_interactions,5.0,26.69107842518275,6.551175544825597e-05,5.0,648.0,0.0036031465496540785,regime_stability,True,-3,registered_boundaries_shifted_-3_months,unstable,asset,confirmatory,H3,documented_reconstruction
portfolio_excess_return__equity_duration__decile_09,joint_regime_factor_interactions,10.0,104.5741637147941,6.595162386117438e-18,10.0,648.0,8.441807854230321e-16,regime_stability,True,-3,registered_boundaries_shifted_-3_months,unstable,asset,confirmatory,H3,documented_reconstruction
portfolio_excess_return__equity_duration__decile_09,joint_rate_beta_regime_interactions,5.0,53.487423604734644,2.6709965144212724e-10,5.0,648.0,2.804546340142336e-08,regime_stability,True,-3,registered_boundaries_shifted_-3_months,unstable,asset,confirmatory,H3,documented_reconstruction
portfolio_excess_return__equity_duration__decile_10,joint_regime_factor_interactions,10.0,13.997157769919344,0.17312129027899406,10.0,648.0,1.0,regime_stability,False,-3,registered_boundaries_shifted_-3_months,unstable,asset,confirmatory,H3,documented_reconstruction
portfolio_excess_return__equity_duration__decile_10,joint_rate_beta_regime_interactions,5.0,2.316695789646215,0.803811624032469,5.0,648.0,1.0,regime_stability,False,-3,registered_boundaries_shifted_-3_months,unstable,asset,confirmatory,H3,documented_reconstruction
portfolio_excess_return__inventory_growth__decile_01,joint_regime_factor_interactions,10.0,37.916088180297706,3.9249522051743573e-05,10.0,648.0,0.002276472279001127,regime_stability,True,-3,registered_boundaries_shifted_-3_months,unstable,asset,confirmatory,H3,documented_reconstruction
portfolio_excess_return__inventory_growth__decile_01,joint_rate_beta_regime_interactions,5.0,31.52904548856484,7.363324697149683e-06,5.0,648.0,0.00048597943001187907,regime_stability,True,-3,registered_boundaries_shifted_-3_months,unstable,asset,confirmatory,H3,documented_reconstruction
portfolio_excess_return__inventory_growth__decile_02,joint_regime_factor_interactions,10.0,44.07601179688076,3.1897789427818813e-06,10.0,648.0,0.00022647430493751358,regime_stability,True,-3,registered_boundaries_shifted_-3_months,unstable,asset,confirmatory,H3,documented_reconstruction
portfolio_excess_return__inventory_growth__decile_02,joint_rate_beta_regime_interactions,5.0,17.952495985012053,0.0030065333061639007,5.0,648.0,0.11424826563422823,regime_stability,False,-3,registered_boundaries_shifted_-3_months,unstable,asset,confirmatory,H3,documented_reconstruction
portfolio_excess_return__inventory_growth__decile_03,joint_regime_factor_interactions,10.0,158.86631274950224,5.553375836414464e-29,10.0,648.0,7.663658654251961e-27,regime_stability,True,-3,registered_boundaries_shifted_-3_months,unstable,asset,confirmatory,H3,documented_reconstruction
portfolio_excess_return__inventory_growth__decile_03,joint_rate_beta_regime_interactions,5.0,20.836660607498754,0.0008696806463988945,5.0,648.0,0.04080689189453651,regime_stability,True,-3,registered_boundaries_shifted_-3_months,unstable,asset,confirmatory,H3,documented_reconstruction
portfolio_excess_return__inventory_growth__decile_04,joint_regime_factor_interactions,10.0,169.61335507051362,3.335495464348179e-31,10.0,648.0,4.6696936500874504e-29,regime_stability,True,-3,registered_boundaries_shifted_-3_months,unstable,asset,confirmatory,H3,documented_reconstruction
portfolio_excess_return__inventory_growth__decile_04,joint_rate_beta_regime_interactions,5.0,29.426839316058107,1.9118742482751553e-05,5.0,648.0,0.0011662432914478448,regime_stability,True,-3,registered_boundaries_shifted_-3_months,unstable,asset,confirmatory,H3,documented_reconstruction
portfolio_excess_return__inventory_growth__decile_05,joint_regime_factor_interactions,10.0,112.18659690217014,1.9316879684228847e-19,10.0,648.0,2.51119435894975e-17,regime_stability,True,-3,registered_boundaries_shifted_-3_months,unstable,asset,confirmatory,H3,documented_reconstruction
portfolio_excess_return__inventory_growth__decile_05,joint_rate_beta_regime_interactions,5.0,87.53050328245789,2.2174239717498734e-17,5.0,648.0,2.7939542044048403e-15,regime_stability,True,-3,registered_boundaries_shifted_-3_months,unstable,asset,confirmatory,H3,documented_reconstruction
portfolio_excess_return__inventory_growth__decile_06,joint_regime_factor_interactions,10.0,42.517763859943884,6.063754741692715e-06,10.0,648.0,0.0004062715676934119,regime_stability,True,-3,registered_boundaries_shifted_-3_months,unstable,asset,confirmatory,H3,documented_reconstruction
portfolio_excess_return__inventory_growth__decile_06,joint_rate_beta_regime_interactions,5.0,27.318575529270856,4.944490103256416e-05,5.0,648.0,0.0028183593588561573,regime_stability,True,-3,registered_boundaries_shifted_-3_months,unstable,asset,confirmatory,H3,documented_reconstruction
portfolio_excess_return__inventory_growth__decile_07,joint_regime_factor_interactions,10.0,60.785437359606675,2.573156187079191e-09,10.0,648.0,2.4444983777252315e-07,regime_stability,True,-3,registered_boundaries_shifted_-3_months,unstable,asset,confirmatory,H3,documented_reconstruction
portfolio_excess_return__inventory_growth__decile_07,joint_rate_beta_regime_interactions,5.0,17.72325034546128,0.0033140152124638837,5.0,648.0,0.11927485446831759,regime_stability,False,-3,registered_boundaries_shifted_-3_months,unstable,asset,confirmatory,H3,documented_reconstruction
portfolio_excess_return__inventory_growth__decile_08,joint_regime_factor_interactions,10.0,89.93083329556345,5.5277621272561865e-15,10.0,648.0,6.578036931434862e-13,regime_stability,True,-3,registered_boundaries_shifted_-3_months,unstable,asset,confirmatory,H3,documented_reconstruction
portfolio_excess_return__inventory_growth__decile_08,joint_rate_beta_regime_interactions,5.0,54.495457350337425,1.657687535266972e-10,5.0,648.0,1.7571487873829905e-08,regime_stability,True,-3,registered_boundaries_shifted_-3_months,unstable,asset,confirmatory,H3,documented_reconstruction
portfolio_excess_return__inventory_growth__decile_09,joint_regime_factor_interactions,10.0,79.41413618042527,6.539279552742536e-13,10.0,648.0,7.45477869012649e-11,regime_stability,True,-3,registered_boundaries_shifted_-3_months,unstable,asset,confirmatory,H3,documented_reconstruction
portfolio_excess_return__inventory_growth__decile_09,joint_rate_beta_regime_interactions,5.0,14.897398878219361,0.01080985162432249,5.0,648.0,0.3242955487296747,regime_stability,False,-3,registered_boundaries_shifted_-3_months,unstable,asset,confirmatory,H3,documented_reconstruction
portfolio_excess_return__inventory_growth__decile_10,joint_regime_factor_interactions,10.0,28.676315834423242,0.0014055379599280072,10.0,648.0,0.0590325943169763,regime_stability,False,-3,registered_boundaries_shifted_-3_months,unstable,asset,confirmatory,H3,documented_reconstruction
portfolio_excess_return__inventory_growth__decile_10,joint_rate_beta_regime_interactions,5.0,20.553093425121936,0.0009836175525063016,5.0,648.0,0.04426278986278357,regime_stability,True,-3,registered_boundaries_shifted_-3_months,unstable,asset,confirmatory,H3,documented_reconstruction
portfolio_excess_return__investment_to_assets__decile_01,joint_regime_factor_interactions,10.0,63.64956100649991,7.341457024898196e-10,10.0,648.0,7.341457024898196e-08,regime_stability,True,-3,registered_boundaries_shifted_-3_months,unstable,asset,confirmatory,H3,documented_reconstruction
portfolio_excess_return__investment_to_assets__decile_01,joint_rate_beta_regime_interactions,5.0,20.84049757872497,0.000868231742436947,5.0,648.0,0.04080689189453651,regime_stability,True,-3,registered_boundaries_shifted_-3_months,unstable,asset,confirmatory,H3,documented_reconstruction
portfolio_excess_return__investment_to_assets__decile_02,joint_regime_factor_interactions,10.0,125.74807723388369,3.4347094177633007e-22,10.0,648.0,4.56816352562519e-20,regime_stability,True,-3,registered_boundaries_shifted_-3_months,unstable,asset,confirmatory,H3,documented_reconstruction
portfolio_excess_return__investment_to_assets__decile_02,joint_rate_beta_regime_interactions,5.0,11.849501548258198,0.03690917359212786,5.0,648.0,0.775092645434685,regime_stability,False,-3,registered_boundaries_shifted_-3_months,unstable,asset,confirmatory,H3,documented_reconstruction
portfolio_excess_return__investment_to_assets__decile_03,joint_regime_factor_interactions,10.0,39.672356927456896,1.934987877874758e-05,10.0,648.0,0.0011662432914478448,regime_stability,True,-3,registered_boundaries_shifted_-3_months,unstable,asset,confirmatory,H3,documented_reconstruction
portfolio_excess_return__investment_to_assets__decile_03,joint_rate_beta_regime_interactions,5.0,14.660481320871162,0.011915963953068437,5.0,648.0,0.33364699068591624,regime_stability,False,-3,registered_boundaries_shifted_-3_months,unstable,asset,confirmatory,H3,documented_reconstruction
portfolio_excess_return__investment_to_assets__decile_04,joint_regime_factor_interactions,10.0,24.847058536833448,0.005643064170382263,10.0,648.0,0.1805780534522324,regime_stability,False,-3,registered_boundaries_shifted_-3_months,unstable,asset,confirmatory,H3,documented_reconstruction
portfolio_excess_return__investment_to_assets__decile_04,joint_rate_beta_regime_interactions,5.0,8.552538702002092,0.12829897937344042,5.0,648.0,1.0,regime_stability,False,-3,registered_boundaries_shifted_-3_months,unstable,asset,confirmatory,H3,documented_reconstruction
portfolio_excess_return__investment_to_assets__decile_05,joint_regime_factor_interactions,10.0,43.9194714261537,3.4031186861352456e-06,10.0,648.0,0.0002382183080294672,regime_stability,True,-3,registered_boundaries_shifted_-3_months,unstable,asset,confirmatory,H3,documented_reconstruction
portfolio_excess_return__investment_to_assets__decile_05,joint_rate_beta_regime_interactions,5.0,20.259471955480787,0.0011170718601084917,5.0,648.0,0.04915116184477363,regime_stability,True,-3,registered_boundaries_shifted_-3_months,unstable,asset,confirmatory,H3,documented_reconstruction
portfolio_excess_return__investment_to_assets__decile_06,joint_regime_factor_interactions,10.0,12.239989699319247,0.2693159683877721,10.0,648.0,1.0,regime_stability,False,-3,registered_boundaries_shifted_-3_months,unstable,asset,confirmatory,H3,documented_reconstruction
portfolio_excess_return__investment_to_assets__decile_06,joint_rate_beta_regime_interactions,5.0,7.480201634176339,0.1873053773893033,5.0,648.0,1.0,regime_stability,False,-3,registered_boundaries_shifted_-3_months,unstable,asset,confirmatory,H3,documented_reconstruction
portfolio_excess_return__investment_to_assets__decile_07,joint_regime_factor_interactions,10.0,53.01915612492641,7.385212258910045e-08,10.0,648.0,6.129726174895338e-06,regime_stability,True,-3,registered_boundaries_shifted_-3_months,unstable,asset,confirmatory,H3,documented_reconstruction
portfolio_excess_return__investment_to_assets__decile_07,joint_rate_beta_regime_interactions,5.0,33.66562296329961,2.7752329855329034e-06,5.0,648.0,0.00019981677495836905,regime_stability,True,-3,registered_boundaries_shifted_-3_months,unstable,asset,confirmatory,H3,documented_reconstruction
portfolio_excess_return__investment_to_assets__decile_08,joint_regime_factor_interactions,10.0,61.62342308465666,1.7842634146436777e-09,10.0,648.0,1.7307355122043674e-07,regime_stability,True,-3,registered_boundaries_shifted_-3_months,unstable,asset,confirmatory,H3,documented_reconstruction
portfolio_excess_return__investment_to_assets__decile_08,joint_rate_beta_regime_interactions,5.0,21.555399437535616,0.0006359197705693406,5.0,648.0,0.03116006875789769,regime_stability,True,-3,registered_boundaries_shifted_-3_months,unstable,asset,confirmatory,H3,documented_reconstruction
portfolio_excess_return__investment_to_assets__decile_09,joint_regime_factor_interactions,10.0,45.54935281178744,1.730551532374889e-06,10.0,648.0,0.00013152191646049156,regime_stability,True,-3,registered_boundaries_shifted_-3_months,unstable,asset,confirmatory,H3,documented_reconstruction
portfolio_excess_return__investment_to_assets__decile_09,joint_rate_beta_regime_interactions,5.0,14.11475821627251,0.014896656459969888,5.0,648.0,0.3873130679592171,regime_stability,False,-3,registered_boundaries_shifted_-3_months,unstable,asset,confirmatory,H3,documented_reconstruction
portfolio_excess_return__investment_to_assets__decile_10,joint_regime_factor_interactions,10.0,63.54330605224337,7.692182869030089e-10,10.0,648.0,7.615261040339787e-08,regime_stability,True,-3,registered_boundaries_shifted_-3_months,unstable,asset,confirmatory,H3,documented_reconstruction
portfolio_excess_return__investment_to_assets__decile_10,joint_rate_beta_regime_interactions,5.0,11.060291931235305,0.05019758997407708,5.0,648.0,1.0,regime_stability,False,-3,registered_boundaries_shifted_-3_months,unstable,asset,confirmatory,H3,documented_reconstruction
portfolio_excess_return__long_term_reversal__decile_01,joint_regime_factor_interactions,10.0,236.18559070680308,4.329792666349984e-45,10.0,648.0,6.148305586216977e-43,regime_stability,True,-3,registered_boundaries_shifted_-3_months,unstable,asset,confirmatory,H3,documented_reconstruction
portfolio_excess_return__long_term_reversal__decile_01,joint_rate_beta_regime_interactions,5.0,150.96664846392255,8.312859977068561e-31,5.0,648.0,1.15548753681253e-28,regime_stability,True,-3,registered_boundaries_shifted_-3_months,unstable,asset,confirmatory,H3,documented_reconstruction
portfolio_excess_return__long_term_reversal__decile_02,joint_regime_factor_interactions,10.0,79.68539832862044,5.786202224798138e-13,10.0,648.0,6.654132558517858e-11,regime_stability,True,-3,registered_boundaries_shifted_-3_months,unstable,asset,confirmatory,H3,documented_reconstruction
portfolio_excess_return__long_term_reversal__decile_02,joint_rate_beta_regime_interactions,5.0,64.48372388339003,1.434085466963374e-12,5.0,648.0,1.606175722998979e-10,regime_stability,True,-3,registered_boundaries_shifted_-3_months,unstable,asset,confirmatory,H3,documented_reconstruction
portfolio_excess_return__long_term_reversal__decile_03,joint_regime_factor_interactions,10.0,30.543546046211205,0.0006976788090398098,10.0,648.0,0.033488582833910874,regime_stability,True,-3,registered_boundaries_shifted_-3_months,unstable,asset,confirmatory,H3,documented_reconstruction
portfolio_excess_return__long_term_reversal__decile_03,joint_rate_beta_regime_interactions,5.0,5.796310969873977,0.3265460229453943,5.0,648.0,1.0,regime_stability,False,-3,registered_boundaries_shifted_-3_months,unstable,asset,confirmatory,H3,documented_reconstruction
portfolio_excess_return__long_term_reversal__decile_04,joint_regime_factor_interactions,10.0,103.17229802369255,1.2608400857837556e-17,10.0,648.0,1.6012669089453695e-15,regime_stability,True,-3,registered_boundaries_shifted_-3_months,unstable,asset,confirmatory,H3,documented_reconstruction
portfolio_excess_return__long_term_reversal__decile_04,joint_rate_beta_regime_interactions,5.0,46.185554102307755,8.32540358808185e-09,5.0,648.0,7.742625336916121e-07,regime_stability,True,-3,registered_boundaries_shifted_-3_months,unstable,asset,confirmatory,H3,documented_reconstruction
portfolio_excess_return__long_term_reversal__decile_05,joint_regime_factor_interactions,10.0,65.27777527924064,3.5863855909383606e-10,10.0,648.0,3.658113302757128e-08,regime_stability,True,-3,registered_boundaries_shifted_-3_months,unstable,asset,confirmatory,H3,documented_reconstruction
portfolio_excess_return__long_term_reversal__decile_05,joint_rate_beta_regime_interactions,5.0,6.687468235907469,0.24494037175653,5.0,648.0,1.0,regime_stability,False,-3,registered_boundaries_shifted_-3_months,unstable,asset,confirmatory,H3,documented_reconstruction
portfolio_excess_return__long_term_reversal__decile_06,joint_regime_factor_interactions,10.0,46.55359077319904,1.1382058688362497e-06,10.0,648.0,8.878005776922747e-05,regime_stability,True,-3,registered_boundaries_shifted_-3_months,unstable,asset,confirmatory,H3,documented_reconstruction
portfolio_excess_return__long_term_reversal__decile_06,joint_rate_beta_regime_interactions,5.0,28.969257105316036,2.351181824170086e-05,5.0,648.0,0.001387197276260351,regime_stability,True,-3,registered_boundaries_shifted_-3_months,unstable,asset,confirmatory,H3,documented_reconstruction
portfolio_excess_return__long_term_reversal__decile_07,joint_regime_factor_interactions,10.0,41.50513503860875,9.181805637365136e-06,10.0,648.0,0.0005784537551540036,regime_stability,True,-3,registered_boundaries_shifted_-3_months,unstable,asset,confirmatory,H3,documented_reconstruction
portfolio_excess_return__long_term_reversal__decile_07,joint_rate_beta_regime_interactions,5.0,5.806038965993322,0.3255520443524912,5.0,648.0,1.0,regime_stability,False,-3,registered_boundaries_shifted_-3_months,unstable,asset,confirmatory,H3,documented_reconstruction
portfolio_excess_return__long_term_reversal__decile_08,joint_regime_factor_interactions,10.0,48.22596285153392,5.643991229340374e-07,10.0,648.0,4.515192983472299e-05,regime_stability,True,-3,registered_boundaries_shifted_-3_months,unstable,asset,confirmatory,H3,documented_reconstruction
portfolio_excess_return__long_term_reversal__decile_08,joint_rate_beta_regime_interactions,5.0,17.788389357164892,0.003223644715359935,5.0,648.0,0.11927485446831759,regime_stability,False,-3,registered_boundaries_shifted_-3_months,unstable,asset,confirmatory,H3,documented_reconstruction
portfolio_excess_return__long_term_reversal__decile_09,joint_regime_factor_interactions,10.0,97.70690168371739,1.566250855078676e-16,10.0,648.0,1.9421510602975584e-14,regime_stability,True,-3,registered_boundaries_shifted_-3_months,unstable,asset,confirmatory,H3,documented_reconstruction
portfolio_excess_return__long_term_reversal__decile_09,joint_rate_beta_regime_interactions,5.0,49.37945064257225,1.856244668946519e-09,5.0,648.0,1.7819948821886584e-07,regime_stability,True,-3,registered_boundaries_shifted_-3_months,unstable,asset,confirmatory,H3,documented_reconstruction
portfolio_excess_return__long_term_reversal__decile_10,joint_regime_factor_interactions,10.0,91.09453482659777,3.248439709786063e-15,10.0,648.0,3.8981276517432754e-13,regime_stability,True,-3,registered_boundaries_shifted_-3_months,unstable,asset,confirmatory,H3,documented_reconstruction
portfolio_excess_return__long_term_reversal__decile_10,joint_rate_beta_regime_interactions,5.0,41.69240724097391,6.797869674983296e-08,5.0,648.0,5.778189223735802e-06,regime_stability,True,-3,registered_boundaries_shifted_-3_months,unstable,asset,confirmatory,H3,documented_reconstruction
portfolio_excess_return__ppe_investment__decile_01,joint_regime_factor_interactions,10.0,54.079668748441456,4.689256461895621e-08,10.0,648.0,4.07965312184919e-06,regime_stability,True,-3,registered_boundaries_shifted_-3_months,unstable,asset,confirmatory,H3,documented_reconstruction
portfolio_excess_return__ppe_investment__decile_01,joint_rate_beta_regime_interactions,5.0,17.73750638625149,0.003294027521796811,5.0,648.0,0.11927485446831759,regime_stability,False,-3,registered_boundaries_shifted_-3_months,unstable,asset,confirmatory,H3,documented_reconstruction
portfolio_excess_return__ppe_investment__decile_02,joint_regime_factor_interactions,10.0,91.92303683102617,2.2240146924612054e-15,10.0,648.0,2.6910577778780585e-13,regime_stability,True,-3,registered_boundaries_shifted_-3_months,unstable,asset,confirmatory,H3,documented_reconstruction
portfolio_excess_return__ppe_investment__decile_02,joint_rate_beta_regime_interactions,5.0,49.585949014337956,1.6842466205142055e-09,5.0,648.0,1.6505616881039215e-07,regime_stability,True,-3,registered_boundaries_shifted_-3_months,unstable,asset,confirmatory,H3,documented_reconstruction
portfolio_excess_return__ppe_investment__decile_03,joint_regime_factor_interactions,10.0,65.77089222761025,2.8855530292872833e-10,10.0,648.0,2.9721196201659018e-08,regime_stability,True,-3,registered_boundaries_shifted_-3_months,unstable,asset,confirmatory,H3,documented_reconstruction
portfolio_excess_return__ppe_investment__decile_03,joint_rate_beta_regime_interactions,5.0,43.65430438904336,2.7223115478087523e-08,5.0,648.0,2.4228572775497897e-06,regime_stability,True,-3,registered_boundaries_shifted_-3_months,unstable,asset,confirmatory,H3,documented_reconstruction
portfolio_excess_return__ppe_investment__decile_04,joint_regime_factor_interactions,10.0,56.46162802304119,1.6820856317214986e-08,10.0,648.0,1.5475187811837787e-06,regime_stability,True,-3,registered_boundaries_shifted_-3_months,unstable,asset,confirmatory,H3,documented_reconstruction
portfolio_excess_return__ppe_investment__decile_04,joint_rate_beta_regime_interactions,5.0,10.208362991679321,0.06954211078555336,5.0,648.0,1.0,regime_stability,False,-3,registered_boundaries_shifted_-3_months,unstable,asset,confirmatory,H3,documented_reconstruction
portfolio_excess_return__ppe_investment__decile_05,joint_regime_factor_interactions,10.0,22.68175056143229,0.011984245092004953,10.0,648.0,0.33364699068591624,regime_stability,False,-3,registered_boundaries_shifted_-3_months,unstable,asset,confirmatory,H3,documented_reconstruction
portfolio_excess_return__ppe_investment__decile_05,joint_rate_beta_regime_interactions,5.0,13.231685703435142,0.021301707184167865,5.0,648.0,0.5112409724200287,regime_stability,False,-3,registered_boundaries_shifted_-3_months,unstable,asset,confirmatory,H3,documented_reconstruction
portfolio_excess_return__ppe_investment__decile_06,joint_regime_factor_interactions,10.0,25.578223297365458,0.004350840929285038,10.0,648.0,0.14500197298684686,regime_stability,False,-3,registered_boundaries_shifted_-3_months,unstable,asset,confirmatory,H3,documented_reconstruction
portfolio_excess_return__ppe_investment__decile_06,joint_rate_beta_regime_interactions,5.0,20.040282407708673,0.001228163465312235,5.0,648.0,0.0528110290084261,regime_stability,False,-3,registered_boundaries_shifted_-3_months,unstable,asset,confirmatory,H3,documented_reconstruction
portfolio_excess_return__ppe_investment__decile_07,joint_regime_factor_interactions,10.0,16.713420455970375,0.08095069323434548,10.0,648.0,1.0,regime_stability,False,-3,registered_boundaries_shifted_-3_months,unstable,asset,confirmatory,H3,documented_reconstruction
portfolio_excess_return__ppe_investment__decile_07,joint_rate_beta_regime_interactions,5.0,13.449611360126724,0.019510691466470987,5.0,648.0,0.48776728666177466,regime_stability,False,-3,registered_boundaries_shifted_-3_months,unstable,asset,confirmatory,H3,documented_reconstruction
portfolio_excess_return__ppe_investment__decile_08,joint_regime_factor_interactions,10.0,78.46393100696488,1.0034810321671764e-12,10.0,648.0,1.1339335663489093e-10,regime_stability,True,-3,registered_boundaries_shifted_-3_months,unstable,asset,confirmatory,H3,documented_reconstruction
portfolio_excess_return__ppe_investment__decile_08,joint_rate_beta_regime_interactions,5.0,12.718061519711146,0.026169067305651557,5.0,648.0,0.584284991508439,regime_stability,False,-3,registered_boundaries_shifted_-3_months,unstable,asset,confirmatory,H3,documented_reconstruction
portfolio_excess_return__ppe_investment__decile_09,joint_regime_factor_interactions,10.0,43.11206141516417,4.748757594406657e-06,10.0,648.0,0.00032766427401405935,regime_stability,True,-3,registered_boundaries_shifted_-3_months,unstable,asset,confirmatory,H3,documented_reconstruction
portfolio_excess_return__ppe_investment__decile_09,joint_rate_beta_regime_interactions,5.0,7.150046503671498,0.20971820420104403,5.0,648.0,1.0,regime_stability,False,-3,registered_boundaries_shifted_-3_months,unstable,asset,confirmatory,H3,documented_reconstruction
portfolio_excess_return__ppe_investment__decile_10,joint_regime_factor_interactions,10.0,77.28775898380594,1.7036551357532028e-12,10.0,648.0,1.8910572006860552e-10,regime_stability,True,-3,registered_boundaries_shifted_-3_months,unstable,asset,confirmatory,H3,documented_reconstruction
portfolio_excess_return__ppe_investment__decile_10,joint_rate_beta_regime_interactions,5.0,38.62880561447678,2.820459111576024e-07,5.0,648.0,2.3127764714923398e-05,regime_stability,True,-3,registered_boundaries_shifted_-3_months,unstable,asset,confirmatory,H3,documented_reconstruction
equal_weighted_test_assets,joint_regime_factor_interactions,10.0,35.99360485685759,8.438937234966364e-05,10.0,648.0,0.004515546886699017,regime_stability,True,-3,registered_boundaries_shifted_-3_months,unstable,equal_weighted_aggregate,confirmatory,H3,documented_reconstruction
equal_weighted_test_assets,joint_rate_beta_regime_interactions,5.0,19.435161837730842,0.0015943896214720297,5.0,648.0,0.06536997448035321,regime_stability,False,-3,registered_boundaries_shifted_-3_months,unstable,equal_weighted_aggregate,confirmatory,H3,documented_reconstruction
portfolio_excess_return__book_to_market__decile_01,joint_regime_factor_interactions,10.0,70.19098454589098,4.0728013969546236e-11,10.0,648.0,4.928089690315095e-09,regime_stability,True,0,registered,unstable,asset,confirmatory,H3,documented_reconstruction
portfolio_excess_return__book_to_market__decile_01,joint_rate_beta_regime_interactions,5.0,22.862792330745087,0.00035857416372196503,5.0,648.0,0.024741617296815586,regime_stability,True,0,registered,unstable,asset,confirmatory,H3,documented_reconstruction
portfolio_excess_return__book_to_market__decile_02,joint_regime_factor_interactions,10.0,32.25758178354826,0.0003627136598224824,10.0,648.0,0.024741617296815586,regime_stability,True,0,registered,unstable,asset,confirmatory,H3,documented_reconstruction
portfolio_excess_return__book_to_market__decile_02,joint_rate_beta_regime_interactions,5.0,17.879404897634224,0.0031014035693366564,5.0,648.0,0.15507017846683283,regime_stability,False,0,registered,unstable,asset,confirmatory,H3,documented_reconstruction
portfolio_excess_return__book_to_market__decile_03,joint_regime_factor_interactions,10.0,36.34382498538278,7.345723045834641e-05,10.0,648.0,0.005509292284375981,regime_stability,True,0,registered,unstable,asset,confirmatory,H3,documented_reconstruction
portfolio_excess_return__book_to_market__decile_03,joint_rate_beta_regime_interactions,5.0,3.3311930700583368,0.6490695284498851,5.0,648.0,1.0,regime_stability,False,0,registered,unstable,asset,confirmatory,H3,documented_reconstruction
portfolio_excess_return__book_to_market__decile_04,joint_regime_factor_interactions,10.0,32.61457600630405,0.0003161200113713596,10.0,648.0,0.022128400795995172,regime_stability,True,0,registered,unstable,asset,confirmatory,H3,documented_reconstruction
portfolio_excess_return__book_to_market__decile_04,joint_rate_beta_regime_interactions,5.0,9.08642161769825,0.10566634460369739,5.0,648.0,1.0,regime_stability,False,0,registered,unstable,asset,confirmatory,H3,documented_reconstruction
portfolio_excess_return__book_to_market__decile_05,joint_regime_factor_interactions,10.0,101.18188547582145,3.160232645495949e-17,10.0,648.0,4.234711744964572e-15,regime_stability,True,0,registered,unstable,asset,confirmatory,H3,documented_reconstruction
portfolio_excess_return__book_to_market__decile_05,joint_rate_beta_regime_interactions,5.0,32.93074599993405,3.884491935716129e-06,5.0,648.0,0.0003496042742144516,regime_stability,True,0,registered,unstable,asset,confirmatory,H3,documented_reconstruction
portfolio_excess_return__book_to_market__decile_06,joint_regime_factor_interactions,10.0,41.2441582481034,1.0214531559221132e-05,10.0,648.0,0.0008682351825337962,regime_stability,True,0,registered,unstable,asset,confirmatory,H3,documented_reconstruction
portfolio_excess_return__book_to_market__decile_06,joint_rate_beta_regime_interactions,5.0,17.08822563707042,0.004335478530913475,5.0,648.0,0.19509653389110637,regime_stability,False,0,registered,unstable,asset,confirmatory,H3,documented_reconstruction
portfolio_excess_return__book_to_market__decile_07,joint_regime_factor_interactions,10.0,73.22575423494808,1.0526146896950581e-11,10.0,648.0,1.3157683621188226e-09,regime_stability,True,0,registered,unstable,asset,confirmatory,H3,documented_reconstruction
portfolio_excess_return__book_to_market__decile_07,joint_rate_beta_regime_interactions,5.0,19.414040803790886,0.0016089453847436127,5.0,648.0,0.08771591367133283,regime_stability,False,0,registered,unstable,asset,confirmatory,H3,documented_reconstruction
portfolio_excess_return__book_to_market__decile_08,joint_regime_factor_interactions,10.0,39.77773498769675,1.854172498362118e-05,10.0,648.0,0.0015389631736405578,regime_stability,True,0,registered,unstable,asset,confirmatory,H3,documented_reconstruction
portfolio_excess_return__book_to_market__decile_08,joint_rate_beta_regime_interactions,5.0,26.192638205207146,8.187753177484481e-05,5.0,648.0,0.006058937351338516,regime_stability,True,0,registered,unstable,asset,confirmatory,H3,documented_reconstruction
portfolio_excess_return__book_to_market__decile_09,joint_regime_factor_interactions,10.0,39.55865898017726,2.0260820761857227e-05,10.0,648.0,0.0016613873024722927,regime_stability,True,0,registered,unstable,asset,confirmatory,H3,documented_reconstruction
portfolio_excess_return__book_to_market__decile_09,joint_rate_beta_regime_interactions,5.0,26.467773373678945,7.239879151329078e-05,5.0,648.0,0.005502308155010099,regime_stability,True,0,registered,unstable,asset,confirmatory,H3,documented_reconstruction
portfolio_excess_return__book_to_market__decile_10,joint_regime_factor_interactions,10.0,110.00376386400342,5.326422821895953e-19,10.0,648.0,7.297199265997456e-17,regime_stability,True,0,registered,unstable,asset,confirmatory,H3,documented_reconstruction
portfolio_excess_return__book_to_market__decile_10,joint_rate_beta_regime_interactions,5.0,85.53842714308514,5.804540498045692e-17,5.0,648.0,7.72003886240077e-15,regime_stability,True,0,registered,unstable,asset,confirmatory,H3,documented_reconstruction
portfolio_excess_return__earnings_to_price__decile_01,joint_regime_factor_interactions,10.0,26.345074006256137,0.003302777425749155,10.0,648.0,0.16183609386170858,regime_stability,False,0,registered,unstable,asset,confirmatory,H3,documented_reconstruction
portfolio_excess_return__earnings_to_price__decile_01,joint_rate_beta_regime_interactions,5.0,7.369578132775914,0.19457296909881958,5.0,648.0,1.0,regime_stability,False,0,registered,unstable,asset,confirmatory,H3,documented_reconstruction
portfolio_excess_return__earnings_to_price__decile_02,joint_regime_factor_interactions,10.0,101.4738573946918,2.761983971629503e-17,10.0,648.0,3.728678361699829e-15,regime_stability,True,0,registered,unstable,asset,confirmatory,H3,documented_reconstruction
portfolio_excess_return__earnings_to_price__decile_02,joint_rate_beta_regime_interactions,5.0,9.960094668568338,0.07637387446720764,5.0,648.0,1.0,regime_stability,False,0,registered,unstable,asset,confirmatory,H3,documented_reconstruction
portfolio_excess_return__earnings_to_price__decile_03,joint_regime_factor_interactions,10.0,62.647735910929946,1.1394406417333602e-09,10.0,648.0,1.344539957245365e-07,regime_stability,True,0,registered,unstable,asset,confirmatory,H3,documented_reconstruction
portfolio_excess_return__earnings_to_price__decile_03,joint_rate_beta_regime_interactions,5.0,14.376909068393584,0.013384443538179283,5.0,648.0,0.5219932979889921,regime_stability,False,0,registered,unstable,asset,confirmatory,H3,documented_reconstruction
portfolio_excess_return__earnings_to_price__decile_04,joint_regime_factor_interactions,10.0,10.949996118117053,0.36142703320382413,10.0,648.0,1.0,regime_stability,False,0,registered,unstable,asset,confirmatory,H3,documented_reconstruction
portfolio_excess_return__earnings_to_price__decile_04,joint_rate_beta_regime_interactions,5.0,3.232052224426104,0.6642594188004779,5.0,648.0,1.0,regime_stability,False,0,registered,unstable,asset,confirmatory,H3,documented_reconstruction
portfolio_excess_return__earnings_to_price__decile_05,joint_regime_factor_interactions,10.0,103.8471161145983,9.230460552353221e-18,10.0,648.0,1.2553426351200381e-15,regime_stability,True,0,registered,unstable,asset,confirmatory,H3,documented_reconstruction
portfolio_excess_return__earnings_to_price__decile_05,joint_rate_beta_regime_interactions,5.0,45.866141127502665,9.670211310147917e-09,5.0,648.0,1.0830636667365667e-06,regime_stability,True,0,registered,unstable,asset,confirmatory,H3,documented_reconstruction
portfolio_excess_return__earnings_to_price__decile_06,joint_regime_factor_interactions,10.0,52.1916522467557,1.051574935814618e-07,10.0,648.0,1.0831221838890565e-05,regime_stability,True,0,registered,unstable,asset,confirmatory,H3,documented_reconstruction
portfolio_excess_return__earnings_to_price__decile_06,joint_rate_beta_regime_interactions,5.0,7.417299642815437,0.1914084306895739,5.0,648.0,1.0,regime_stability,False,0,registered,unstable,asset,confirmatory,H3,documented_reconstruction
portfolio_excess_return__earnings_to_price__decile_07,joint_regime_factor_interactions,10.0,10.815795559853294,0.3720482652676566,10.0,648.0,1.0,regime_stability,False,0,registered,unstable,asset,confirmatory,H3,documented_reconstruction
portfolio_excess_return__earnings_to_price__decile_07,joint_rate_beta_regime_interactions,5.0,2.376988952386444,0.7948959173967435,5.0,648.0,1.0,regime_stability,False,0,registered,unstable,asset,confirmatory,H3,documented_reconstruction
portfolio_excess_return__earnings_to_price__decile_08,joint_regime_factor_interactions,10.0,72.11424315289466,1.7291393789196335e-11,10.0,648.0,2.1268414360711492e-09,regime_stability,True,0,registered,unstable,asset,confirmatory,H3,documented_reconstruction
portfolio_excess_return__earnings_to_price__decile_08,joint_rate_beta_regime_interactions,5.0,30.801374610679563,1.0252203654556273e-05,5.0,648.0,0.0008682351825337962,regime_stability,True,0,registered,unstable,asset,confirmatory,H3,documented_reconstruction
portfolio_excess_return__earnings_to_price__decile_09,joint_regime_factor_interactions,10.0,48.59014057782871,4.841645423000325e-07,10.0,648.0,4.7932289687703216e-05,regime_stability,True,0,registered,unstable,asset,confirmatory,H3,documented_reconstruction
portfolio_excess_return__earnings_to_price__decile_09,joint_rate_beta_regime_interactions,5.0,22.107121216109334,0.0004996071890766314,5.0,648.0,0.0334736816681343,regime_stability,True,0,registered,unstable,asset,confirmatory,H3,documented_reconstruction
portfolio_excess_return__earnings_to_price__decile_10,joint_regime_factor_interactions,10.0,60.88064956751736,2.4683968349455156e-09,10.0,648.0,2.8633403285367984e-07,regime_stability,True,0,registered,unstable,asset,confirmatory,H3,documented_reconstruction
portfolio_excess_return__earnings_to_price__decile_10,joint_rate_beta_regime_interactions,5.0,41.55043787773581,7.26244906895793e-08,5.0,648.0,7.698196013095405e-06,regime_stability,True,0,registered,unstable,asset,confirmatory,H3,documented_reconstruction
portfolio_excess_return__equity_duration__decile_01,joint_regime_factor_interactions,10.0,55.27884373109851,2.8010140021271944e-08,10.0,648.0,3.02509512229737e-06,regime_stability,True,0,registered,unstable,asset,confirmatory,H3,documented_reconstruction
portfolio_excess_return__equity_duration__decile_01,joint_rate_beta_regime_interactions,5.0,35.833733780713025,1.025389075811206e-06,5.0,648.0,9.536118405044216e-05,regime_stability,True,0,registered,unstable,asset,confirmatory,H3,documented_reconstruction
portfolio_excess_return__equity_duration__decile_02,joint_regime_factor_interactions,10.0,53.355170581415706,6.396331325027315e-08,10.0,648.0,6.844074517779227e-06,regime_stability,True,0,registered,unstable,asset,confirmatory,H3,documented_reconstruction
portfolio_excess_return__equity_duration__decile_02,joint_rate_beta_regime_interactions,5.0,28.331487300121914,3.1350793850560405e-05,5.0,648.0,0.002476712714194272,regime_stability,True,0,registered,unstable,asset,confirmatory,H3,documented_reconstruction
portfolio_excess_return__equity_duration__decile_03,joint_regime_factor_interactions,10.0,126.20869523778707,2.767679422560592e-22,10.0,648.0,3.8747511915848284e-20,regime_stability,True,0,registered,unstable,asset,confirmatory,H3,documented_reconstruction
portfolio_excess_return__equity_duration__decile_03,joint_rate_beta_regime_interactions,5.0,103.76340116339988,8.500481434233825e-21,5.0,648.0,1.1815669193585016e-18,regime_stability,True,0,registered,unstable,asset,confirmatory,H3,documented_reconstruction
portfolio_excess_return__equity_duration__decile_04,joint_regime_factor_interactions,10.0,34.792430370586594,0.0001354678501373688,10.0,648.0,0.009753685209890553,regime_stability,True,0,registered,unstable,asset,confirmatory,H3,documented_reconstruction
portfolio_excess_return__equity_duration__decile_04,joint_rate_beta_regime_interactions,5.0,4.871590171627873,0.4317518185739393,5.0,648.0,1.0,regime_stability,False,0,registered,unstable,asset,confirmatory,H3,documented_reconstruction
portfolio_excess_return__equity_duration__decile_05,joint_regime_factor_interactions,10.0,29.054054661763402,0.0012211819538625259,10.0,648.0,0.07204973527788902,regime_stability,False,0,registered,unstable,asset,confirmatory,H3,documented_reconstruction
portfolio_excess_return__equity_duration__decile_05,joint_rate_beta_regime_interactions,5.0,8.364749121852734,0.13724630582421507,5.0,648.0,1.0,regime_stability,False,0,registered,unstable,asset,confirmatory,H3,documented_reconstruction
portfolio_excess_return__equity_duration__decile_06,joint_regime_factor_interactions,10.0,24.30203653295372,0.006837809142309539,10.0,648.0,0.2940257931193102,regime_stability,False,0,registered,unstable,asset,confirmatory,H3,documented_reconstruction
portfolio_excess_return__equity_duration__decile_06,joint_rate_beta_regime_interactions,5.0,6.467938552697833,0.26330988292448676,5.0,648.0,1.0,regime_stability,False,0,registered,unstable,asset,confirmatory,H3,documented_reconstruction
portfolio_excess_return__equity_duration__decile_07,joint_regime_factor_interactions,10.0,43.45058110858691,4.130249679944112e-06,10.0,648.0,0.000367592221515026,regime_stability,True,0,registered,unstable,asset,confirmatory,H3,documented_reconstruction
portfolio_excess_return__equity_duration__decile_07,joint_rate_beta_regime_interactions,5.0,26.15163998846474,8.339147889858306e-05,5.0,648.0,0.006087577959596564,regime_stability,True,0,registered,unstable,asset,confirmatory,H3,documented_reconstruction
portfolio_excess_return__equity_duration__decile_08,joint_regime_factor_interactions,10.0,31.315941138031445,0.000520214058568765,10.0,648.0,0.034334127865538494,regime_stability,True,0,registered,unstable,asset,confirmatory,H3,documented_reconstruction
portfolio_excess_return__equity_duration__decile_08,joint_rate_beta_regime_interactions,5.0,21.411250908225792,0.000677203112695262,5.0,648.0,0.04198659298710625,regime_stability,True,0,registered,unstable,asset,confirmatory,H3,documented_reconstruction
portfolio_excess_return__equity_duration__decile_09,joint_regime_factor_interactions,10.0,56.81867236096861,1.4416335645218878e-08,10.0,648.0,1.6002132566192954e-06,regime_stability,True,0,registered,unstable,asset,confirmatory,H3,documented_reconstruction
portfolio_excess_return__equity_duration__decile_09,joint_rate_beta_regime_interactions,5.0,11.828147186216649,0.03721996663839525,5.0,648.0,1.0,regime_stability,False,0,registered,unstable,asset,confirmatory,H3,documented_reconstruction
portfolio_excess_return__equity_duration__decile_10,joint_regime_factor_interactions,10.0,19.108507974492387,0.03890591577093943,10.0,648.0,1.0,regime_stability,False,0,registered,unstable,asset,confirmatory,H3,documented_reconstruction
portfolio_excess_return__equity_duration__decile_10,joint_rate_beta_regime_interactions,5.0,3.154357505373586,0.6762022938639184,5.0,648.0,1.0,regime_stability,False,0,registered,unstable,asset,confirmatory,H3,documented_reconstruction
portfolio_excess_return__inventory_growth__decile_01,joint_regime_factor_interactions,10.0,60.203450311274544,3.3167897224771636e-09,10.0,648.0,3.814308180848738e-07,regime_stability,True,0,registered,unstable,asset,confirmatory,H3,documented_reconstruction
portfolio_excess_return__inventory_growth__decile_01,joint_rate_beta_regime_interactions,5.0,36.11693654408691,9.000022479322377e-07,5.0,648.0,8.550021355356259e-05,regime_stability,True,0,registered,unstable,asset,confirmatory,H3,documented_reconstruction
portfolio_excess_return__inventory_growth__decile_02,joint_regime_factor_interactions,10.0,46.85880849458734,1.0017756536272264e-06,10.0,648.0,9.416691144095928e-05,regime_stability,True,0,registered,unstable,asset,confirmatory,H3,documented_reconstruction
portfolio_excess_return__inventory_growth__decile_02,joint_rate_beta_regime_interactions,5.0,19.78482058329047,0.001371401401696754,5.0,648.0,0.07816987989671498,regime_stability,False,0,registered,unstable,asset,confirmatory,H3,documented_reconstruction
portfolio_excess_return__inventory_growth__decile_03,joint_regime_factor_interactions,10.0,38.67520244820776,2.8937317427814673e-05,10.0,648.0,0.0023149853942251736,regime_stability,True,0,registered,unstable,asset,confirmatory,H3,documented_reconstruction
portfolio_excess_return__inventory_growth__decile_03,joint_rate_beta_regime_interactions,5.0,15.84849249856944,0.007290213837550491,5.0,648.0,0.30288472746594325,regime_stability,False,0,registered,unstable,asset,confirmatory,H3,documented_reconstruction
portfolio_excess_return__inventory_growth__decile_04,joint_regime_factor_interactions,10.0,172.2610211680157,9.436539070968495e-32,10.0,648.0,1.3305520090065578e-29,regime_stability,True,0,registered,unstable,asset,confirmatory,H3,documented_reconstruction
portfolio_excess_return__inventory_growth__decile_04,joint_rate_beta_regime_interactions,5.0,4.496293822011256,0.4803794651330566,5.0,648.0,1.0,regime_stability,False,0,registered,unstable,asset,confirmatory,H3,documented_reconstruction
portfolio_excess_return__inventory_growth__decile_05,joint_regime_factor_interactions,10.0,13.315753034773035,0.20654957734186263,10.0,648.0,1.0,regime_stability,False,0,registered,unstable,asset,confirmatory,H3,documented_reconstruction
portfolio_excess_return__inventory_growth__decile_05,joint_rate_beta_regime_interactions,5.0,11.576901330969477,0.04106837881335723,5.0,648.0,1.0,regime_stability,False,0,registered,unstable,asset,confirmatory,H3,documented_reconstruction
portfolio_excess_return__inventory_growth__decile_06,joint_regime_factor_interactions,10.0,31.285722545600482,0.0005262431167733293,10.0,648.0,0.034334127865538494,regime_stability,True,0,registered,unstable,asset,confirmatory,H3,documented_reconstruction
portfolio_excess_return__inventory_growth__decile_06,joint_rate_beta_regime_interactions,5.0,10.14187063878392,0.07131376867160047,5.0,648.0,1.0,regime_stability,False,0,registered,unstable,asset,confirmatory,H3,documented_reconstruction
portfolio_excess_return__inventory_growth__decile_07,joint_regime_factor_interactions,10.0,80.62956182148956,3.778313895513091e-13,10.0,648.0,4.874024925211887e-11,regime_stability,True,0,registered,unstable,asset,confirmatory,H3,documented_reconstruction
portfolio_excess_return__inventory_growth__decile_07,joint_rate_beta_regime_interactions,5.0,17.216823662279626,0.004106422784846736,5.0,648.0,0.18889544810294986,regime_stability,False,0,registered,unstable,asset,confirmatory,H3,documented_reconstruction
portfolio_excess_return__inventory_growth__decile_08,joint_regime_factor_interactions,10.0,56.38091163075119,1.7417438712095047e-08,10.0,648.0,1.8985008196183601e-06,regime_stability,True,0,registered,unstable,asset,confirmatory,H3,documented_reconstruction
portfolio_excess_return__inventory_growth__decile_08,joint_rate_beta_regime_interactions,5.0,7.257342777208623,0.20219408461423952,5.0,648.0,1.0,regime_stability,False,0,registered,unstable,asset,confirmatory,H3,documented_reconstruction
portfolio_excess_return__inventory_growth__decile_09,joint_regime_factor_interactions,10.0,73.50694490793062,9.282749977452743e-12,10.0,648.0,1.1696264971590456e-09,regime_stability,True,0,registered,unstable,asset,confirmatory,H3,documented_reconstruction
portfolio_excess_return__inventory_growth__decile_09,joint_rate_beta_regime_interactions,5.0,25.006646525830167,0.00013892266266699716,5.0,648.0,0.009863509049356798,regime_stability,True,0,registered,unstable,asset,confirmatory,H3,documented_reconstruction
portfolio_excess_return__inventory_growth__decile_10,joint_regime_factor_interactions,10.0,36.63036769269705,6.5558905818475e-05,10.0,648.0,0.005048035748022575,regime_stability,True,0,registered,unstable,asset,confirmatory,H3,documented_reconstruction
portfolio_excess_return__inventory_growth__decile_10,joint_rate_beta_regime_interactions,5.0,14.536672735449473,0.012536842218350532,5.0,648.0,0.5014736887340212,regime_stability,False,0,registered,unstable,asset,confirmatory,H3,documented_reconstruction
portfolio_excess_return__investment_to_assets__decile_01,joint_regime_factor_interactions,10.0,29.316897737241234,0.0011069952280219177,10.0,648.0,0.06641971368131507,regime_stability,False,0,registered,unstable,asset,confirmatory,H3,documented_reconstruction
portfolio_excess_return__investment_to_assets__decile_01,joint_rate_beta_regime_interactions,5.0,5.603735909204689,0.3467048893170165,5.0,648.0,1.0,regime_stability,False,0,registered,unstable,asset,confirmatory,H3,documented_reconstruction
portfolio_excess_return__investment_to_assets__decile_02,joint_regime_factor_interactions,10.0,28.33552731407293,0.0015948347940242334,10.0,648.0,0.08771591367133283,regime_stability,False,0,registered,unstable,asset,confirmatory,H3,documented_reconstruction
portfolio_excess_return__investment_to_assets__decile_02,joint_rate_beta_regime_interactions,5.0,9.92328397738071,0.07743837350672271,5.0,648.0,1.0,regime_stability,False,0,registered,unstable,asset,confirmatory,H3,documented_reconstruction
portfolio_excess_return__investment_to_assets__decile_03,joint_regime_factor_interactions,10.0,30.92387787805543,0.0006039511723330172,10.0,648.0,0.038652875029313104,regime_stability,True,0,registered,unstable,asset,confirmatory,H3,documented_reconstruction
portfolio_excess_return__investment_to_assets__decile_03,joint_rate_beta_regime_interactions,5.0,6.246134763060716,0.2830003439017069,5.0,648.0,1.0,regime_stability,False,0,registered,unstable,asset,confirmatory,H3,documented_reconstruction
portfolio_excess_return__investment_to_assets__decile_04,joint_regime_factor_interactions,10.0,99.16227313232419,8.016296229867667e-17,10.0,648.0,1.0581511023425321e-14,regime_stability,True,0,registered,unstable,asset,confirmatory,H3,documented_reconstruction
portfolio_excess_return__investment_to_assets__decile_04,joint_rate_beta_regime_interactions,5.0,36.958096863903705,6.1064510435224e-07,5.0,648.0,5.9232575122167275e-05,regime_stability,True,0,registered,unstable,asset,confirmatory,H3,documented_reconstruction
portfolio_excess_return__investment_to_assets__decile_05,joint_regime_factor_interactions,10.0,25.439911327681,0.004571180207717111,10.0,648.0,0.20113192913955288,regime_stability,False,0,registered,unstable,asset,confirmatory,H3,documented_reconstruction
portfolio_excess_return__investment_to_assets__decile_05,joint_rate_beta_regime_interactions,5.0,8.037868758686663,0.1541609179128427,5.0,648.0,1.0,regime_stability,False,0,registered,unstable,asset,confirmatory,H3,documented_reconstruction
portfolio_excess_return__investment_to_assets__decile_06,joint_regime_factor_interactions,10.0,4.243085929477523,0.9357153359705425,10.0,648.0,1.0,regime_stability,False,0,registered,unstable,asset,confirmatory,H3,documented_reconstruction
portfolio_excess_return__investment_to_assets__decile_06,joint_rate_beta_regime_interactions,5.0,1.9677848400526206,0.853584429046117,5.0,648.0,1.0,regime_stability,False,0,registered,unstable,asset,confirmatory,H3,documented_reconstruction
portfolio_excess_return__investment_to_assets__decile_07,joint_regime_factor_interactions,10.0,87.19163939436865,1.9270355612926772e-14,10.0,648.0,2.5051462296804803e-12,regime_stability,True,0,registered,unstable,asset,confirmatory,H3,documented_reconstruction
portfolio_excess_return__investment_to_assets__decile_07,joint_rate_beta_regime_interactions,5.0,41.05812797759138,9.132474977875149e-08,5.0,648.0,9.540542606051155e-06,regime_stability,True,0,registered,unstable,asset,confirmatory,H3,documented_reconstruction
portfolio_excess_return__investment_to_assets__decile_08,joint_regime_factor_interactions,10.0,71.7628334243982,2.022555100622241e-11,10.0,648.0,2.467517222759134e-09,regime_stability,True,0,registered,unstable,asset,confirmatory,H3,documented_reconstruction
portfolio_excess_return__investment_to_assets__decile_08,joint_rate_beta_regime_interactions,5.0,28.876809288725656,2.4514181516846695e-05,5.0,648.0,0.001985648702864582,regime_stability,True,0,registered,unstable,asset,confirmatory,H3,documented_reconstruction
portfolio_excess_return__investment_to_assets__decile_09,joint_regime_factor_interactions,10.0,46.328289337638246,1.2505732779253148e-06,10.0,648.0,0.00011505274156912896,regime_stability,True,0,registered,unstable,asset,confirmatory,H3,documented_reconstruction
portfolio_excess_return__investment_to_assets__decile_09,joint_rate_beta_regime_interactions,5.0,6.649652879317393,0.24802673273175752,5.0,648.0,1.0,regime_stability,False,0,registered,unstable,asset,confirmatory,H3,documented_reconstruction
portfolio_excess_return__investment_to_assets__decile_10,joint_regime_factor_interactions,10.0,50.62001733380317,2.0522060128973325e-07,10.0,648.0,2.0727280730263058e-05,regime_stability,True,0,registered,unstable,asset,confirmatory,H3,documented_reconstruction
portfolio_excess_return__investment_to_assets__decile_10,joint_rate_beta_regime_interactions,5.0,5.253369173486498,0.3857476488115261,5.0,648.0,1.0,regime_stability,False,0,registered,unstable,asset,confirmatory,H3,documented_reconstruction
portfolio_excess_return__long_term_reversal__decile_01,joint_regime_factor_interactions,10.0,196.4033482932431,9.071683138266663e-37,10.0,648.0,1.288179005633866e-34,regime_stability,True,0,registered,unstable,asset,confirmatory,H3,documented_reconstruction
portfolio_excess_return__long_term_reversal__decile_01,joint_rate_beta_regime_interactions,5.0,32.27537079708449,5.239968197583107e-06,5.0,648.0,0.0004558772331897303,regime_stability,True,0,registered,unstable,asset,confirmatory,H3,documented_reconstruction
portfolio_excess_return__long_term_reversal__decile_02,joint_regime_factor_interactions,10.0,72.18062229842585,1.6786786286641412e-11,10.0,648.0,2.081561499543535e-09,regime_stability,True,0,registered,unstable,asset,confirmatory,H3,documented_reconstruction
portfolio_excess_return__long_term_reversal__decile_02,joint_rate_beta_regime_interactions,5.0,40.086279982054016,1.4347186624777891e-07,5.0,648.0,1.4634130357273449e-05,regime_stability,True,0,registered,unstable,asset,confirmatory,H3,documented_reconstruction
portfolio_excess_return__long_term_reversal__decile_03,joint_regime_factor_interactions,10.0,26.064541593293395,0.0036543439718533183,10.0,648.0,0.17175416667710597,regime_stability,False,0,registered,unstable,asset,confirmatory,H3,documented_reconstruction
portfolio_excess_return__long_term_reversal__decile_03,joint_rate_beta_regime_interactions,5.0,5.001381105423949,0.4157116580683334,5.0,648.0,1.0,regime_stability,False,0,registered,unstable,asset,confirmatory,H3,documented_reconstruction
portfolio_excess_return__long_term_reversal__decile_04,joint_regime_factor_interactions,10.0,110.3599368731479,4.514437950924916e-19,10.0,648.0,6.229924372276383e-17,regime_stability,True,0,registered,unstable,asset,confirmatory,H3,documented_reconstruction
portfolio_excess_return__long_term_reversal__decile_04,joint_rate_beta_regime_interactions,5.0,49.09337832685309,2.123833651471812e-09,5.0,648.0,2.48488537222202e-07,regime_stability,True,0,registered,unstable,asset,confirmatory,H3,documented_reconstruction
portfolio_excess_return__long_term_reversal__decile_05,joint_regime_factor_interactions,10.0,66.78826104530675,1.8412993830678466e-10,10.0,648.0,2.2095592596814158e-08,regime_stability,True,0,registered,unstable,asset,confirmatory,H3,documented_reconstruction
portfolio_excess_return__long_term_reversal__decile_05,joint_rate_beta_regime_interactions,5.0,32.55190425045962,4.618557041642471e-06,5.0,648.0,0.0004064330196645374,regime_stability,True,0,registered,unstable,asset,confirmatory,H3,documented_reconstruction
portfolio_excess_return__long_term_reversal__decile_06,joint_regime_factor_interactions,10.0,24.150199768803642,0.007211541130141505,10.0,648.0,0.30288472746594325,regime_stability,False,0,registered,unstable,asset,confirmatory,H3,documented_reconstruction
portfolio_excess_return__long_term_reversal__decile_06,joint_rate_beta_regime_interactions,5.0,12.696863860637828,0.02639128345980602,5.0,648.0,1.0,regime_stability,False,0,registered,unstable,asset,confirmatory,H3,documented_reconstruction
portfolio_excess_return__long_term_reversal__decile_07,joint_regime_factor_interactions,10.0,30.208976738792973,0.0007917391987245983,10.0,648.0,0.04829609112220049,regime_stability,True,0,registered,unstable,asset,confirmatory,H3,documented_reconstruction
portfolio_excess_return__long_term_reversal__decile_07,joint_rate_beta_regime_interactions,5.0,6.401953709316931,0.2690473781218472,5.0,648.0,1.0,regime_stability,False,0,registered,unstable,asset,confirmatory,H3,documented_reconstruction
portfolio_excess_return__long_term_reversal__decile_08,joint_regime_factor_interactions,10.0,27.4879835780446,0.0021790520133366134,10.0,648.0,0.11113165268016728,regime_stability,False,0,registered,unstable,asset,confirmatory,H3,documented_reconstruction
portfolio_excess_return__long_term_reversal__decile_08,joint_rate_beta_regime_interactions,5.0,4.869867836058493,0.4319674103381351,5.0,648.0,1.0,regime_stability,False,0,registered,unstable,asset,confirmatory,H3,documented_reconstruction
portfolio_excess_return__long_term_reversal__decile_09,joint_regime_factor_interactions,10.0,44.84627736012137,2.318075618108835e-06,10.0,648.0,0.000210944881247904,regime_stability,True,0,registered,unstable,asset,confirmatory,H3,documented_reconstruction
portfolio_excess_return__long_term_reversal__decile_09,joint_rate_beta_regime_interactions,5.0,31.24704495108309,8.37176403209977e-06,5.0,648.0,0.0007199717067605802,regime_stability,True,0,registered,unstable,asset,confirmatory,H3,documented_reconstruction
portfolio_excess_return__long_term_reversal__decile_10,joint_regime_factor_interactions,10.0,60.170490901800726,3.364784856041333e-09,10.0,648.0,3.83585473588712e-07,regime_stability,True,0,registered,unstable,asset,confirmatory,H3,documented_reconstruction
portfolio_excess_return__long_term_reversal__decile_10,joint_rate_beta_regime_interactions,5.0,19.95434083477759,0.0012746269870053493,5.0,648.0,0.07392836524631026,regime_stability,False,0,registered,unstable,asset,confirmatory,H3,documented_reconstruction
portfolio_excess_return__ppe_investment__decile_01,joint_regime_factor_interactions,10.0,74.44040415191213,6.113307650302317e-12,10.0,648.0,7.763900715883942e-10,regime_stability,True,0,registered,unstable,asset,confirmatory,H3,documented_reconstruction
portfolio_excess_return__ppe_investment__decile_01,joint_rate_beta_regime_interactions,5.0,44.64931203436844,1.7096492096589398e-08,5.0,648.0,1.8806141306248338e-06,regime_stability,True,0,registered,unstable,asset,confirmatory,H3,documented_reconstruction
portfolio_excess_return__ppe_investment__decile_02,joint_regime_factor_interactions,10.0,98.01045529959029,1.3621333415533257e-16,10.0,648.0,1.7843946774348568e-14,regime_stability,True,0,registered,unstable,asset,confirmatory,H3,documented_reconstruction
portfolio_excess_return__ppe_investment__decile_02,joint_rate_beta_regime_interactions,5.0,53.99536761654452,2.1004252708977644e-10,5.0,648.0,2.4995060723683396e-08,regime_stability,True,0,registered,unstable,asset,confirmatory,H3,documented_reconstruction
portfolio_excess_return__ppe_investment__decile_03,joint_regime_factor_interactions,10.0,49.76013057989514,2.9543067028406096e-07,10.0,648.0,2.9543067028406095e-05,regime_stability,True,0,registered,unstable,asset,confirmatory,H3,documented_reconstruction
portfolio_excess_return__ppe_investment__decile_03,joint_rate_beta_regime_interactions,5.0,5.683522721920136,0.338241194259892,5.0,648.0,1.0,regime_stability,False,0,registered,unstable,asset,confirmatory,H3,documented_reconstruction
portfolio_excess_return__ppe_investment__decile_04,joint_regime_factor_interactions,10.0,47.289837297648134,8.362768281882089e-07,10.0,648.0,8.028257550606805e-05,regime_stability,True,0,registered,unstable,asset,confirmatory,H3,documented_reconstruction
portfolio_excess_return__ppe_investment__decile_04,joint_rate_beta_regime_interactions,5.0,3.4894839613786144,0.6249794326755602,5.0,648.0,1.0,regime_stability,False,0,registered,unstable,asset,confirmatory,H3,documented_reconstruction
portfolio_excess_return__ppe_investment__decile_05,joint_regime_factor_interactions,10.0,37.15810561265432,5.3137602420926304e-05,10.0,648.0,0.004144732988832252,regime_stability,True,0,registered,unstable,asset,confirmatory,H3,documented_reconstruction
portfolio_excess_return__ppe_investment__decile_05,joint_rate_beta_regime_interactions,5.0,2.9920685660091833,0.7012087048474352,5.0,648.0,1.0,regime_stability,False,0,registered,unstable,asset,confirmatory,H3,documented_reconstruction
portfolio_excess_return__ppe_investment__decile_06,joint_regime_factor_interactions,10.0,17.743273198014588,0.05945178504460258,10.0,648.0,1.0,regime_stability,False,0,registered,unstable,asset,confirmatory,H3,documented_reconstruction
portfolio_excess_return__ppe_investment__decile_06,joint_rate_beta_regime_interactions,5.0,7.3361920292453755,0.1968136690964166,5.0,648.0,1.0,regime_stability,False,0,registered,unstable,asset,confirmatory,H3,documented_reconstruction
portfolio_excess_return__ppe_investment__decile_07,joint_regime_factor_interactions,10.0,30.855109150378688,0.0006199362965866934,10.0,648.0,0.039055986684961685,regime_stability,True,0,registered,unstable,asset,confirmatory,H3,documented_reconstruction
portfolio_excess_return__ppe_investment__decile_07,joint_rate_beta_regime_interactions,5.0,17.70091641097157,0.003345567437996448,5.0,648.0,0.16183609386170858,regime_stability,False,0,registered,unstable,asset,confirmatory,H3,documented_reconstruction
portfolio_excess_return__ppe_investment__decile_08,joint_regime_factor_interactions,10.0,75.33118998353704,4.101366251536554e-12,10.0,648.0,5.249748801966789e-10,regime_stability,True,0,registered,unstable,asset,confirmatory,H3,documented_reconstruction
portfolio_excess_return__ppe_investment__decile_08,joint_rate_beta_regime_interactions,5.0,18.99422086563363,0.0019269067608998687,5.0,648.0,0.10019915156679317,regime_stability,False,0,registered,unstable,asset,confirmatory,H3,documented_reconstruction
portfolio_excess_return__ppe_investment__decile_09,joint_regime_factor_interactions,10.0,28.608870469840298,0.001441182288131713,10.0,648.0,0.08070620813537593,regime_stability,False,0,registered,unstable,asset,confirmatory,H3,documented_reconstruction
portfolio_excess_return__ppe_investment__decile_09,joint_rate_beta_regime_interactions,5.0,7.766665430053845,0.1695726675080027,5.0,648.0,1.0,regime_stability,False,0,registered,unstable,asset,confirmatory,H3,documented_reconstruction
portfolio_excess_return__ppe_investment__decile_10,joint_regime_factor_interactions,10.0,52.53404831998019,9.086231053382053e-08,10.0,648.0,9.540542606051155e-06,regime_stability,True,0,registered,unstable,asset,confirmatory,H3,documented_reconstruction
portfolio_excess_return__ppe_investment__decile_10,joint_rate_beta_regime_interactions,5.0,19.078781523348766,0.0018582573891196856,5.0,648.0,0.09848764162334334,regime_stability,False,0,registered,unstable,asset,confirmatory,H3,documented_reconstruction
equal_weighted_test_assets,joint_regime_factor_interactions,10.0,58.859484907097475,5.953044837806557e-09,10.0,648.0,6.72694066672141e-07,regime_stability,True,0,registered,unstable,equal_weighted_aggregate,confirmatory,H3,documented_reconstruction
equal_weighted_test_assets,joint_rate_beta_regime_interactions,5.0,37.31295828520956,5.183596173757298e-07,5.0,648.0,5.079924250282152e-05,regime_stability,True,0,registered,unstable,equal_weighted_aggregate,confirmatory,H3,documented_reconstruction
portfolio_excess_return__book_to_market__decile_01,joint_regime_factor_interactions,10.0,120.04855549254523,4.9465392166111065e-21,10.0,648.0,6.381035589428327e-19,regime_stability,True,3,registered_boundaries_shifted_+3_months,unstable,asset,confirmatory,H3,documented_reconstruction
portfolio_excess_return__book_to_market__decile_01,joint_rate_beta_regime_interactions,5.0,33.24578546522969,3.363287729526221e-06,5.0,648.0,0.00026233644290304524,regime_stability,True,3,registered_boundaries_shifted_+3_months,unstable,asset,confirmatory,H3,documented_reconstruction
portfolio_excess_return__book_to_market__decile_02,joint_regime_factor_interactions,10.0,45.58909755275283,1.7021476104923958e-06,10.0,648.0,0.00013957610406037645,regime_stability,True,3,registered_boundaries_shifted_+3_months,unstable,asset,confirmatory,H3,documented_reconstruction
portfolio_excess_return__book_to_market__decile_02,joint_rate_beta_regime_interactions,5.0,35.868788330723575,1.0089721407212692e-06,5.0,648.0,8.677160410202916e-05,regime_stability,True,3,registered_boundaries_shifted_+3_months,unstable,asset,confirmatory,H3,documented_reconstruction
portfolio_excess_return__book_to_market__decile_03,joint_regime_factor_interactions,10.0,31.03343348623035,0.00057931217537143,10.0,648.0,0.02675523588087524,regime_stability,True,3,registered_boundaries_shifted_+3_months,unstable,asset,confirmatory,H3,documented_reconstruction
portfolio_excess_return__book_to_market__decile_03,joint_rate_beta_regime_interactions,5.0,13.55367547415396,0.01870743697565663,5.0,648.0,0.5822225678539135,regime_stability,False,3,registered_boundaries_shifted_+3_months,unstable,asset,confirmatory,H3,documented_reconstruction
portfolio_excess_return__book_to_market__decile_04,joint_regime_factor_interactions,10.0,33.524246226523566,0.00022227927041872743,10.0,648.0,0.012892197684286191,regime_stability,True,3,registered_boundaries_shifted_+3_months,unstable,asset,confirmatory,H3,documented_reconstruction
portfolio_excess_return__book_to_market__decile_04,joint_rate_beta_regime_interactions,5.0,13.625963965792335,0.018168298598778006,5.0,648.0,0.5822225678539135,regime_stability,False,3,registered_boundaries_shifted_+3_months,unstable,asset,confirmatory,H3,documented_reconstruction
portfolio_excess_return__book_to_market__decile_05,joint_regime_factor_interactions,10.0,95.73396896545599,3.8779651836536596e-16,10.0,648.0,4.692337872220928e-14,regime_stability,True,3,registered_boundaries_shifted_+3_months,unstable,asset,confirmatory,H3,documented_reconstruction
portfolio_excess_return__book_to_market__decile_05,joint_rate_beta_regime_interactions,5.0,57.546577046089254,3.90126375552793e-11,5.0,648.0,4.135339580859606e-09,regime_stability,True,3,registered_boundaries_shifted_+3_months,unstable,asset,confirmatory,H3,documented_reconstruction
portfolio_excess_return__book_to_market__decile_06,joint_regime_factor_interactions,10.0,74.80110401032627,5.2012972986180814e-12,10.0,648.0,5.669414055493708e-10,regime_stability,True,3,registered_boundaries_shifted_+3_months,unstable,asset,confirmatory,H3,documented_reconstruction
portfolio_excess_return__book_to_market__decile_06,joint_rate_beta_regime_interactions,5.0,33.13826089757037,3.5328518019386735e-06,5.0,648.0,0.00027202958874927787,regime_stability,True,3,registered_boundaries_shifted_+3_months,unstable,asset,confirmatory,H3,documented_reconstruction
portfolio_excess_return__book_to_market__decile_07,joint_regime_factor_interactions,10.0,88.07111269035964,1.2910215747238877e-14,10.0,648.0,1.5234054581741876e-12,regime_stability,True,3,registered_boundaries_shifted_+3_months,unstable,asset,confirmatory,H3,documented_reconstruction
portfolio_excess_return__book_to_market__decile_07,joint_rate_beta_regime_interactions,5.0,24.363817235443463,0.0001848037290202478,5.0,648.0,0.01090342001219462,regime_stability,True,3,registered_boundaries_shifted_+3_months,unstable,asset,confirmatory,H3,documented_reconstruction
portfolio_excess_return__book_to_market__decile_08,joint_regime_factor_interactions,10.0,267.4848107963728,1.1333452120883395e-51,10.0,648.0,1.575349844802792e-49,regime_stability,True,3,registered_boundaries_shifted_+3_months,unstable,asset,confirmatory,H3,documented_reconstruction
portfolio_excess_return__book_to_market__decile_08,joint_rate_beta_regime_interactions,5.0,35.586309404035376,1.149073452031646e-06,5.0,648.0,9.76712434226899e-05,regime_stability,True,3,registered_boundaries_shifted_+3_months,unstable,asset,confirmatory,H3,documented_reconstruction
portfolio_excess_return__book_to_market__decile_09,joint_regime_factor_interactions,10.0,78.23271231223075,1.113597677854538e-12,10.0,648.0,1.2472293991970824e-10,regime_stability,True,3,registered_boundaries_shifted_+3_months,unstable,asset,confirmatory,H3,documented_reconstruction
portfolio_excess_return__book_to_market__decile_09,joint_rate_beta_regime_interactions,5.0,42.136743309856946,5.526768345976992e-08,5.0,648.0,5.084626878298832e-06,regime_stability,True,3,registered_boundaries_shifted_+3_months,unstable,asset,confirmatory,H3,documented_reconstruction
portfolio_excess_return__book_to_market__decile_10,joint_regime_factor_interactions,10.0,31.568175143251203,0.000472451737476353,10.0,648.0,0.022677683398864945,regime_stability,True,3,registered_boundaries_shifted_+3_months,unstable,asset,confirmatory,H3,documented_reconstruction
portfolio_excess_return__book_to_market__decile_10,joint_rate_beta_regime_interactions,5.0,6.22639753954909,0.2848086587446053,5.0,648.0,1.0,regime_stability,False,3,registered_boundaries_shifted_+3_months,unstable,asset,confirmatory,H3,documented_reconstruction
portfolio_excess_return__earnings_to_price__decile_01,joint_regime_factor_interactions,10.0,56.41793738716879,1.714121146041526e-08,10.0,648.0,1.6112738772790344e-06,regime_stability,True,3,registered_boundaries_shifted_+3_months,unstable,asset,confirmatory,H3,documented_reconstruction
portfolio_excess_return__earnings_to_price__decile_01,joint_rate_beta_regime_interactions,5.0,10.075463524151429,0.0731250411584044,5.0,648.0,1.0,regime_stability,False,3,registered_boundaries_shifted_+3_months,unstable,asset,confirmatory,H3,documented_reconstruction
portfolio_excess_return__earnings_to_price__decile_02,joint_regime_factor_interactions,10.0,99.88806839966534,5.73816862258333e-17,10.0,648.0,7.057947405777495e-15,regime_stability,True,3,registered_boundaries_shifted_+3_months,unstable,asset,confirmatory,H3,documented_reconstruction
portfolio_excess_return__earnings_to_price__decile_02,joint_rate_beta_regime_interactions,5.0,11.486658494040626,0.04254059090666829,5.0,648.0,1.0,regime_stability,False,3,registered_boundaries_shifted_+3_months,unstable,asset,confirmatory,H3,documented_reconstruction
portfolio_excess_return__earnings_to_price__decile_03,joint_regime_factor_interactions,10.0,26.372118046481845,0.003270662673492815,10.0,648.0,0.13409716961320542,regime_stability,False,3,registered_boundaries_shifted_+3_months,unstable,asset,confirmatory,H3,documented_reconstruction
portfolio_excess_return__earnings_to_price__decile_03,joint_rate_beta_regime_interactions,5.0,15.263384452298173,0.009294271017683311,5.0,648.0,0.36247656968964914,regime_stability,False,3,registered_boundaries_shifted_+3_months,unstable,asset,confirmatory,H3,documented_reconstruction
portfolio_excess_return__earnings_to_price__decile_04,joint_regime_factor_interactions,10.0,87.36562454968873,1.7802844952434694e-14,10.0,648.0,2.082932859434859e-12,regime_stability,True,3,registered_boundaries_shifted_+3_months,unstable,asset,confirmatory,H3,documented_reconstruction
portfolio_excess_return__earnings_to_price__decile_04,joint_rate_beta_regime_interactions,5.0,14.427241707297728,0.013111601020035219,5.0,648.0,0.4982408387613383,regime_stability,False,3,registered_boundaries_shifted_+3_months,unstable,asset,confirmatory,H3,documented_reconstruction
portfolio_excess_return__earnings_to_price__decile_05,joint_regime_factor_interactions,10.0,41.02668433860484,1.1162084092906772e-05,10.0,648.0,0.0008036700546892876,regime_stability,True,3,registered_boundaries_shifted_+3_months,unstable,asset,confirmatory,H3,documented_reconstruction
portfolio_excess_return__earnings_to_price__decile_05,joint_rate_beta_regime_interactions,5.0,34.318476221948075,2.05746804375151e-06,5.0,648.0,0.0001645974435001208,regime_stability,True,3,registered_boundaries_shifted_+3_months,unstable,asset,confirmatory,H3,documented_reconstruction
portfolio_excess_return__earnings_to_price__decile_06,joint_regime_factor_interactions,10.0,9.366083883578526,0.4977486948250388,10.0,648.0,1.0,regime_stability,False,3,registered_boundaries_shifted_+3_months,unstable,asset,confirmatory,H3,documented_reconstruction
portfolio_excess_return__earnings_to_price__decile_06,joint_rate_beta_regime_interactions,5.0,2.1028050579242574,0.8347449437793037,5.0,648.0,1.0,regime_stability,False,3,registered_boundaries_shifted_+3_months,unstable,asset,confirmatory,H3,documented_reconstruction
portfolio_excess_return__earnings_to_price__decile_07,joint_regime_factor_interactions,10.0,34.57683987854806,0.0001474150392040692,10.0,648.0,0.00913973243065229,regime_stability,True,3,registered_boundaries_shifted_+3_months,unstable,asset,confirmatory,H3,documented_reconstruction
portfolio_excess_return__earnings_to_price__decile_07,joint_rate_beta_regime_interactions,5.0,20.166633663227152,0.0011628631497006172,5.0,648.0,0.05116597858682716,regime_stability,False,3,registered_boundaries_shifted_+3_months,unstable,asset,confirmatory,H3,documented_reconstruction
portfolio_excess_return__earnings_to_price__decile_08,joint_regime_factor_interactions,10.0,111.13622938526883,3.147625731501714e-19,10.0,648.0,3.9974846790071767e-17,regime_stability,True,3,registered_boundaries_shifted_+3_months,unstable,asset,confirmatory,H3,documented_reconstruction
portfolio_excess_return__earnings_to_price__decile_08,joint_rate_beta_regime_interactions,5.0,35.002884148528594,1.5026578388615346e-06,5.0,648.0,0.00012472060062550738,regime_stability,True,3,registered_boundaries_shifted_+3_months,unstable,asset,confirmatory,H3,documented_reconstruction
portfolio_excess_return__earnings_to_price__decile_09,joint_regime_factor_interactions,10.0,301.99899133525247,5.875209727820704e-59,10.0,648.0,8.225293618948986e-57,regime_stability,True,3,registered_boundaries_shifted_+3_months,unstable,asset,confirmatory,H3,documented_reconstruction
portfolio_excess_return__earnings_to_price__decile_09,joint_rate_beta_regime_interactions,5.0,22.777086984338798,0.00037234645539906076,5.0,648.0,0.0189896692253521,regime_stability,True,3,registered_boundaries_shifted_+3_months,unstable,asset,confirmatory,H3,documented_reconstruction
portfolio_excess_return__earnings_to_price__decile_10,joint_regime_factor_interactions,10.0,40.214183699433576,1.55344927453613e-05,10.0,648.0,0.0010874144921752908,regime_stability,True,3,registered_boundaries_shifted_+3_months,unstable,asset,confirmatory,H3,documented_reconstruction
portfolio_excess_return__earnings_to_price__decile_10,joint_rate_beta_regime_interactions,5.0,27.688880342280992,4.186673297003925e-05,5.0,648.0,0.0027632043760225907,regime_stability,True,3,registered_boundaries_shifted_+3_months,unstable,asset,confirmatory,H3,documented_reconstruction
portfolio_excess_return__equity_duration__decile_01,joint_regime_factor_interactions,10.0,52.79002258061458,8.145162180178112e-08,10.0,648.0,7.412097583962082e-06,regime_stability,True,3,registered_boundaries_shifted_+3_months,unstable,asset,confirmatory,H3,documented_reconstruction
portfolio_excess_return__equity_duration__decile_01,joint_rate_beta_regime_interactions,5.0,31.01980417618491,9.283286673354633e-06,5.0,648.0,0.0006776799271548882,regime_stability,True,3,registered_boundaries_shifted_+3_months,unstable,asset,confirmatory,H3,documented_reconstruction
portfolio_excess_return__equity_duration__decile_02,joint_regime_factor_interactions,10.0,101.89916474943882,2.26978254662303e-17,10.0,648.0,2.8145303578125573e-15,regime_stability,True,3,registered_boundaries_shifted_+3_months,unstable,asset,confirmatory,H3,documented_reconstruction
portfolio_excess_return__equity_duration__decile_02,joint_rate_beta_regime_interactions,5.0,51.775912325057874,5.996896561193918e-10,5.0,648.0,6.116834492417797e-08,regime_stability,True,3,registered_boundaries_shifted_+3_months,unstable,asset,confirmatory,H3,documented_reconstruction
portfolio_excess_return__equity_duration__decile_03,joint_regime_factor_interactions,10.0,169.89326286917094,2.918831766895114e-31,10.0,648.0,3.940422885308404e-29,regime_stability,True,3,registered_boundaries_shifted_+3_months,unstable,asset,confirmatory,H3,documented_reconstruction
portfolio_excess_return__equity_duration__decile_03,joint_rate_beta_regime_interactions,5.0,47.564035447364034,4.359447844040674e-09,5.0,648.0,4.2722588871598605e-07,regime_stability,True,3,registered_boundaries_shifted_+3_months,unstable,asset,confirmatory,H3,documented_reconstruction
portfolio_excess_return__equity_duration__decile_04,joint_regime_factor_interactions,10.0,317.4812035758537,3.1144802227906123e-62,10.0,648.0,4.4225619163626694e-60,regime_stability,True,3,registered_boundaries_shifted_+3_months,unstable,asset,confirmatory,H3,documented_reconstruction
portfolio_excess_return__equity_duration__decile_04,joint_rate_beta_regime_interactions,5.0,7.904817012504508,0.1615599531631072,5.0,648.0,1.0,regime_stability,False,3,registered_boundaries_shifted_+3_months,unstable,asset,confirmatory,H3,documented_reconstruction
portfolio_excess_return__equity_duration__decile_05,joint_regime_factor_interactions,10.0,32.82856089022349,0.00029105458164775536,10.0,648.0,0.016008001990626543,regime_stability,True,3,registered_boundaries_shifted_+3_months,unstable,asset,confirmatory,H3,documented_reconstruction
portfolio_excess_return__equity_duration__decile_05,joint_rate_beta_regime_interactions,5.0,9.689773705229028,0.08451800278571044,5.0,648.0,1.0,regime_stability,False,3,registered_boundaries_shifted_+3_months,unstable,asset,confirmatory,H3,documented_reconstruction
portfolio_excess_return__equity_duration__decile_06,joint_regime_factor_interactions,10.0,15.139807545226034,0.12704725378958776,10.0,648.0,1.0,regime_stability,False,3,registered_boundaries_shifted_+3_months,unstable,asset,confirmatory,H3,documented_reconstruction
portfolio_excess_return__equity_duration__decile_06,joint_rate_beta_regime_interactions,5.0,2.9277158321994974,0.7111289956095824,5.0,648.0,1.0,regime_stability,False,3,registered_boundaries_shifted_+3_months,unstable,asset,confirmatory,H3,documented_reconstruction
portfolio_excess_return__equity_duration__decile_07,joint_regime_factor_interactions,10.0,153.82745179376724,6.073994452875251e-28,10.0,648.0,8.017672677795332e-26,regime_stability,True,3,registered_boundaries_shifted_+3_months,unstable,asset,confirmatory,H3,documented_reconstruction
portfolio_excess_return__equity_duration__decile_07,joint_rate_beta_regime_interactions,5.0,63.27887833161754,2.5485628733368963e-12,5.0,648.0,2.803419160670586e-10,regime_stability,True,3,registered_boundaries_shifted_+3_months,unstable,asset,confirmatory,H3,documented_reconstruction
portfolio_excess_return__equity_duration__decile_08,joint_regime_factor_interactions,10.0,48.108835588519156,5.929050027664434e-07,10.0,648.0,5.1582735240680576e-05,regime_stability,True,3,registered_boundaries_shifted_+3_months,unstable,asset,confirmatory,H3,documented_reconstruction
portfolio_excess_return__equity_duration__decile_08,joint_rate_beta_regime_interactions,5.0,32.88460002258008,3.967298720595762e-06,5.0,648.0,0.00029754740404468215,regime_stability,True,3,registered_boundaries_shifted_+3_months,unstable,asset,confirmatory,H3,documented_reconstruction
portfolio_excess_return__equity_duration__decile_09,joint_regime_factor_interactions,10.0,143.37606645513597,8.559044062944277e-26,10.0,648.0,1.112675728182756e-23,regime_stability,True,3,registered_boundaries_shifted_+3_months,unstable,asset,confirmatory,H3,documented_reconstruction
portfolio_excess_return__equity_duration__decile_09,joint_rate_beta_regime_interactions,5.0,25.41764638001925,0.00011570155534916591,5.0,648.0,0.007289197986997452,regime_stability,True,3,registered_boundaries_shifted_+3_months,unstable,asset,confirmatory,H3,documented_reconstruction
portfolio_excess_return__equity_duration__decile_10,joint_regime_factor_interactions,10.0,16.78103811836301,0.079351648449366,10.0,648.0,1.0,regime_stability,False,3,registered_boundaries_shifted_+3_months,unstable,asset,confirmatory,H3,documented_reconstruction
portfolio_excess_return__equity_duration__decile_10,joint_rate_beta_regime_interactions,5.0,6.6676799536621,0.24655141978884004,5.0,648.0,1.0,regime_stability,False,3,registered_boundaries_shifted_+3_months,unstable,asset,confirmatory,H3,documented_reconstruction
portfolio_excess_return__inventory_growth__decile_01,joint_regime_factor_interactions,10.0,39.376347752863694,2.181051274066647e-05,10.0,648.0,0.00148311486636532,regime_stability,True,3,registered_boundaries_shifted_+3_months,unstable,asset,confirmatory,H3,documented_reconstruction
portfolio_excess_return__inventory_growth__decile_01,joint_rate_beta_regime_interactions,5.0,37.46793561159731,4.82545272130998e-07,5.0,648.0,4.246398394752783e-05,regime_stability,True,3,registered_boundaries_shifted_+3_months,unstable,asset,confirmatory,H3,documented_reconstruction
portfolio_excess_return__inventory_growth__decile_02,joint_regime_factor_interactions,10.0,45.293609000434664,1.9248808544196983e-06,10.0,648.0,0.00015591534920799557,regime_stability,True,3,registered_boundaries_shifted_+3_months,unstable,asset,confirmatory,H3,documented_reconstruction
portfolio_excess_return__inventory_growth__decile_02,joint_rate_beta_regime_interactions,5.0,22.986946582803338,0.00033951119905618145,5.0,648.0,0.017654582350921436,regime_stability,True,3,registered_boundaries_shifted_+3_months,unstable,asset,confirmatory,H3,documented_reconstruction
portfolio_excess_return__inventory_growth__decile_03,joint_regime_factor_interactions,10.0,189.4972578013555,2.487714014749351e-35,10.0,648.0,3.4081682002066106e-33,regime_stability,True,3,registered_boundaries_shifted_+3_months,unstable,asset,confirmatory,H3,documented_reconstruction
portfolio_excess_return__inventory_growth__decile_03,joint_rate_beta_regime_interactions,5.0,13.698397411890848,0.017643108116785256,5.0,648.0,0.5822225678539135,regime_stability,False,3,registered_boundaries_shifted_+3_months,unstable,asset,confirmatory,H3,documented_reconstruction
portfolio_excess_return__inventory_growth__decile_04,joint_regime_factor_interactions,10.0,198.03752849741159,4.140718323452824e-37,10.0,648.0,5.714191286364897e-35,regime_stability,True,3,registered_boundaries_shifted_+3_months,unstable,asset,confirmatory,H3,documented_reconstruction
portfolio_excess_return__inventory_growth__decile_04,joint_rate_beta_regime_interactions,5.0,10.875436484293886,0.05390641700110273,5.0,648.0,1.0,regime_stability,False,3,registered_boundaries_shifted_+3_months,unstable,asset,confirmatory,H3,documented_reconstruction
portfolio_excess_return__inventory_growth__decile_05,joint_regime_factor_interactions,10.0,31.01531544730304,0.0005833181258739313,10.0,648.0,0.02675523588087524,regime_stability,True,3,registered_boundaries_shifted_+3_months,unstable,asset,confirmatory,H3,documented_reconstruction
portfolio_excess_return__inventory_growth__decile_05,joint_rate_beta_regime_interactions,5.0,21.808867470190943,0.0005692603378909625,5.0,648.0,0.02675523588087524,regime_stability,True,3,registered_boundaries_shifted_+3_months,unstable,asset,confirmatory,H3,documented_reconstruction
portfolio_excess_return__inventory_growth__decile_06,joint_regime_factor_interactions,10.0,22.342767510473696,0.01345052781449967,10.0,648.0,0.4982408387613383,regime_stability,False,3,registered_boundaries_shifted_+3_months,unstable,asset,confirmatory,H3,documented_reconstruction
portfolio_excess_return__inventory_growth__decile_06,joint_rate_beta_regime_interactions,5.0,4.164490247594606,0.5259847884883236,5.0,648.0,1.0,regime_stability,False,3,registered_boundaries_shifted_+3_months,unstable,asset,confirmatory,H3,documented_reconstruction
portfolio_excess_return__inventory_growth__decile_07,joint_regime_factor_interactions,10.0,93.13713849658899,1.2757908187410863e-15,10.0,648.0,1.5181910743018927e-13,regime_stability,True,3,registered_boundaries_shifted_+3_months,unstable,asset,confirmatory,H3,documented_reconstruction
portfolio_excess_return__inventory_growth__decile_07,joint_rate_beta_regime_interactions,5.0,11.387595770145643,0.044214207685222086,5.0,648.0,1.0,regime_stability,False,3,registered_boundaries_shifted_+3_months,unstable,asset,confirmatory,H3,documented_reconstruction
portfolio_excess_return__inventory_growth__decile_08,joint_regime_factor_interactions,10.0,63.22766684052325,8.835450242113439e-10,10.0,648.0,8.923804744534572e-08,regime_stability,True,3,registered_boundaries_shifted_+3_months,unstable,asset,confirmatory,H3,documented_reconstruction
portfolio_excess_return__inventory_growth__decile_08,joint_rate_beta_regime_interactions,5.0,16.870712266228416,0.004751635054251415,5.0,648.0,0.19006540217005657,regime_stability,False,3,registered_boundaries_shifted_+3_months,unstable,asset,confirmatory,H3,documented_reconstruction
portfolio_excess_return__inventory_growth__decile_09,joint_regime_factor_interactions,10.0,52.354304602124586,9.810796251094049e-08,10.0,648.0,8.731608663473704e-06,regime_stability,True,3,registered_boundaries_shifted_+3_months,unstable,asset,confirmatory,H3,documented_reconstruction
portfolio_excess_return__inventory_growth__decile_09,joint_rate_beta_regime_interactions,5.0,23.321329441116596,0.00029300658282164615,5.0,648.0,0.016008001990626543,regime_stability,True,3,registered_boundaries_shifted_+3_months,unstable,asset,confirmatory,H3,documented_reconstruction
portfolio_excess_return__inventory_growth__decile_10,joint_regime_factor_interactions,10.0,80.07226539412318,4.859359984264468e-13,10.0,648.0,5.539670382061493e-11,regime_stability,True,3,registered_boundaries_shifted_+3_months,unstable,asset,confirmatory,H3,documented_reconstruction
portfolio_excess_return__inventory_growth__decile_10,joint_rate_beta_regime_interactions,5.0,30.000038670685814,1.4748322555696249e-05,5.0,648.0,0.0010471309014544337,regime_stability,True,3,registered_boundaries_shifted_+3_months,unstable,asset,confirmatory,H3,documented_reconstruction
portfolio_excess_return__investment_to_assets__decile_01,joint_regime_factor_interactions,10.0,33.11649926967699,0.0002603740347893578,10.0,648.0,0.014580945948204038,regime_stability,True,3,registered_boundaries_shifted_+3_months,unstable,asset,confirmatory,H3,documented_reconstruction
portfolio_excess_return__investment_to_assets__decile_01,joint_rate_beta_regime_interactions,5.0,11.061720891761363,0.05016988013592558,5.0,648.0,1.0,regime_stability,False,3,registered_boundaries_shifted_+3_months,unstable,asset,confirmatory,H3,documented_reconstruction
portfolio_excess_return__investment_to_assets__decile_02,joint_regime_factor_interactions,10.0,31.78619226829054,0.00043464063897371414,10.0,648.0,0.02129739130971199,regime_stability,True,3,registered_boundaries_shifted_+3_months,unstable,asset,confirmatory,H3,documented_reconstruction
portfolio_excess_return__investment_to_assets__decile_02,joint_rate_beta_regime_interactions,5.0,8.334281686717903,0.13874959918974564,5.0,648.0,1.0,regime_stability,False,3,registered_boundaries_shifted_+3_months,unstable,asset,confirmatory,H3,documented_reconstruction
portfolio_excess_return__investment_to_assets__decile_03,joint_regime_factor_interactions,10.0,147.39969070204873,1.2767521399073578e-26,10.0,648.0,1.6725453032786386e-24,regime_stability,True,3,registered_boundaries_shifted_+3_months,unstable,asset,confirmatory,H3,documented_reconstruction
portfolio_excess_return__investment_to_assets__decile_03,joint_rate_beta_regime_interactions,5.0,69.8343968194786,1.1094200080689744e-13,5.0,648.0,1.2869272093600103e-11,regime_stability,True,3,registered_boundaries_shifted_+3_months,unstable,asset,confirmatory,H3,documented_reconstruction
portfolio_excess_return__investment_to_assets__decile_04,joint_regime_factor_interactions,10.0,64.68527092218696,4.6557996644958776e-10,10.0,648.0,4.795473654430754e-08,regime_stability,True,3,registered_boundaries_shifted_+3_months,unstable,asset,confirmatory,H3,documented_reconstruction
portfolio_excess_return__investment_to_assets__decile_04,joint_rate_beta_regime_interactions,5.0,12.854168711135731,0.024784372080952976,5.0,648.0,0.7187467903476363,regime_stability,False,3,registered_boundaries_shifted_+3_months,unstable,asset,confirmatory,H3,documented_reconstruction
portfolio_excess_return__investment_to_assets__decile_05,joint_regime_factor_interactions,10.0,81.92493385509238,2.1037052444413427e-13,10.0,648.0,2.419261031107544e-11,regime_stability,True,3,registered_boundaries_shifted_+3_months,unstable,asset,confirmatory,H3,documented_reconstruction
portfolio_excess_return__investment_to_assets__decile_05,joint_rate_beta_regime_interactions,5.0,47.64857232240762,4.18970852524237e-09,5.0,648.0,4.147811439989946e-07,regime_stability,True,3,registered_boundaries_shifted_+3_months,unstable,asset,confirmatory,H3,documented_reconstruction
portfolio_excess_return__investment_to_assets__decile_06,joint_regime_factor_interactions,10.0,16.979916952463793,0.07480954932867155,10.0,648.0,1.0,regime_stability,False,3,registered_boundaries_shifted_+3_months,unstable,asset,confirmatory,H3,documented_reconstruction
portfolio_excess_return__investment_to_assets__decile_06,joint_rate_beta_regime_interactions,5.0,9.710150966073165,0.08387713210168939,5.0,648.0,1.0,regime_stability,False,3,registered_boundaries_shifted_+3_months,unstable,asset,confirmatory,H3,documented_reconstruction
portfolio_excess_return__investment_to_assets__decile_07,joint_regime_factor_interactions,10.0,104.38983801737966,7.182034138401609e-18,10.0,648.0,9.049363014386028e-16,regime_stability,True,3,registered_boundaries_shifted_+3_months,unstable,asset,confirmatory,H3,documented_reconstruction
portfolio_excess_return__investment_to_assets__decile_07,joint_rate_beta_regime_interactions,5.0,49.428584439368905,1.8137948302132006e-09,5.0,648.0,1.8137948302132006e-07,regime_stability,True,3,registered_boundaries_shifted_+3_months,unstable,asset,confirmatory,H3,documented_reconstruction
portfolio_excess_return__investment_to_assets__decile_08,joint_regime_factor_interactions,10.0,65.36307593980231,3.454054399513059e-10,10.0,648.0,3.5922165754935815e-08,regime_stability,True,3,registered_boundaries_shifted_+3_months,unstable,asset,confirmatory,H3,documented_reconstruction
portfolio_excess_return__investment_to_assets__decile_08,joint_rate_beta_regime_interactions,5.0,32.994163861714725,3.7734879637381363e-06,5.0,648.0,0.00028678508524409836,regime_stability,True,3,registered_boundaries_shifted_+3_months,unstable,asset,confirmatory,H3,documented_reconstruction
portfolio_excess_return__investment_to_assets__decile_09,joint_regime_factor_interactions,10.0,34.268938930862696,0.00016628845490654232,10.0,648.0,0.010143595749299081,regime_stability,True,3,registered_boundaries_shifted_+3_months,unstable,asset,confirmatory,H3,documented_reconstruction
portfolio_excess_return__investment_to_assets__decile_09,joint_rate_beta_regime_interactions,5.0,13.921945955850765,0.016112901785973965,5.0,648.0,0.5478386607231148,regime_stability,False,3,registered_boundaries_shifted_+3_months,unstable,asset,confirmatory,H3,documented_reconstruction
portfolio_excess_return__investment_to_assets__decile_10,joint_regime_factor_interactions,10.0,28.664536909500608,0.001411700749946317,10.0,648.0,0.05929143149774531,regime_stability,False,3,registered_boundaries_shifted_+3_months,unstable,asset,confirmatory,H3,documented_reconstruction
portfolio_excess_return__investment_to_assets__decile_10,joint_rate_beta_regime_interactions,5.0,5.575162265163407,0.3497744384113126,5.0,648.0,1.0,regime_stability,False,3,registered_boundaries_shifted_+3_months,unstable,asset,confirmatory,H3,documented_reconstruction
portfolio_excess_return__long_term_reversal__decile_01,joint_regime_factor_interactions,10.0,79.49458232913868,6.306286127432158e-13,10.0,648.0,7.126103323998337e-11,regime_stability,True,3,registered_boundaries_shifted_+3_months,unstable,asset,confirmatory,H3,documented_reconstruction
portfolio_excess_return__long_term_reversal__decile_01,joint_rate_beta_regime_interactions,5.0,26.237128134040717,8.026543984522848e-05,5.0,648.0,0.005217253589939851,regime_stability,True,3,registered_boundaries_shifted_+3_months,unstable,asset,confirmatory,H3,documented_reconstruction
portfolio_excess_return__long_term_reversal__decile_02,joint_regime_factor_interactions,10.0,103.82955133468134,9.305710438629677e-18,10.0,648.0,1.1632138048287096e-15,regime_stability,True,3,registered_boundaries_shifted_+3_months,unstable,asset,confirmatory,H3,documented_reconstruction
portfolio_excess_return__long_term_reversal__decile_02,joint_rate_beta_regime_interactions,5.0,55.46501624082203,1.0472344648232687e-10,5.0,648.0,1.0995961880644322e-08,regime_stability,True,3,registered_boundaries_shifted_+3_months,unstable,asset,confirmatory,H3,documented_reconstruction
portfolio_excess_return__long_term_reversal__decile_03,joint_regime_factor_interactions,10.0,310.45366179721276,9.566714561688705e-61,10.0,648.0,1.3489067531981074e-58,regime_stability,True,3,registered_boundaries_shifted_+3_months,unstable,asset,confirmatory,H3,documented_reconstruction
portfolio_excess_return__long_term_reversal__decile_03,joint_rate_beta_regime_interactions,5.0,29.653213120545605,1.7257162823202357e-05,5.0,648.0,0.0011907442348009626,regime_stability,True,3,registered_boundaries_shifted_+3_months,unstable,asset,confirmatory,H3,documented_reconstruction
portfolio_excess_return__long_term_reversal__decile_04,joint_regime_factor_interactions,10.0,78.01250895219486,1.2296453687704663e-12,10.0,648.0,1.3649063593352176e-10,regime_stability,True,3,registered_boundaries_shifted_+3_months,unstable,asset,confirmatory,H3,documented_reconstruction
portfolio_excess_return__long_term_reversal__decile_04,joint_rate_beta_regime_interactions,5.0,46.20941866144811,8.232760017502602e-09,5.0,648.0,7.985777216977524e-07,regime_stability,True,3,registered_boundaries_shifted_+3_months,unstable,asset,confirmatory,H3,documented_reconstruction
portfolio_excess_return__long_term_reversal__decile_05,joint_regime_factor_interactions,10.0,168.39092598639246,5.973023112213662e-31,10.0,648.0,8.003850970366307e-29,regime_stability,True,3,registered_boundaries_shifted_+3_months,unstable,asset,confirmatory,H3,documented_reconstruction
portfolio_excess_return__long_term_reversal__decile_05,joint_rate_beta_regime_interactions,5.0,22.612486811384272,0.00040027760274100987,5.0,648.0,0.020013880137050494,regime_stability,True,3,registered_boundaries_shifted_+3_months,unstable,asset,confirmatory,H3,documented_reconstruction
portfolio_excess_return__long_term_reversal__decile_06,joint_regime_factor_interactions,10.0,52.628083564179974,8.728594327903296e-08,10.0,648.0,7.855734895112966e-06,regime_stability,True,3,registered_boundaries_shifted_+3_months,unstable,asset,confirmatory,H3,documented_reconstruction
portfolio_excess_return__long_term_reversal__decile_06,joint_rate_beta_regime_interactions,5.0,32.62541366420621,4.4660766007531336e-06,5.0,648.0,0.0003304896684557319,regime_stability,True,3,registered_boundaries_shifted_+3_months,unstable,asset,confirmatory,H3,documented_reconstruction
portfolio_excess_return__long_term_reversal__decile_07,joint_regime_factor_interactions,10.0,32.51453733188089,0.0003285510905789569,10.0,648.0,0.017413207800684716,regime_stability,True,3,registered_boundaries_shifted_+3_months,unstable,asset,confirmatory,H3,documented_reconstruction
portfolio_excess_return__long_term_reversal__decile_07,joint_rate_beta_regime_interactions,5.0,10.217933633894818,0.06929050967398667,5.0,648.0,1.0,regime_stability,False,3,registered_boundaries_shifted_+3_months,unstable,asset,confirmatory,H3,documented_reconstruction
portfolio_excess_return__long_term_reversal__decile_08,joint_regime_factor_interactions,10.0,46.4617803337787,1.182734568674344e-06,10.0,648.0,9.93497037686449e-05,regime_stability,True,3,registered_boundaries_shifted_+3_months,unstable,asset,confirmatory,H3,documented_reconstruction
portfolio_excess_return__long_term_reversal__decile_08,joint_rate_beta_regime_interactions,5.0,14.33165044635378,0.013634463986942638,5.0,648.0,0.4982408387613383,regime_stability,False,3,registered_boundaries_shifted_+3_months,unstable,asset,confirmatory,H3,documented_reconstruction
portfolio_excess_return__long_term_reversal__decile_09,joint_regime_factor_interactions,10.0,164.16120043445179,4.4773289430113406e-30,10.0,648.0,5.954847494205083e-28,regime_stability,True,3,registered_boundaries_shifted_+3_months,unstable,asset,confirmatory,H3,documented_reconstruction
portfolio_excess_return__long_term_reversal__decile_09,joint_rate_beta_regime_interactions,5.0,98.68110737849409,1.0022462271908299e-19,5.0,648.0,1.2828751708042623e-17,regime_stability,True,3,registered_boundaries_shifted_+3_months,unstable,asset,confirmatory,H3,documented_reconstruction
portfolio_excess_return__long_term_reversal__decile_10,joint_regime_factor_interactions,10.0,173.41903509650427,5.430682929573987e-32,10.0,648.0,7.385728784220623e-30,regime_stability,True,3,registered_boundaries_shifted_+3_months,unstable,asset,confirmatory,H3,documented_reconstruction
portfolio_excess_return__long_term_reversal__decile_10,joint_rate_beta_regime_interactions,5.0,25.901677373115415,9.324050066922703e-05,5.0,648.0,0.00596739204283053,regime_stability,True,3,registered_boundaries_shifted_+3_months,unstable,asset,confirmatory,H3,documented_reconstruction
portfolio_excess_return__ppe_investment__decile_01,joint_regime_factor_interactions,10.0,57.50819693721962,1.0697911658030882e-08,10.0,648.0,1.0269995191709646e-06,regime_stability,True,3,registered_boundaries_shifted_+3_months,unstable,asset,confirmatory,H3,documented_reconstruction
portfolio_excess_return__ppe_investment__decile_01,joint_rate_beta_regime_interactions,5.0,12.845289452101007,0.024872522315750968,5.0,648.0,0.7187467903476363,regime_stability,False,3,registered_boundaries_shifted_+3_months,unstable,asset,confirmatory,H3,documented_reconstruction
portfolio_excess_return__ppe_investment__decile_02,joint_regime_factor_interactions,10.0,54.684572254301166,3.6167090572185405e-08,10.0,648.0,3.3635394232132427e-06,regime_stability,True,3,registered_boundaries_shifted_+3_months,unstable,asset,confirmatory,H3,documented_reconstruction
portfolio_excess_return__ppe_investment__decile_02,joint_rate_beta_regime_interactions,5.0,8.190310132010246,0.14605445514422677,5.0,648.0,1.0,regime_stability,False,3,registered_boundaries_shifted_+3_months,unstable,asset,confirmatory,H3,documented_reconstruction
portfolio_excess_return__ppe_investment__decile_03,joint_regime_factor_interactions,10.0,20.39113315017425,0.02576288282354062,10.0,648.0,0.7187467903476363,regime_stability,False,3,registered_boundaries_shifted_+3_months,unstable,asset,confirmatory,H3,documented_reconstruction
portfolio_excess_return__ppe_investment__decile_03,joint_rate_beta_regime_interactions,5.0,7.253509082753548,0.20245887668117218,5.0,648.0,1.0,regime_stability,False,3,registered_boundaries_shifted_+3_months,unstable,asset,confirmatory,H3,documented_reconstruction
portfolio_excess_return__ppe_investment__decile_04,joint_regime_factor_interactions,10.0,73.68741227603515,8.563011933949556e-12,10.0,648.0,9.248052888665521e-10,regime_stability,True,3,registered_boundaries_shifted_+3_months,unstable,asset,confirmatory,H3,documented_reconstruction
portfolio_excess_return__ppe_investment__decile_04,joint_rate_beta_regime_interactions,5.0,0.7502492279433365,0.980097494977941,5.0,648.0,1.0,regime_stability,False,3,registered_boundaries_shifted_+3_months,unstable,asset,confirmatory,H3,documented_reconstruction
portfolio_excess_return__ppe_investment__decile_05,joint_regime_factor_interactions,10.0,45.02510957902509,2.1521608365237706e-06,10.0,648.0,0.00017002070608537789,regime_stability,True,3,registered_boundaries_shifted_+3_months,unstable,asset,confirmatory,H3,documented_reconstruction
portfolio_excess_return__ppe_investment__decile_05,joint_rate_beta_regime_interactions,5.0,13.369209204467838,0.020153928771433613,5.0,648.0,0.6046178631430084,regime_stability,False,3,registered_boundaries_shifted_+3_months,unstable,asset,confirmatory,H3,documented_reconstruction
portfolio_excess_return__ppe_investment__decile_06,joint_regime_factor_interactions,10.0,34.2145969965992,0.0001698570791198742,10.0,648.0,0.010191424747192453,regime_stability,True,3,registered_boundaries_shifted_+3_months,unstable,asset,confirmatory,H3,documented_reconstruction
portfolio_excess_return__ppe_investment__decile_06,joint_rate_beta_regime_interactions,5.0,14.381385739250108,0.013359955637938035,5.0,648.0,0.4982408387613383,regime_stability,False,3,registered_boundaries_shifted_+3_months,unstable,asset,confirmatory,H3,documented_reconstruction
portfolio_excess_return__ppe_investment__decile_07,joint_regime_factor_interactions,10.0,20.277069634006235,0.02673834590535418,10.0,648.0,0.7187467903476363,regime_stability,False,3,registered_boundaries_shifted_+3_months,unstable,asset,confirmatory,H3,documented_reconstruction
portfolio_excess_return__ppe_investment__decile_07,joint_rate_beta_regime_interactions,5.0,4.560597438065813,0.47181687557413954,5.0,648.0,1.0,regime_stability,False,3,registered_boundaries_shifted_+3_months,unstable,asset,confirmatory,H3,documented_reconstruction
portfolio_excess_return__ppe_investment__decile_08,joint_regime_factor_interactions,10.0,72.62356517267622,1.377533778573941e-11,10.0,648.0,1.473961143074117e-09,regime_stability,True,3,registered_boundaries_shifted_+3_months,unstable,asset,confirmatory,H3,documented_reconstruction
portfolio_excess_return__ppe_investment__decile_08,joint_rate_beta_regime_interactions,5.0,23.811954760066588,0.00023594139191397264,5.0,648.0,0.01344865933909644,regime_stability,True,3,registered_boundaries_shifted_+3_months,unstable,asset,confirmatory,H3,documented_reconstruction
portfolio_excess_return__ppe_investment__decile_09,joint_regime_factor_interactions,10.0,95.8004717503515,3.7613445931174045e-16,10.0,648.0,4.5888404036032337e-14,regime_stability,True,3,registered_boundaries_shifted_+3_months,unstable,asset,confirmatory,H3,documented_reconstruction
portfolio_excess_return__ppe_investment__decile_09,joint_rate_beta_regime_interactions,5.0,2.610714245658258,0.7597367041645325,5.0,648.0,1.0,regime_stability,False,3,registered_boundaries_shifted_+3_months,unstable,asset,confirmatory,H3,documented_reconstruction
portfolio_excess_return__ppe_investment__decile_10,joint_regime_factor_interactions,10.0,57.047034266569604,1.306091118759562e-08,10.0,648.0,1.2407865628215838e-06,regime_stability,True,3,registered_boundaries_shifted_+3_months,unstable,asset,confirmatory,H3,documented_reconstruction
portfolio_excess_return__ppe_investment__decile_10,joint_rate_beta_regime_interactions,5.0,28.91113211072898,2.413718193755775e-05,5.0,648.0,0.0016171911898163695,regime_stability,True,3,registered_boundaries_shifted_+3_months,unstable,asset,confirmatory,H3,documented_reconstruction
equal_weighted_test_assets,joint_regime_factor_interactions,10.0,95.38667007642017,4.548235343215851e-16,10.0,648.0,5.457882411859021e-14,regime_stability,True,3,registered_boundaries_shifted_+3_months,unstable,equal_weighted_aggregate,confirmatory,H3,documented_reconstruction
equal_weighted_test_assets,joint_rate_beta_regime_interactions,5.0,20.131980321075364,0.00118042464706852,5.0,648.0,0.05116597858682716,regime_stability,False,3,registered_boundaries_shifted_+3_months,unstable,equal_weighted_aggregate,confirmatory,H3,documented_reconstruction
