system,cross_section,n_test_assets,window_months,estimand,replications_requested,replications_used,true_value,mean_estimate,bias,attenuation_ratio,standard_deviation,standard_deviation_mcse,standard_deviation_relative_to_true_value,root_mean_squared_error,sign_error_probability,sign_error_probability_mcse,oracle_mean_shanken_standard_error,oracle_coverage_95,oracle_coverage_95_mcse,oracle_detection_probability,feasible_shanken_full_rank,feasible_mean_shanken_standard_error,feasible_coverage_95,feasible_coverage_95_mcse,feasible_detection_probability,economic_bound,standard_deviation_below_economic_bound
family_10_decile,book_to_market,10,12,fitted_premium_spread,2000,2000,0.2948091835679978,0.10492036925630029,-0.18988881431169752,0.3558924725019646,0.821853477956974,0.012997894346247462,2.787747206550007,0.8433049148801766,0.453,0.011130835548151809,,,,,,,,,,0.25,False
family_10_decile,book_to_market,10,15,fitted_premium_spread,2000,2000,0.2948091835679978,0.10073432570008893,-0.19407485786790885,0.3416933098247753,0.7033293129723998,0.01112339406698071,2.3857103244213445,0.7294448826891815,0.446,0.011114944894150398,,,,,,,,,,0.25,False
family_10_decile,book_to_market,10,18,fitted_premium_spread,2000,2000,0.2948091835679978,0.08776055531459412,-0.20704862825340367,0.2976859616530641,0.6324599833530533,0.01000257133703191,2.1453198156806277,0.6653380811206353,0.4555,0.01113597211742199,,,,,,,,,,0.25,False
family_10_decile,book_to_market,10,24,fitted_premium_spread,2000,2000,0.2948091835679978,0.10331605271165173,-0.19149313085634606,0.35045059133248424,0.5429676326605251,0.00858721914798915,1.8417595615208828,0.575617983003556,0.424,0.011050429855892486,,,,,,,,,,0.25,False
family_10_decile,book_to_market,10,30,fitted_premium_spread,2000,2000,0.2948091835679978,0.10102573551677306,-0.19378344805122472,0.34268177908871505,0.4975157354592171,0.007868381820528172,1.6875856085550505,0.5338072412534628,0.4105,0.010999767042987774,,,,,,,,,,0.25,False
family_10_decile,book_to_market,10,36,fitted_premium_spread,2000,2000,0.2948091835679978,0.10127811747159879,-0.193531066096399,0.34353786488553867,0.44126656190153674,0.006978781868011159,1.496787028684127,0.48173965386657275,0.414,0.01101371871803525,,,,,,,,,,0.25,False
family_10_decile,book_to_market,10,48,fitted_premium_spread,2000,2000,0.2948091835679978,0.09858990803584641,-0.19621927553215138,0.33441939237658325,0.3961114639220976,0.006264638521936607,1.3436198259771457,0.4419590974229904,0.404,0.010972328832112169,,,,,,,,,,0.25,False
family_10_decile,book_to_market,10,51,fitted_premium_spread,2000,2000,0.2948091835679978,0.09755964603360058,-0.19724953753439722,0.3309247183308943,0.37580398358649336,0.005943468762459723,1.2747363533192448,0.4243411361392756,0.398,0.010945227270367666,,,,,,,,,,0.25,False
family_10_decile,book_to_market,10,60,fitted_premium_spread,2000,2000,0.2948091835679978,0.1053582553013385,-0.1894509282666593,0.35737779273432163,0.3429496256265833,0.005423865834407064,1.1632935632328494,0.3917234901249271,0.37,0.010795832529267949,,,,,,,,,,0.25,False
family_10_decile,book_to_market,10,72,fitted_premium_spread,2000,2000,0.2948091835679978,0.12913206007120226,-0.16567712349679553,0.43801912310990787,0.33861335983445856,0.005355286305166166,1.1485848430374874,0.3768959899028162,0.364,0.010758810343155975,,,,,,,,,,0.25,False
family_10_decile,book_to_market,10,84,fitted_premium_spread,2000,2000,0.2948091835679978,0.12127231393951704,-0.17353686962848075,0.41135867096062007,0.3002295777588688,0.004748233640172733,1.0183861103825513,0.34670993003091266,0.3565,0.010709989495793168,,,,,,,,,,0.25,False
family_10_decile,book_to_market,10,120,fitted_premium_spread,2000,2000,0.2948091835679978,0.11909669440585986,-0.17571248916213794,0.40397891600412167,0.26880036568479354,0.004251169882603501,0.9117774501851456,0.32108003460436,0.3355,0.010557929484515418,,,,,,,,,,0.25,False
family_10_decile,book_to_market,10,180,fitted_premium_spread,2000,2000,0.2948091835679978,0.13159020086723688,-0.1632189827007609,0.4463571971355688,0.22009089490938039,0.003480812912922837,0.7465537275524403,0.27396389969277374,0.2605,0.009814268948831594,,,,,,,,,,0.25,True
family_10_decile,book_to_market,10,240,fitted_premium_spread,2000,2000,0.2948091835679978,0.1424161005078131,-0.1523930830601847,0.48307891492452365,0.2063355774527503,0.0032632678543500836,0.69989535249725,0.2564697547510951,0.2275,0.009373999946660976,,,,,,,,,,0.25,True
family_10_decile,book_to_market,10,444,fitted_premium_spread,2000,2000,0.2948091835679978,0.1721829520958129,-0.12262623147218488,0.5840488074758325,0.1742115163762834,0.002755214821731322,0.5909297473974432,0.2130062681166328,0.134,0.007617217339685143,,,,,,,,,,0.25,True
family_10_decile,book_to_market,10,648,fitted_premium_spread,2000,2000,0.2948091835679978,0.18520967898465313,-0.10959950458334466,0.6282357854090881,0.15495166561451046,0.002450613682914794,0.5255998600151166,0.18976318155081429,0.0895,0.006383171233799075,,,,,,,,,,0.25,True
family_10_decile,earnings_to_price,10,12,fitted_premium_spread,2000,2000,0.17714511422686677,0.08300121260848929,-0.09414390161837748,0.46854926239845957,0.7115440140483041,0.011253312379106171,4.016729544891889,0.7175686801261186,0.46,0.011144505372604026,,,,,,,,,,0.25,False
family_10_decile,earnings_to_price,10,15,fitted_premium_spread,2000,2000,0.17714511422686677,0.0882564115590238,-0.08888870266784296,0.4982153300936954,0.6019056127667446,0.009519343497339391,3.3978109720592924,0.608284820588795,0.437,0.01109123527836282,,,,,,,,,,0.25,False
family_10_decile,earnings_to_price,10,18,fitted_premium_spread,2000,2000,0.17714511422686677,0.08910199822471024,-0.08804311600215653,0.5029887423855157,0.5537795186706713,0.008758212829725337,3.1261348702028284,0.5605979037570868,0.433,0.011079508111825181,,,,,,,,,,0.25,False
family_10_decile,earnings_to_price,10,24,fitted_premium_spread,2000,2000,0.17714511422686677,0.08733837402080225,-0.08980674020606452,0.49303292615199906,0.46728454793793206,0.007390265231741492,2.6378630309808524,0.47572147513395513,0.4335,0.011081014168387296,,,,,,,,,,0.25,False
family_10_decile,earnings_to_price,10,30,fitted_premium_spread,2000,2000,0.17714511422686677,0.07651482389337551,-0.10063029033349126,0.4319330184595679,0.42030561530738736,0.006647277315757683,2.3726627581108954,0.4320820954244631,0.427,0.01106053796160024,,,,,,,,,,0.25,False
family_10_decile,earnings_to_price,10,36,fitted_premium_spread,2000,2000,0.17714511422686677,0.07597868831076252,-0.10116642591610425,0.4289064851851228,0.3684191550830439,0.005826675169407583,2.079759053423374,0.38196786936577076,0.4245,0.011052143457266558,,,,,,,,,,0.25,False
family_10_decile,earnings_to_price,10,48,fitted_premium_spread,2000,2000,0.17714511422686677,0.0804891775801334,-0.09665593664673337,0.4543686001808227,0.33811628623363227,0.005347424915856346,1.9086966508182237,0.35157905482831686,0.4255,0.011055535943589528,,,,,,,,,,0.25,False
family_10_decile,earnings_to_price,10,51,fitted_premium_spread,2000,2000,0.17714511422686677,0.08568233260509416,-0.09146278162177261,0.4836844243717737,0.3274833752736018,0.005179261785860115,1.8486729182618005,0.33993702184675684,0.413,0.011009791097019052,,,,,,,,,,0.25,False
family_10_decile,earnings_to_price,10,60,fitted_premium_spread,2000,2000,0.17714511422686677,0.08288588503611492,-0.09425922919075184,0.4678982279464076,0.29821184697212993,0.004716322536443637,1.6834325252132838,0.3126829749272039,0.411,0.011001795308039502,,,,,,,,,,0.25,False
family_10_decile,earnings_to_price,10,72,fitted_premium_spread,2000,2000,0.17714511422686677,0.1003591095691964,-0.07678600465767037,0.5665361418925061,0.2696190007860872,0.004264116877220102,1.5220233533553214,0.28027513070799454,0.3755,0.010828198141888613,,,,,,,,,,0.25,False
family_10_decile,earnings_to_price,10,84,fitted_premium_spread,2000,2000,0.17714511422686677,0.08904319964891051,-0.08810191457795626,0.5026568191707189,0.2445172784872936,0.0038671245384401674,1.3803218878176027,0.25984755623517947,0.3695,0.010792815897623754,,,,,,,,,,0.25,True
family_10_decile,earnings_to_price,10,120,fitted_premium_spread,2000,2000,0.17714511422686677,0.08746721620675003,-0.08967789802011673,0.49376025180537714,0.22133988683402742,0.003500566148154298,1.2494834407375253,0.2387655235251829,0.357,0.010713332814768708,,,,,,,,,,0.25,True
family_10_decile,earnings_to_price,10,180,fitted_premium_spread,2000,2000,0.17714511422686677,0.1006710863987146,-0.07647402782815217,0.5682972789742698,0.19288643171741193,0.003050565006453436,1.0888611439228604,0.20744842704914992,0.31,0.010341663309158734,,,,,,,,,,0.25,True
family_10_decile,earnings_to_price,10,240,fitted_premium_spread,2000,2000,0.17714511422686677,0.09415471203991888,-0.08299040218694789,0.5315117633971915,0.17113268411069293,0.0027065220345480843,0.9660592947064077,0.1901556184505105,0.318,0.010413356807485279,,,,,,,,,,0.25,True
family_10_decile,earnings_to_price,10,444,fitted_premium_spread,2000,2000,0.17714511422686677,0.11371037478477153,-0.06343473944209524,0.6419052271413174,0.1450959092612437,0.002294741519301677,0.8190793739612925,0.15832328521411942,0.216,0.00920173896608679,,,,,,,,,,0.25,True
family_10_decile,earnings_to_price,10,648,fitted_premium_spread,2000,2000,0.17714511422686677,0.1174833710986079,-0.059661743128258865,0.6632041284985649,0.1295271533998208,0.0020485163110171784,0.7311923558554234,0.1425777627094391,0.177,0.00853437168161781,,,,,,,,,,0.25,True
family_10_decile,equity_duration,10,12,fitted_premium_spread,2000,2000,-0.2625219293495867,-0.08239728475682034,0.18012464459276634,0.3138681974529305,0.7043437776791376,0.011139438173904675,2.6829902531350056,0.7268404189823314,0.456,0.011136965475388708,,,,,,,,,,0.25,False
family_10_decile,equity_duration,10,15,fitted_premium_spread,2000,2000,-0.2625219293495867,-0.10663283492568044,0.15588909442390625,0.4061863905612361,0.6035114574446834,0.009544740481132925,2.2988992155433188,0.6231736322949472,0.4435,0.011108729675349921,,,,,,,,,,0.25,False
family_10_decile,equity_duration,10,18,fitted_premium_spread,2000,2000,-0.2625219293495867,-0.10633331564331791,0.15618861370626877,0.40504546003743336,0.5460792892740444,0.008636431063481517,2.0801282796716736,0.5678453767800213,0.4325,0.011077990566885314,,,,,,,,,,0.25,False
family_10_decile,equity_duration,10,24,fitted_premium_spread,2000,2000,-0.2625219293495867,-0.09978365382370175,0.16273827552588493,0.38009645164090305,0.46134549279660025,0.0072963370397778025,1.7573598287183494,0.4890981396540115,0.4185,0.011030814793114786,,,,,,,,,,0.25,False
family_10_decile,equity_duration,10,30,fitted_premium_spread,2000,2000,-0.2625219293495867,-0.09098152768416844,0.17154040166541823,0.34656734357232727,0.401959736193796,0.006357130951712032,1.5311472728761157,0.4369404457243099,0.4065,0.01098311772676593,,,,,,,,,,0.25,False
family_10_decile,equity_duration,10,36,fitted_premium_spread,2000,2000,-0.2625219293495867,-0.09557002549008095,0.16695190385950573,0.3640458750507481,0.371318868365336,0.0058725351284982675,1.414429907952071,0.4070401716728035,0.4205,0.011038110119037587,,,,,,,,,,0.25,False
family_10_decile,equity_duration,10,48,fitted_premium_spread,2000,2000,-0.2625219293495867,-0.11249512912137395,0.15002680022821274,0.4285170743643671,0.3299583421198601,0.005218404234533691,1.2568791602947267,0.3623894480630409,0.357,0.010713332814768708,,,,,,,,,,0.25,False
family_10_decile,equity_duration,10,51,fitted_premium_spread,2000,2000,-0.2625219293495867,-0.1047990000751993,0.15772292927438739,0.39920093660306744,0.32087167163060365,0.005074695427372443,1.222266164299424,0.3574684220446385,0.3895,0.010903892653543504,,,,,,,,,,0.25,False
family_10_decile,equity_duration,10,60,fitted_premium_spread,2000,2000,-0.2625219293495867,-0.11098988388570925,0.15153204546387744,0.42278328580280183,0.29145016575029936,0.004609384231159784,1.1101935997209227,0.3284245549875734,0.3455,0.010633196838204398,,,,,,,,,,0.25,False
family_10_decile,equity_duration,10,72,fitted_premium_spread,2000,2000,-0.2625219293495867,-0.12239411619612309,0.1401278131534636,0.4662243512355772,0.27831779631079223,0.004401691308919041,1.060169704680827,0.31154111986156174,0.353,0.010686229456641851,,,,,,,,,,0.25,False
family_10_decile,equity_duration,10,84,fitted_premium_spread,2000,2000,-0.2625219293495867,-0.11956713675453506,0.14295479259505162,0.45545580535222174,0.2558676202067658,0.0040466340817108815,0.974652368435249,0.29303852592557317,0.328,0.01049799980948752,,,,,,,,,,0.25,False
family_10_decile,equity_duration,10,120,fitted_premium_spread,2000,2000,-0.2625219293495867,-0.12116270906892503,0.14135922028066167,0.46153366832672865,0.2192745969732138,0.0034679028813735047,0.8352620198871742,0.26084427799298776,0.2865,0.010109840503192916,,,,,,,,,,0.25,True
family_10_decile,equity_duration,10,180,fitted_premium_spread,2000,2000,-0.2625219293495867,-0.14557499043191444,0.11694693891767224,0.5545250668871166,0.20599693518592285,0.0032579121108709187,0.7846846764241456,0.23683349944539953,0.227,0.009366723012879158,,,,,,,,,,0.25,True
family_10_decile,equity_duration,10,240,fitted_premium_spread,2000,2000,-0.2625219293495867,-0.1393921633942013,0.12312976595538538,0.5309734075913333,0.18234281058053453,0.00288381402560382,0.694581252820667,0.2199845798785712,0.206,0.009043340090917736,,,,,,,,,,0.25,True
family_10_decile,equity_duration,10,444,fitted_premium_spread,2000,2000,-0.2625219293495867,-0.17220562148384955,0.09031630786573713,0.6559666154766536,0.1546791235550948,0.002446303336863817,0.589204581645127,0.17908295260755283,0.1105,0.0070103405766053905,,,,,,,,,,0.25,True
family_10_decile,equity_duration,10,648,fitted_premium_spread,2000,2000,-0.2625219293495867,-0.18862803581005597,0.07389389353953071,0.7185229678807895,0.13967025524226714,0.0022089329419951002,0.5320327166126971,0.15798206800701092,0.066,0.005551756478809206,,,,,,,,,,0.25,True
family_10_decile,inventory_growth,10,12,fitted_premium_spread,2000,2000,-0.13239624728089103,-0.04107626950258018,0.09131997777831086,0.31025252109625906,0.39818149251610185,0.006297376733406446,3.0074983293999455,0.40842204283472566,0.48,0.011171392035015153,,,,,,,,,,0.25,False
family_10_decile,inventory_growth,10,15,fitted_premium_spread,2000,2000,-0.13239624728089103,-0.029414831664321767,0.10298141561656926,0.22217269951704482,0.3152266216838005,0.004985417028295475,2.38093320738176,0.3315468459645866,0.471,0.011161518713866855,,,,,,,,,,0.25,False
family_10_decile,inventory_growth,10,18,fitted_premium_spread,2000,2000,-0.13239624728089103,-0.030403143274169212,0.10199310400672182,0.22963750029610808,0.30930006372118396,0.004891686483495086,2.3361694162295623,0.3256091052445331,0.463,0.011149686094236015,,,,,,,,,,0.25,False
family_10_decile,inventory_growth,10,24,fitted_premium_spread,2000,2000,-0.13239624728089103,-0.04016138976575502,0.092234857515136,0.30334235743516863,0.2537622352971766,0.004013336697995902,1.9166875233162484,0.26994507472414747,0.448,0.011119712226492195,,,,,,,,,,0.25,False
family_10_decile,inventory_growth,10,30,fitted_premium_spread,2000,2000,-0.13239624728089103,-0.030384335979086123,0.1020119113018049,0.22949544721326512,0.2418898079685627,0.003825570191933974,1.8270140803566042,0.26246495748369136,0.4775,0.011169014056755413,,,,,,,,,,0.25,True
family_10_decile,inventory_growth,10,36,fitted_premium_spread,2000,2000,-0.13239624728089103,-0.04449673363296663,0.0878995136479244,0.3360875745863298,0.22101418416055815,0.003495415048777597,1.669338736555394,0.23780069483687108,0.43,0.011070230349906908,,,,,,,,,,0.25,True
family_10_decile,inventory_growth,10,48,fitted_premium_spread,2000,2000,-0.13239624728089103,-0.04303070894817691,0.08936553833271411,0.32501456674133095,0.20078885334819113,0.0031755445121576706,1.5165751104878282,0.2197321209758891,0.436,0.011088372288122365,,,,,,,,,,0.25,True
family_10_decile,inventory_growth,10,51,fitted_premium_spread,2000,2000,-0.13239624728089103,-0.04929992079388792,0.0830963264870031,0.3723664515150004,0.20049170919724432,0.003170845075599693,1.5143307557039922,0.21698347049888056,0.4085,0.010991536516793273,,,,,,,,,,0.25,True
family_10_decile,inventory_growth,10,60,fitted_premium_spread,2000,2000,-0.13239624728089103,-0.04175923381482234,0.09063701346606869,0.3154110080342853,0.1761413807603313,0.002785736288196119,1.3304106753617486,0.19805388492326084,0.4275,0.011062182198824967,,,,,,,,,,0.25,True
family_10_decile,inventory_growth,10,72,fitted_premium_spread,2000,2000,-0.13239624728089103,-0.05247588122563125,0.07992036605525978,0.3963547479884287,0.17196424591167225,0.002719673469349301,1.29886042424476,0.1895895063853504,0.3865,0.010888474411045838,,,,,,,,,,0.25,True
family_10_decile,inventory_growth,10,84,fitted_premium_spread,2000,2000,-0.13239624728089103,-0.05236701140817589,0.08002923587271514,0.3955324450932085,0.15613466656413105,0.002469323248265668,1.1792982789978688,0.17541528918658003,0.3825,0.010867238609692896,,,,,,,,,,0.25,True
family_10_decile,inventory_growth,10,120,fitted_premium_spread,2000,2000,-0.13239624728089103,-0.05985976144302349,0.07253648583786754,0.4521258167992134,0.1422730393579379,0.002250096864578574,1.0746002419244733,0.1596653960537111,0.3435,0.010618562755853544,,,,,,,,,,0.25,True
family_10_decile,inventory_growth,10,180,fitted_premium_spread,2000,2000,-0.13239624728089103,-0.07124351695028702,0.061152730330604005,0.5381082803588627,0.12917240490721124,0.0020429058420587797,0.9756500471887235,0.1428874517279434,0.2905,0.010151594702311553,,,,,,,,,,0.25,True
family_10_decile,inventory_growth,10,240,fitted_premium_spread,2000,2000,-0.13239624728089103,-0.0749583116036279,0.05743793567726313,0.5661664370637094,0.12275942663579989,0.001941482393412196,0.9272122825003815,0.1355044587620709,0.264,0.009856571412007322,,,,,,,,,,0.25,True
family_10_decile,inventory_growth,10,444,fitted_premium_spread,2000,2000,-0.13239624728089103,-0.08948280876796526,0.04291343851292577,0.6758711867272121,0.10659047774800139,0.0016857649267709184,0.8050868505499231,0.11487999123684056,0.1915,0.00879851549978745,,,,,,,,,,0.25,True
family_10_decile,inventory_growth,10,648,fitted_premium_spread,2000,2000,-0.13239624728089103,-0.10326869883921365,0.02912754844167738,0.7799971748452919,0.09610289842318309,0.0015199002663806708,0.7258732811307846,0.1003970282429527,0.134,0.007617217339685143,,,,,,,,,,0.25,True
family_10_decile,investment_to_assets,10,12,fitted_premium_spread,2000,2000,-0.25927928864000593,-0.06311515007783168,0.19616413856217424,0.24342534418729975,0.5181572028841124,0.008194833700256475,1.998451961211384,0.5539250966647717,0.4625,0.011148850837642416,,,,,,,,,,0.25,False
family_10_decile,investment_to_assets,10,15,fitted_premium_spread,2000,2000,-0.25927928864000593,-0.0761111954383389,0.18316809320166705,0.2935490753525432,0.42512524153342995,0.00672350135587519,1.639642116280608,0.4628084437653415,0.445,0.011112492969626572,,,,,,,,,,0.25,False
family_10_decile,investment_to_assets,10,18,fitted_premium_spread,2000,2000,-0.25927928864000593,-0.07706804355568556,0.18221124508432038,0.2972394901263788,0.4113461906754645,0.006505580945428522,1.5864984543620626,0.4498022049457987,0.4385,0.011095443884766396,,,,,,,,,,0.25,False
family_10_decile,investment_to_assets,10,24,fitted_premium_spread,2000,2000,-0.25927928864000593,-0.08265275994246692,0.17662652869753903,0.31877887499616453,0.3536360240858191,0.005592874887529694,1.3639192931326727,0.39521239726532237,0.424,0.011050429855892486,,,,,,,,,,0.25,False
family_10_decile,investment_to_assets,10,30,fitted_premium_spread,2000,2000,-0.25927928864000593,-0.06810562346250018,0.19117366517750575,0.2626728259697628,0.31609682677869,0.004999179620030266,1.2191364317478204,0.36934349263931593,0.4185,0.011030814793114786,,,,,,,,,,0.25,False
family_10_decile,investment_to_assets,10,36,fitted_premium_spread,2000,2000,-0.25927928864000593,-0.09907233659908482,0.1602069520409211,0.38210663535351236,0.30123761796471904,0.004764176141413929,1.161826768134071,0.3411231418535856,0.377,0.01083676612278774,,,,,,,,,,0.25,False
family_10_decile,investment_to_assets,10,48,fitted_premium_spread,2000,2000,-0.25927928864000593,-0.0684333911021036,0.19084589753790232,0.2639369749163395,0.25191538055852225,0.003984128057514669,0.971598548730562,0.31599333045099487,0.3995,0.010952163028370241,,,,,,,,,,0.25,False
family_10_decile,investment_to_assets,10,51,fitted_premium_spread,2000,2000,-0.25927928864000593,-0.07916907397196425,0.18011021466804167,0.30534283855539984,0.24753429252407366,0.003914839649153936,0.9547013717233716,0.3060756095969982,0.3875,0.01089366214824014,,,,,,,,,,0.25,True
family_10_decile,investment_to_assets,10,60,fitted_premium_spread,2000,2000,-0.25927928864000593,-0.08424237714863321,0.17503691149137274,0.3249097819980477,0.23008391451367602,0.0036388559418816004,0.8873979704300023,0.28905027036575537,0.359,0.01072657913782395,,,,,,,,,,0.25,True
family_10_decile,investment_to_assets,10,72,fitted_premium_spread,2000,2000,-0.25927928864000593,-0.09268631860827321,0.16659297003173273,0.35747675448524824,0.22228138821320567,0.0035154563150534223,0.857304836723115,0.2777364374766312,0.348,0.010651197115817544,,,,,,,,,,0.25,True
family_10_decile,investment_to_assets,10,84,fitted_premium_spread,2000,2000,-0.25927928864000593,-0.09453437501715045,0.16474491362285548,0.364604421406007,0.2049088884232241,0.003240704278520448,0.7903017996463576,0.26288313999411606,0.3215,0.010443604502277937,,,,,,,,,,0.25,True
family_10_decile,investment_to_assets,10,120,fitted_premium_spread,2000,2000,-0.25927928864000593,-0.10000803338226563,0.1592712552577403,0.3857154727122108,0.18974725500955464,0.003000917851239881,0.7318257312600374,0.247696087019245,0.29,0.010146427942877236,,,,,,,,,,0.25,True
family_10_decile,investment_to_assets,10,180,fitted_premium_spread,2000,2000,-0.25927928864000593,-0.11003127330026492,0.14924801533974102,0.4243735543915229,0.16487121251664452,0.0026074947159148575,0.6358826938373721,0.22235983347088964,0.2405,0.009556666521334727,,,,,,,,,,0.25,True
family_10_decile,investment_to_assets,10,240,fitted_premium_spread,2000,2000,-0.25927928864000593,-0.12949110284338183,0.1297881857966241,0.4994270985646394,0.16316402428457988,0.0025804949490893956,0.6292983336248024,0.20845661597490164,0.2115,0.00913147715323211,,,,,,,,,,0.25,True
family_10_decile,investment_to_assets,10,444,fitted_premium_spread,2000,2000,-0.25927928864000593,-0.15800766565504046,0.10127162298496548,0.6094110581829959,0.1338889433098256,0.0021174995129277004,0.5163888871035994,0.1678488237613251,0.0845,0.006219314672855845,,,,,,,,,,0.25,True
family_10_decile,investment_to_assets,10,648,fitted_premium_spread,2000,2000,-0.25927928864000593,-0.1768845894167642,0.08239469922324175,0.6822164251706123,0.12295096247072199,0.0019445115982675753,0.4742027915751966,0.1479806310399409,0.041,0.004433903472111228,,,,,,,,,,0.25,True
family_10_decile,long_term_reversal,10,12,fitted_premium_spread,2000,2000,-0.10889477268833199,-0.009856845580203466,0.09903792710812852,0.09051716016171657,0.8454628084040862,0.013371283996553561,7.764034834104365,0.8510337641481694,0.5025,0.01118020013237688,,,,,,,,,,0.25,False
family_10_decile,long_term_reversal,10,15,fitted_premium_spread,2000,2000,-0.10889477268833199,-0.04294330288367111,0.06595146980466088,0.39435596239848214,0.7453360859064811,0.011787745573749635,6.844553393207491,0.7480626406814548,0.472,0.011162795348836239,,,,,,,,,,0.25,False
family_10_decile,long_term_reversal,10,18,fitted_premium_spread,2000,2000,-0.10889477268833199,-0.04092683977294068,0.0679679329153913,0.37583842421965924,0.6937501179328832,0.01097189581530299,6.370830305311966,0.6968990037470383,0.466,0.011154460991011623,,,,,,,,,,0.25,False
family_10_decile,long_term_reversal,10,24,fitted_premium_spread,2000,2000,-0.10889477268833199,-0.049578413020073805,0.059316359668258184,0.45528735490336447,0.5420526425421086,0.00857274826576255,4.977765499300126,0.5451537281148627,0.4585,0.011141762652291602,,,,,,,,,,0.25,False
family_10_decile,long_term_reversal,10,30,fitted_premium_spread,2000,2000,-0.10889477268833199,-0.0351379525696711,0.07375682011866089,0.3226780469090057,0.5061014398698093,0.00800416767750891,4.647619232544096,0.5113224683295186,0.459,0.01114268818553225,,,,,,,,,,0.25,False
family_10_decile,long_term_reversal,10,36,fitted_premium_spread,2000,2000,-0.10889477268833199,-0.047323979280097676,0.06157079340823431,0.434584490254126,0.44161568240835797,0.006984303328445994,4.055435091198614,0.4457778161196951,0.4485,0.01112087563998447,,,,,,,,,,0.25,False
family_10_decile,long_term_reversal,10,48,fitted_premium_spread,2000,2000,-0.10889477268833199,-0.023356901125672572,0.08553787156265942,0.21449056322035237,0.37050222151833645,0.005859619578804563,3.402387574459169,0.3801578457343968,0.4625,0.011148850837642416,,,,,,,,,,0.25,False
family_10_decile,long_term_reversal,10,51,fitted_premium_spread,2000,2000,-0.10889477268833199,-0.02933365426526673,0.07956111842306526,0.2693761467248998,0.37259682861653337,0.005892746507739564,3.421622722726496,0.3809054397898247,0.4625,0.011148850837642416,,,,,,,,,,0.25,False
family_10_decile,long_term_reversal,10,60,fitted_premium_spread,2000,2000,-0.10889477268833199,-0.03818284911850807,0.07071192356982392,0.3506398716473866,0.33401181822888737,0.005282511348043933,3.0672897328585593,0.3413331054910344,0.451,0.011126522367748155,,,,,,,,,,0.25,False
family_10_decile,long_term_reversal,10,72,fitted_premium_spread,2000,2000,-0.10889477268833199,-0.042734559804561895,0.0661602128837701,0.39243903770176913,0.3278164513250178,0.005184529497735391,3.0103965804057657,0.33434573081658137,0.4505,0.011125415722569651,,,,,,,,,,0.25,False
family_10_decile,long_term_reversal,10,84,fitted_premium_spread,2000,2000,-0.10889477268833199,-0.04367791615428721,0.06521685653404477,0.40110204627817986,0.30634786777274087,0.004844996493057044,2.8132467721801477,0.31313787691213985,0.444,0.011109995499549044,,,,,,,,,,0.25,False
family_10_decile,long_term_reversal,10,120,fitted_premium_spread,2000,2000,-0.10889477268833199,-0.04001472067403632,0.06888005201429567,0.3674622728545709,0.24019236050656084,0.0037987244787245434,2.205729022402352,0.24981590306900583,0.439,0.011096823869918815,,,,,,,,,,0.25,True
family_10_decile,long_term_reversal,10,180,fitted_premium_spread,2000,2000,-0.10889477268833199,-0.04134699998933776,0.06754777269899423,0.3796968299633364,0.195607470664195,0.0030935991697087053,1.7962980759787586,0.2068957540283248,0.409,0.010993611781393773,,,,,,,,,,0.25,True
family_10_decile,long_term_reversal,10,240,fitted_premium_spread,2000,2000,-0.10889477268833199,-0.05219888342521766,0.05669588926311433,0.47935159913154163,0.17768130441754007,0.0028100907084602313,1.6316789137903083,0.18646523664180437,0.377,0.01083676612278774,,,,,,,,,,0.25,True
family_10_decile,long_term_reversal,10,444,fitted_premium_spread,2000,2000,-0.10889477268833199,-0.059645516635074426,0.04924925605325756,0.5477353518684135,0.1327659979463933,0.002099739747249291,1.2192136928958308,0.14157501907962322,0.3375,0.010573404134903763,,,,,,,,,,0.25,True
family_10_decile,long_term_reversal,10,648,fitted_premium_spread,2000,2000,-0.10889477268833199,-0.0612840669573695,0.04761070573096249,0.5627824499232005,0.12345593153368904,0.00195249785701638,1.1337177027499068,0.1322895522992492,0.3195,0.010426402783318895,,,,,,,,,,0.25,True
family_10_decile,ppe_investment,10,12,fitted_premium_spread,2000,2000,-0.15065328342354228,-0.04520277382138877,0.10545050960215352,0.3000450623721688,0.44052101387225245,0.006966990770480272,2.9240717750159115,0.4528592985205886,0.471,0.011161518713866855,,,,,,,,,,0.25,False
family_10_decile,ppe_investment,10,15,fitted_premium_spread,2000,2000,-0.15065328342354228,-0.045052197858365145,0.10560108556517714,0.2990455756062528,0.36777083310590897,0.005816421735204082,2.4411736986307075,0.3825432619496996,0.446,0.011114944894150398,,,,,,,,,,0.25,False
family_10_decile,ppe_investment,10,18,fitted_premium_spread,2000,2000,-0.15065328342354228,-0.0465324370140414,0.10412084640950088,0.3088710445375522,0.33662669516785254,0.005323866522771182,2.234446455584177,0.35228117149616633,0.451,0.011126522367748155,,,,,,,,,,0.25,False
family_10_decile,ppe_investment,10,24,fitted_premium_spread,2000,2000,-0.15065328342354228,-0.04418950542100558,0.1064637780025367,0.29331923219205575,0.29247662979158906,0.004625618111671031,1.9413890168548715,0.3111821712619997,0.4635,0.011150510078018852,,,,,,,,,,0.25,False
family_10_decile,ppe_investment,10,30,fitted_premium_spread,2000,2000,-0.15065328342354228,-0.03356884053469673,0.11708444288884556,0.22282183150514057,0.2659749075235315,0.004206484293694002,1.7654770044126906,0.2905443974215066,0.4595,0.011143602424709884,,,,,,,,,,0.25,False
family_10_decile,ppe_investment,10,36,fitted_premium_spread,2000,2000,-0.15065328342354228,-0.051006097140605465,0.09964718628293681,0.3385661167251722,0.2480310314060156,0.0039226957447699145,1.6463699016018678,0.26724182789782,0.43,0.011070230349906908,,,,,,,,,,0.25,True
family_10_decile,ppe_investment,10,48,fitted_premium_spread,2000,2000,-0.15065328342354228,-0.04150069395788641,0.10915258946565587,0.27547155305744353,0.2082122702647585,0.0032929483941848514,1.382062611137366,0.2350424665908662,0.449,0.01112202769282652,,,,,,,,,,0.25,True
family_10_decile,ppe_investment,10,51,fitted_premium_spread,2000,2000,-0.15065328342354228,-0.04456657318685234,0.10608671023668995,0.29582211667806246,0.2032930653594968,0.0032151494831367663,1.3494101206408131,0.2292635960567931,0.405,0.01097667982588542,,,,,,,,,,0.25,True
family_10_decile,ppe_investment,10,60,fitted_premium_spread,2000,2000,-0.15065328342354228,-0.04331256721071804,0.10734071621282423,0.28749832878816417,0.1860217347291917,0.002941997471527751,1.234767211851703,0.21472962791809613,0.412,0.011005816643938786,,,,,,,,,,0.25,True
family_10_decile,ppe_investment,10,72,fitted_premium_spread,2000,2000,-0.15065328342354228,-0.05044895837430453,0.10020432504923776,0.33486796455988144,0.17142773583287457,0.00271118837862821,1.1378957825361669,0.19852879296729917,0.401,0.010958991741944146,,,,,,,,,,0.25,True
family_10_decile,ppe_investment,10,84,fitted_premium_spread,2000,2000,-0.15065328342354228,-0.05306202563252804,0.09759125779101424,0.3522128720112326,0.16674146519751745,0.0026370734028691336,1.1067894532955205,0.19316539145338385,0.3765,0.01083392241988099,,,,,,,,,,0.25,True
family_10_decile,ppe_investment,10,120,fitted_premium_spread,2000,2000,-0.15065328342354228,-0.05129111581405698,0.0993621676094853,0.3404580016345121,0.13744313255343615,0.002173710233590292,0.9123142186488727,0.1695700732169855,0.372,0.010807774979152739,,,,,,,,,,0.25,True
family_10_decile,ppe_investment,10,180,fitted_premium_spread,2000,2000,-0.15065328342354228,-0.05894290824708034,0.09171037517646194,0.3912487461781364,0.12550843525392,0.0019849589066029323,0.8330945891240167,0.15541970290550325,0.319,0.010422067932996791,,,,,,,,,,0.25,True
family_10_decile,ppe_investment,10,240,fitted_premium_spread,2000,2000,-0.15065328342354228,-0.06282033938752746,0.08783294403601483,0.4169861947908309,0.11335279581369147,0.001792713303958612,0.7524083991917699,0.1433773271778169,0.2855,0.010099251209866997,,,,,,,,,,0.25,True
family_10_decile,ppe_investment,10,444,fitted_premium_spread,2000,2000,-0.15065328342354228,-0.08095878916615498,0.0696944942573873,0.5373848304291502,0.10034671109792832,0.001587017617892922,0.6660771595386772,0.12215461606812081,0.2015,0.008969329685099104,,,,,,,,,,0.25,True
family_10_decile,ppe_investment,10,648,fitted_premium_spread,2000,2000,-0.15065328342354228,-0.09313070319114297,0.05752258023239931,0.6181790471125546,0.09380358118315475,0.0014835357764125961,0.6226454482205879,0.11001617846233404,0.1425,0.007816449001944554,,,,,,,,,,0.25,True
family_10_decile,book_to_market,10,12,lambda_rate,2000,2000,-0.4977978592944884,-0.012856536307790127,0.4849413229866983,0.02582682120411536,0.27405333423002637,0.00433424737997545,0.5505313635105475,0.5569881184798132,0.476,0.011167452708652945,0.3126445644379774,0.5735,0.011058882176784416,0.001,True,0.2849583965486754,0.501,0.011180317526796813,0.013,,
family_10_decile,book_to_market,10,15,lambda_rate,2000,2000,-0.4977978592944884,-0.02399074411934644,0.47380711517514196,0.04819374706301005,0.27796109023053955,0.004396049880041336,0.5583814494993694,0.5492876467652439,0.4635,0.011150510078018852,0.3110459640966289,0.5675,0.011077990566885314,0.0015,True,0.28797402870198413,0.5155,0.011174966442902636,0.008,,
family_10_decile,book_to_market,10,18,lambda_rate,2000,2000,-0.4977978592944884,-0.032146563227819246,0.46565129606666916,0.06457754413283226,0.27250172433404923,0.00430970813784115,0.547414415803749,0.5394916039186489,0.4605,0.011145397031958978,0.30753780350806265,0.5695,0.011071805408333366,0.002,True,0.28681119672772243,0.517,0.011173875782377394,0.0065,,
family_10_decile,book_to_market,10,24,lambda_rate,2000,2000,-0.4977978592944884,-0.029004797724802158,0.46879306156968625,0.05826621626278114,0.2679430024163248,0.00423761038875356,0.5382566385401317,0.5399300791708889,0.4465,0.011116153786269782,0.3004955497142522,0.5665,0.011081014168387296,0.0,True,0.2873091390335282,0.5395,0.011145397031958978,0.0045,,
family_10_decile,book_to_market,10,30,lambda_rate,2000,2000,-0.4977978592944884,-0.03387555380579911,0.4639223054886893,0.06805082258451203,0.2635890358935298,0.004168750916392294,0.5295101836458385,0.5335431995474215,0.441,0.011102229505824495,0.29483960960292926,0.5585,0.011103552359492884,0.001,True,0.2837594299708358,0.5425,0.011139877692326787,0.005,,
family_10_decile,book_to_market,10,36,lambda_rate,2000,2000,-0.4977978592944884,-0.044037307601430695,0.4537605516930577,0.08846423659563993,0.2702891328317506,0.004274715245130184,0.5429696568298265,0.5281271868518647,0.422,0.011043459602859967,0.29978393746854853,0.586,0.01101371871803525,0.001,True,0.2899090578401582,0.5595,0.01110089523416918,0.003,,
family_10_decile,book_to_market,10,48,lambda_rate,2000,2000,-0.4977978592944884,-0.0568892621441271,0.4409085971503613,0.11428185373226449,0.28259659474137455,0.0044693619721470545,0.5676934712854911,0.5236614325906009,0.399,0.01094986301284176,0.293184718998255,0.5715,0.011065436051055557,0.002,True,0.2868676626250173,0.558,0.011104863799254811,0.0065,,
family_10_decile,book_to_market,10,51,lambda_rate,2000,2000,-0.4977978592944884,-0.059633729682352817,0.4381641296121356,0.11979507056713669,0.2822230930425184,0.004463454914806439,0.5669431633203553,0.5211505097264351,0.4045,0.010974510239641676,0.2943451645014536,0.574,0.01105721483918984,0.004,True,0.28614314749826675,0.5545,0.011113724623185514,0.0065,,
family_10_decile,book_to_market,10,60,lambda_rate,2000,2000,-0.4977978592944884,-0.05753667071030258,0.44026118858418584,0.11558239883121897,0.2537234819240873,0.004012723800122393,0.5096917899238875,0.5081075984972109,0.404,0.010972328832112169,0.2755259661251258,0.536,0.011151322791489806,0.004,True,0.2705030521087634,0.521,0.011170474475151,0.008,,
family_10_decile,book_to_market,10,72,lambda_rate,2000,2000,-0.4977978592944884,-0.08033333113020154,0.41746452816428686,0.16137741380417983,0.2744688437296421,0.004340818805078246,0.5513660587424728,0.49957192863553507,0.365,0.01076510566599325,0.2782860033021686,0.572,0.011063814893606997,0.0065,True,0.274002551330932,0.556,0.011109995499549044,0.01,,
family_10_decile,book_to_market,10,84,lambda_rate,2000,2000,-0.4977978592944884,-0.0838344714130107,0.4139633878814777,0.16841067081290062,0.26174134453969916,0.0041395290445554,0.5257984534338016,0.489734584935595,0.3555,0.010703264688869467,0.27426238608497694,0.582,0.011028961873177366,0.009,True,0.2702805419426172,0.58,0.011036303729057116,0.0125,,
family_10_decile,book_to_market,10,120,lambda_rate,2000,2000,-0.4977978592944884,-0.12002000676602007,0.3777778525284683,0.24110189412248628,0.26685677610491,0.004220431347463888,0.5360745754976063,0.4624857171250272,0.321,0.010439324690802563,0.27276974797914816,0.612,0.010896237882865811,0.0155,True,0.2701952367538715,0.6035,0.01093818426431005,0.014,,
family_10_decile,book_to_market,10,180,lambda_rate,2000,2000,-0.4977978592944884,-0.16203679590340261,0.3357610633910858,0.3255072171926407,0.24118710357733544,0.0038144566812185103,0.48450811724896037,0.4133734691681011,0.231,0.009424409795843983,0.2524078276382158,0.637,0.010752464833702085,0.0305,True,0.25120382703564254,0.6395,0.010736380907922371,0.0325,,
family_10_decile,book_to_market,10,240,lambda_rate,2000,2000,-0.4977978592944884,-0.18453328462137297,0.3132645746731154,0.3706992329836564,0.25015852241289477,0.003956342743987766,0.502530329815873,0.4008524546984374,0.2085,0.009083714823793183,0.2458444004061255,0.6365,0.010755643867291257,0.046,True,0.24444918400314783,0.632,0.010783691390242954,0.049,,
family_10_decile,book_to_market,10,444,lambda_rate,2000,2000,-0.4977978592944884,-0.2780843363339565,0.21971352296053187,0.5586290321297801,0.2222823833422915,0.003515472053360877,0.44653141670260416,0.3125040565930072,0.095,0.006556485338960197,0.2225483791750879,0.7135,0.010109840503192916,0.1695,True,0.22204963322769397,0.709,0.010156746526324263,0.171,,
family_10_decile,book_to_market,10,648,lambda_rate,2000,2000,-0.4977978592944884,-0.31968677218960057,0.17811108710488782,0.6422019826334359,0.20834788572262244,0.0032950931991170096,0.418539135579865,0.27406330731060907,0.0535,0.005031786462082826,0.20476007725256332,0.757,0.009590385810800314,0.318,True,0.20435100250041027,0.759,0.00956344603163525,0.315,,
family_10_decile,earnings_to_price,10,12,lambda_rate,2000,2000,-0.4977978592944884,-0.0050250019742629085,0.49277285732022547,0.010094462803405119,0.2539167826536755,0.0040157809173916245,0.5100801016170358,0.5543163217500244,0.488,0.011177119485806708,0.29746702267961456,0.5435,0.011137947521873139,0.002,True,0.27171892714665946,0.47,0.011160197130875422,0.0115,,
family_10_decile,earnings_to_price,10,15,lambda_rate,2000,2000,-0.4977978592944884,-0.02042030759736398,0.4773775516971244,0.04102128447539925,0.2555077910649788,0.0040409432605449545,0.5132761949340262,0.5414248941853321,0.458,0.011140825822173149,0.2917147714908568,0.541,0.01114268818553225,0.001,True,0.2688993749952255,0.4745,0.011165790388503629,0.008,,
family_10_decile,earnings_to_price,10,18,lambda_rate,2000,2000,-0.4977978592944884,-0.034858528541458385,0.46293933075303,0.07002546895412963,0.2514749566133899,0.00397716260191957,0.5051748454077256,0.5268024847462925,0.4375,0.01109264959331178,0.2910076658911214,0.5655,0.011083991835074582,0.001,True,0.27200027406012145,0.508,0.011178908712392278,0.009,,
family_10_decile,earnings_to_price,10,24,lambda_rate,2000,2000,-0.4977978592944884,-0.034975904718467385,0.462821954576021,0.07026125979737542,0.24832284048317083,0.003927310805307917,0.49884272470578755,0.5252024015811866,0.434,0.011082508741255295,0.28390954954176284,0.544,0.011136965475388706,0.001,True,0.2717252007396124,0.5085,0.01117872421164419,0.0055,,
family_10_decile,earnings_to_price,10,30,lambda_rate,2000,2000,-0.4977978592944884,-0.037679555463256395,0.460118303831232,0.07569248191757659,0.2586158612053574,0.004090098454735764,0.5195198339580742,0.5277855398793009,0.431,0.011073368954387819,0.27865334427844185,0.511,0.01117763391778421,0.0015,True,0.26949702714497165,0.4895,0.011177874350698346,0.006,,
family_10_decile,earnings_to_price,10,36,lambda_rate,2000,2000,-0.4977978592944884,-0.05478808967087894,0.44300976962360944,0.11006091859962636,0.2569259402464024,0.004063371775750832,0.5161250404140642,0.512089434849105,0.4,0.010954451150103323,0.27871925986130386,0.561,0.011096823869918816,0.0025,True,0.2708531999807875,0.53,0.011160197130875422,0.0065,,
family_10_decile,earnings_to_price,10,48,lambda_rate,2000,2000,-0.4977978592944884,-0.05608886426183917,0.4417089950326492,0.11267397642354664,0.2620978129324887,0.004145166714324435,0.5265145440841205,0.5135832475898866,0.409,0.010993611781393773,0.27417651746357086,0.5185,0.01117268432383194,0.004,True,0.2679300278622195,0.5195,0.011171834003421283,0.006,,
family_10_decile,earnings_to_price,10,51,lambda_rate,2000,2000,-0.4977978592944884,-0.05793638364020778,0.43986147565428063,0.11638536116310143,0.26519855992985625,0.004194206090499391,0.53274347203042,0.5135885793273994,0.411,0.011001795308039502,0.2742528301632113,0.525,0.011166355717063647,0.0025,True,0.2679328301573962,0.5185,0.01117268432383194,0.0105,,
family_10_decile,earnings_to_price,10,60,lambda_rate,2000,2000,-0.4977978592944884,-0.06525638392601436,0.43254147536847404,0.13109012565562247,0.2591143838937832,0.004097982761862472,0.5205212900292843,0.5041813381340297,0.3885,0.01089880153961893,0.2688964172891444,0.5225,0.011169014056755413,0.0045,True,0.2635822369823127,0.51,0.011178103595869918,0.007,,
family_10_decile,earnings_to_price,10,72,lambda_rate,2000,2000,-0.4977978592944884,-0.08115536149817856,0.4166424977963098,0.16302874747833837,0.2548091018374727,0.004029893251019459,0.5118726348052295,0.4883504740552403,0.3515,0.010675854766715403,0.2656430106996628,0.5565,0.011108729675349921,0.0055,True,0.26138079742139086,0.5425,0.011139877692326787,0.009,,
family_10_decile,earnings_to_price,10,84,lambda_rate,2000,2000,-0.4977978592944884,-0.0976020436754859,0.40019581561900247,0.19606762434417432,0.2554965967396296,0.0040407662184540356,0.5132537072412003,0.4747657975560358,0.337,0.01056955533596376,0.26522155557452853,0.568,0.011076461528845753,0.0075,True,0.2619918793665903,0.558,0.011104863799254811,0.0115,,
family_10_decile,earnings_to_price,10,120,lambda_rate,2000,2000,-0.4977978592944884,-0.12714814679752176,0.37064971249696665,0.2554212406170738,0.25122519210288136,0.00397321249060885,0.5046731065877504,0.4477317829601112,0.287,0.010115112456122274,0.2578187812684564,0.579,0.011039904890894667,0.0145,True,0.2554472042597316,0.573,0.011060537961600241,0.017,,
family_10_decile,earnings_to_price,10,180,lambda_rate,2000,2000,-0.4977978592944884,-0.171690194232053,0.3261076650624354,0.3448994225796462,0.2615383007470771,0.004136317837406014,0.5253905694125448,0.41798838599746196,0.2285,0.00938849695105665,0.25544391527645705,0.6285,0.010804807957571482,0.0275,True,0.25375321685371066,0.6235,0.01083392241988099,0.0275,,
family_10_decile,earnings_to_price,10,240,lambda_rate,2000,2000,-0.4977978592944884,-0.20277947811014652,0.29501838118434187,0.40735305370243824,0.25013954037260694,0.003956042536516781,0.5024921977911295,0.38674843244623475,0.191,0.008789738335126933,0.24458572441047324,0.657,0.010614871643124094,0.0565,True,0.2432732801287162,0.6595,0.010596219844831457,0.057,,
family_10_decile,earnings_to_price,10,444,lambda_rate,2000,2000,-0.4977978592944884,-0.297086537951779,0.20071132134270941,0.5968015579111356,0.2291582348167499,0.00362421600030829,0.46034395395257005,0.3045854138844684,0.073,0.005816829033072916,0.22736994326004767,0.7475,0.009714518773464798,0.184,True,0.22695518532705694,0.7455,0.009739860111931793,0.187,,
family_10_decile,earnings_to_price,10,648,lambda_rate,2000,2000,-0.4977978592944884,-0.3411493364069834,0.15664852288750497,0.6853170017454123,0.20040581891373846,0.003169486691337387,0.402584734289068,0.2543249313991769,0.0335,0.004023540107914919,0.21200789829561165,0.809,0.008789738335126933,0.338,True,0.2118213240581728,0.811,0.00875439889427024,0.342,,
family_10_decile,equity_duration,10,12,lambda_rate,2000,2000,-0.4977978592944884,-0.019779412556443214,0.47801844673804517,0.039733824055563215,0.27041699545329756,0.004276737436299628,0.543226513341279,0.5491724903672134,0.4655,0.011153693334496874,0.30603064918744843,0.5665,0.011081014168387296,0.0015,True,0.2789166051670993,0.4955,0.011179887074563856,0.0085,,
family_10_decile,equity_duration,10,15,lambda_rate,2000,2000,-0.4977978592944884,-0.02156768744424248,0.4762301718502459,0.04332619564658156,0.26346611843934403,0.004166806934739035,0.529263261221624,0.544219500705576,0.4705,0.011160863541859115,0.29725609221574323,0.552,0.011119712226492195,0.0005,True,0.27642981844314957,0.4935,0.01117939510885987,0.0095,,
family_10_decile,equity_duration,10,18,lambda_rate,2000,2000,-0.4977978592944884,-0.036910709872692724,0.46088714942179565,0.07414798835214959,0.26352219007353705,0.004167693726845669,0.5293759005854664,0.5308730424413839,0.443,0.011107452453195556,0.2968760618895113,0.5635,0.01108980951143887,0.0005,True,0.27775248235455996,0.525,0.011166355717063647,0.0115,,
family_10_decile,equity_duration,10,24,lambda_rate,2000,2000,-0.4977978592944884,-0.04324876819281548,0.4545490911016729,0.0868801811524671,0.2503982584209738,0.003960134251096489,0.5030119229035146,0.5189246712170309,0.428,0.011063814893606997,0.2840724855608655,0.5645,0.011086923603957953,0.001,True,0.2726447211580171,0.5385,0.011147146495852649,0.0065,,
family_10_decile,equity_duration,10,30,lambda_rate,2000,2000,-0.4977978592944884,-0.05171683674456446,0.44608102254992393,0.10389123974510645,0.25449273039015186,0.0040248897281814616,0.5112370928047694,0.5135391369951365,0.4175,0.011027097306181713,0.27625869496990696,0.5325,0.011156696419639641,0.0025,True,0.26579837416762847,0.509,0.011178528525704981,0.0095,,
family_10_decile,equity_duration,10,36,lambda_rate,2000,2000,-0.4977978592944884,-0.057635615759716596,0.4401622435347718,0.11578116434932355,0.2603567099151308,0.0041176305735493085,0.5230169335885159,0.5113653529749512,0.3955,0.010933429242465514,0.2809236126436736,0.558,0.011104863799254811,0.004,True,0.2717377210591806,0.5365,0.011150510078018852,0.008,,
family_10_decile,equity_duration,10,48,lambda_rate,2000,2000,-0.4977978592944884,-0.0652331061984247,0.4325647530960637,0.13104336425005386,0.26577393387579445,0.004203305826595269,0.5338993105604484,0.5076541457103544,0.384,0.010875293099498515,0.2750422637761854,0.5445,0.01113597211742199,0.0055,True,0.2692971327940271,0.531,0.011158830583891844,0.012,,
family_10_decile,equity_duration,10,51,lambda_rate,2000,2000,-0.4977978592944884,-0.07348546856365566,0.4243123907308327,0.14762110200273673,0.2694482390460007,0.004261416221792394,0.5412804294254706,0.502600295738018,0.3935,0.010923775675104282,0.2737162403758179,0.539,0.01114627740548386,0.004,True,0.2669985096840058,0.529,0.011161518713866855,0.007,,
family_10_decile,equity_duration,10,60,lambda_rate,2000,2000,-0.4977978592944884,-0.09617599847578205,0.4016218608187063,0.19320291696731873,0.25887181954490135,0.004094146523574876,0.5200340152362073,0.47778785117716316,0.3245,0.010468995892634595,0.26999492421073235,0.58,0.011036303729057116,0.01,True,0.2649248075183002,0.56,0.011099549540409285,0.0115,,
family_10_decile,equity_duration,10,72,lambda_rate,2000,2000,-0.4977978592944884,-0.11450583853481305,0.38329202075967533,0.23002477089214124,0.2543286844119234,0.004022295284828566,0.510907549446626,0.4599603367170671,0.3045,0.0102902806084188,0.2623365383464509,0.584,0.011021433663548495,0.01,True,0.2585337545863596,0.575,0.011053845484717072,0.016,,
family_10_decile,equity_duration,10,84,lambda_rate,2000,2000,-0.4977978592944884,-0.11796595996749645,0.3798318993269919,0.2369756272851103,0.2581190415802011,0.0040822410821381855,0.5185217990813064,0.45919973720900426,0.313,0.01036896812609625,0.2582317582710387,0.573,0.011060537961600241,0.012,True,0.2540206247404319,0.565,0.011085463454452412,0.018,,
family_10_decile,equity_duration,10,120,lambda_rate,2000,2000,-0.4977978592944884,-0.14894801989942472,0.34884983939506364,0.2992138618485093,0.24660343968307005,0.0039001178925345613,0.49538871065571183,0.42717567847579,0.243,0.009590385810800314,0.2514237872623128,0.6075,0.010918877002695835,0.021,True,0.24965196094874387,0.606,0.0109262070271435,0.0255,,
family_10_decile,equity_duration,10,180,lambda_rate,2000,2000,-0.4977978592944884,-0.21758030002262865,0.28021755927185976,0.4370856482408294,0.2488648928886663,0.003935883549824706,0.4999316253416073,0.37473276954292284,0.1595,0.008187177474563502,0.24848707717979523,0.6675,0.010534318914861084,0.05,True,0.2475618263312481,0.6675,0.010534318914861084,0.0595,,
family_10_decile,equity_duration,10,240,lambda_rate,2000,2000,-0.4977978592944884,-0.23782145803879726,0.2599764012556911,0.4777470485225737,0.23994851341855947,0.003794867953478266,0.48201997846802747,0.35374317047413206,0.1425,0.007816449001944554,0.2331491929879913,0.675,0.010473180032826705,0.0925,True,0.23232009688807842,0.671,0.010506164856882837,0.0955,,
family_10_decile,equity_duration,10,444,lambda_rate,2000,2000,-0.4977978592944884,-0.33735201672990706,0.16044584256458133,0.6776887654921304,0.19952539869880434,0.0031555625439790747,0.40081610431508236,0.25599482012301006,0.031,0.003875499967746097,0.2114664311842277,0.789,0.009123568380847484,0.3145,True,0.2110536716795291,0.7875,0.009147233188237852,0.316,,
family_10_decile,equity_duration,10,648,lambda_rate,2000,2000,-0.4977978592944884,-0.37761159545949685,0.12018626383499154,0.7585641207751931,0.18064416305440362,0.0028569493329690093,0.3628865807306289,0.2169348646562312,0.0125,0.002484325864293974,0.19238902180910356,0.834,0.008319975961503736,0.535,True,0.19222140062207382,0.833,0.008339994004794009,0.536,,
family_10_decile,inventory_growth,10,12,lambda_rate,2000,2000,-0.4977978592944884,-0.025340853954345505,0.4724570053401429,0.050905911870051467,0.21851775193423004,0.0034559331177635155,0.4389688461977873,0.5205206574204431,0.453,0.011130835548151809,0.26306713962090095,0.4855,0.011175637565705143,0.0015,True,0.24178415304160886,0.416,0.011021433663548495,0.01,,
family_10_decile,inventory_growth,10,15,lambda_rate,2000,2000,-0.4977978592944884,-0.03127149138767537,0.466526367906813,0.06281965822833262,0.21877864243288536,0.003460059190388883,0.43949293543156803,0.5152543200109116,0.452,0.011128701631367427,0.25444296349741746,0.4555,0.01113597211742199,0.0005,True,0.2378485042578111,0.4175,0.011027097306181713,0.009,,
family_10_decile,inventory_growth,10,18,lambda_rate,2000,2000,-0.4977978592944884,-0.04366359308496604,0.45413426620952235,0.08771350111237709,0.22357914871047813,0.003535980841970572,0.4491364206092591,0.5061625960755045,0.402,0.010963484847437881,0.2533267910676003,0.4755,0.011166909823223253,0.002,True,0.23808472549576412,0.432,0.011076461528845753,0.006,,
family_10_decile,inventory_growth,10,24,lambda_rate,2000,2000,-0.4977978592944884,-0.05332462654575308,0.4444732327487353,0.10712104431571526,0.22014701800498035,0.0034817005189092544,0.4422417933194551,0.49598077766363924,0.3975,0.010942891528293608,0.24150629143335248,0.462,0.011148004305704229,0.004,True,0.2308922523554637,0.426,0.01105721483918984,0.013,,
family_10_decile,inventory_growth,10,30,lambda_rate,2000,2000,-0.4977978592944884,-0.05429546043145233,0.44350239886303605,0.10907130156888059,0.21491749142123917,0.0033989937641902353,0.4317364717595095,0.4928091021399732,0.3935,0.010923775675104282,0.23423462355828786,0.4405,0.01110089523416918,0.004,True,0.22652147233486408,0.419,0.011032656071862296,0.0115,,
family_10_decile,inventory_growth,10,36,lambda_rate,2000,2000,-0.4977978592944884,-0.07420989283066368,0.4235879664638247,0.14907635990206702,0.22152050770454093,0.003503422729107752,0.4450009247096688,0.4779890846023254,0.3535,0.010689662062011128,0.2345855792587842,0.4795,0.011170938859379725,0.0095,True,0.22743847060352812,0.458,0.011140825822173149,0.0155,,
family_10_decile,inventory_growth,10,48,lambda_rate,2000,2000,-0.4977978592944884,-0.09670171938467269,0.4010961399098157,0.19425901011652535,0.2164586176773698,0.0034233672039683445,0.43483235943229864,0.4557510498624976,0.3175,0.010408980497627998,0.22498125716632952,0.47,0.011160197130875422,0.0165,True,0.21922109828893896,0.4635,0.011150510078018852,0.03,,
family_10_decile,inventory_growth,10,51,lambda_rate,2000,2000,-0.4977978592944884,-0.10157561246602853,0.39622224682845986,0.2040499181936783,0.21715864847522567,0.0034344384308885845,0.4362386145713786,0.45180346230421453,0.3055,0.010299751210587564,0.22316562083086566,0.468,0.011157419056394719,0.0195,True,0.21794913087735518,0.4515,0.011127617669564317,0.033,,
family_10_decile,inventory_growth,10,60,lambda_rate,2000,2000,-0.4977978592944884,-0.11444916989705888,0.3833486893974295,0.22991093223916975,0.2157593141473676,0.003412307479038395,0.43342756526345005,0.43986932521289623,0.2755,0.009989988738732391,0.22049433218472825,0.4955,0.011179887074563856,0.0165,True,0.21572658801906708,0.477,0.011168504823833851,0.0265,,
family_10_decile,inventory_growth,10,72,lambda_rate,2000,2000,-0.4977978592944884,-0.12560787563957188,0.3721899836549165,0.2523270707061528,0.21209118436171542,0.00335429474966387,0.42605885180443503,0.4283521484500343,0.2635,0.009850577394244461,0.2139596430086353,0.4965,0.011180065965816124,0.0305,True,0.21000394015787827,0.49,0.011178103595869918,0.042,,
family_10_decile,inventory_growth,10,84,lambda_rate,2000,2000,-0.4977978592944884,-0.14728930477385896,0.35050855452062946,0.2958817560658195,0.20854597282285317,0.0032982260144779106,0.41893706236185535,0.40783075394258944,0.2325,0.009445733163709422,0.2118382902155157,0.5235,0.01116798437498907,0.048,True,0.2091884703280568,0.522,0.0111695120752878,0.048,,
family_10_decile,inventory_growth,10,120,lambda_rate,2000,2000,-0.4977978592944884,-0.18177566024825687,0.3160221990462315,0.36515958607351423,0.20154679957118024,0.003187531691370004,0.4048767904643574,0.37479438649904134,0.1705,0.008409213696892237,0.20375585033890298,0.5545,0.011113724623185514,0.081,True,0.20179925677444063,0.5555,0.011111249929688378,0.0845,,
family_10_decile,inventory_growth,10,180,lambda_rate,2000,2000,-0.4977978592944884,-0.2393427496159763,0.2584551096785121,0.4808030913495459,0.18972896228093822,0.0030006285454691594,0.38113655721588374,0.32059027481751423,0.0875,0.006318375978050055,0.19102920537105536,0.612,0.010896237882865811,0.1735,True,0.19027677410077867,0.62,0.010853570840972108,0.1825,,
family_10_decile,inventory_growth,10,240,lambda_rate,2000,2000,-0.4977978592944884,-0.28216651557925926,0.21563134371522913,0.566829507823043,0.18863504553493377,0.0029833278773214716,0.3789390452628295,0.2864651204007215,0.0525,0.004987171041783107,0.18679748143159491,0.6915,0.010327820438020793,0.279,True,0.18563077950221687,0.6885,0.010355379037002944,0.2835,,
family_10_decile,inventory_growth,10,444,lambda_rate,2000,2000,-0.4977978592944884,-0.3570575493873343,0.14074030990715408,0.7172741760950511,0.15292335014343805,0.0024185351787763248,0.3071996941894668,0.20780205262784288,0.0065,0.0017969070649312946,0.1621786401586126,0.787,0.00915508055671822,0.6715,True,0.16189397278144407,0.786,0.009170714257897256,0.6775,,
family_10_decile,inventory_growth,10,648,lambda_rate,2000,2000,-0.4977978592944884,-0.3926621321449006,0.1051357271495878,0.7887983542183307,0.13790385488459075,0.0021809967151151877,0.27702781823938954,0.17338248348292518,0.001,0.0007067531393633848,0.14477094699366944,0.829,0.008418996377241174,0.887,True,0.1446625223178669,0.826,0.008477145746063354,0.886,,
family_10_decile,investment_to_assets,10,12,lambda_rate,2000,2000,-0.4977978592944884,-0.01239939980095914,0.4853984594935292,0.02490850366157134,0.2411634973933974,0.0038140833413313232,0.4844606960246676,0.541980089152239,0.478,0.0111695120752878,0.28039800796662484,0.5025,0.01118020013237688,0.0025,True,0.2560095337192294,0.4455,0.011113724623185514,0.01,,
family_10_decile,investment_to_assets,10,15,lambda_rate,2000,2000,-0.4977978592944884,-0.0252401988420143,0.4725576604524741,0.05070371109627984,0.2340058639237948,0.003700882915583499,0.4700821017098048,0.5272969821939644,0.469,0.011158830583891844,0.27059533217007287,0.4825,0.011173489830845151,0.003,True,0.2519284025551361,0.4395,0.011098192420389907,0.0065,,
family_10_decile,investment_to_assets,10,18,lambda_rate,2000,2000,-0.4977978592944884,-0.037251455888387484,0.4605464034061009,0.07483249514407853,0.2368246905495755,0.003745463624487191,0.4757446946140325,0.5178425250760798,0.426,0.01105721483918984,0.26769165831439296,0.5205,0.011170938859379725,0.001,True,0.25140463142771524,0.474,0.011165213835838524,0.01,,
family_10_decile,investment_to_assets,10,24,lambda_rate,2000,2000,-0.4977978592944884,-0.031419181831145324,0.46637867746334305,0.0631163458108772,0.2347675233700773,0.0037129288206944827,0.4716121594070436,0.5221085164281102,0.443,0.011107452453195556,0.2594999429226235,0.4635,0.011150510078018852,0.003,True,0.2480812477664652,0.438,0.01109405246066558,0.0055,,
family_10_decile,investment_to_assets,10,30,lambda_rate,2000,2000,-0.4977978592944884,-0.032604087148941474,0.4651937721455469,0.06549663993161825,0.23189792097323803,0.003667545075574153,0.4658475657205495,0.5197643726457569,0.424,0.011050429855892486,0.2539185127521629,0.471,0.011161518713866855,0.002,True,0.24348070934204985,0.439,0.011096823869918815,0.009,,
family_10_decile,investment_to_assets,10,36,lambda_rate,2000,2000,-0.4977978592944884,-0.05156675299054049,0.4462311063039479,0.1035897443665673,0.24513383161176666,0.0038768755373538317,0.49243649211185103,0.5090999414026787,0.4095,0.010995675286220486,0.25746381455945694,0.4915,0.01117872421164419,0.0045,True,0.2500795146673031,0.475,0.011166355717063647,0.0075,,
family_10_decile,investment_to_assets,10,48,lambda_rate,2000,2000,-0.4977978592944884,-0.05223410263704156,0.44556375665744685,0.10493034805547606,0.23378195451239148,0.003697341711523883,0.4696323018418008,0.503143852691457,0.411,0.011001795308039502,0.24734172274760127,0.4715,0.01116216264887768,0.0025,True,0.24070613945770578,0.4555,0.01113597211742199,0.01,,
family_10_decile,investment_to_assets,10,51,lambda_rate,2000,2000,-0.4977978592944884,-0.06294372963072313,0.43485412966376524,0.1264443557871685,0.23945569964402666,0.003787073934780826,0.48102999073438946,0.49639548412691575,0.387,0.010891074327172687,0.2483986136921812,0.485,0.01117530760203047,0.0075,True,0.2428262678480344,0.4785,0.011169998880931009,0.0135,,
family_10_decile,investment_to_assets,10,60,lambda_rate,2000,2000,-0.4977978592944884,-0.07253893726684708,0.4252589220276413,0.145719664945233,0.2367040223098644,0.0037435552149314984,0.47550229051875953,0.4866681934795939,0.369,0.010789786837560785,0.24924915139942655,0.4975,0.011180200132376878,0.004,True,0.24336273467099642,0.4865,0.011176263910627739,0.0095,,
family_10_decile,investment_to_assets,10,72,lambda_rate,2000,2000,-0.4977978592944884,-0.08566163211219671,0.4121362271822917,0.17208115807006877,0.23273891142614606,0.0036808456277361698,0.4675369873144871,0.47328277693936327,0.335,0.010554027667198908,0.24250600971180225,0.5175,0.011173489830845151,0.011,True,0.23922006263641207,0.5145,0.011175637565705145,0.016,,
family_10_decile,investment_to_assets,10,84,lambda_rate,2000,2000,-0.4977978592944884,-0.09208714714698868,0.4057107121474997,0.18498903807561687,0.24289273390658886,0.003841431809277227,0.4879344685226897,0.47283037518306287,0.325,0.010473180032826705,0.24389804200474755,0.5115,0.01117738229640554,0.0125,True,0.2413490924964907,0.505,0.01117978085652845,0.0165,,
family_10_decile,investment_to_assets,10,120,lambda_rate,2000,2000,-0.4977978592944884,-0.13079533164055163,0.36700252765393676,0.2627478788798395,0.24351599956521108,0.0038512889692183814,0.4891865142014428,0.4404103170085828,0.2685,0.009909786829190626,0.2409303772907349,0.55,0.011124297730643494,0.0245,True,0.2379972921085727,0.5465,0.011131885509651992,0.032,,
family_10_decile,investment_to_assets,10,180,lambda_rate,2000,2000,-0.4977978592944884,-0.17015660484250103,0.32764125445198733,0.34181867532266624,0.23060198982358168,0.0036470494804163433,0.4632442376317284,0.40062386435484826,0.202,0.008977638887814545,0.23126044366230583,0.5915,0.010991536516793273,0.0435,True,0.22976605065960462,0.585,0.011017599557072311,0.046,,
family_10_decile,investment_to_assets,10,240,lambda_rate,2000,2000,-0.4977978592944884,-0.21625095676773642,0.28154690252675196,0.4344152003269387,0.23930756864150485,0.0037847311922216916,0.4807324181358818,0.36947007548015626,0.165,0.008299849396224006,0.2310301391216582,0.654,0.010636822833910509,0.0795,True,0.22949081087907863,0.6515,0.010654758326682027,0.0845,,
family_10_decile,investment_to_assets,10,444,lambda_rate,2000,2000,-0.4977978592944884,-0.30353724888109723,0.19426061041339115,0.6097600526271648,0.21663475100995597,0.0034261528129719086,0.43518618444238566,0.2909369945463388,0.056,0.005141206084179081,0.21744734812639083,0.751,0.009669513948487793,0.2075,True,0.21688063476412867,0.7505,0.009675994780899791,0.2175,,
family_10_decile,investment_to_assets,10,648,lambda_rate,2000,2000,-0.4977978592944884,-0.35088497015291104,0.14691288914157735,0.70487440554728,0.193336919424769,0.0030576896238962755,0.38838439301201233,0.2427835905212267,0.0205,0.00316857617866448,0.20060071678866523,0.7895,0.009115639034099584,0.406,True,0.2005808925832459,0.788,0.009139365404665686,0.4065,,
family_10_decile,long_term_reversal,10,12,lambda_rate,2000,2000,-0.4977978592944884,-0.006137880077903102,0.4916599792165853,0.012330065232908204,0.26821266090909074,0.004241875130209972,0.5387983413372232,0.5600282114496127,0.493,0.01117924416049672,0.31201502890785604,0.5725,0.011062182198824967,0.0,True,0.2831387464664938,0.489,0.01117763391778421,0.0085,,
family_10_decile,long_term_reversal,10,15,lambda_rate,2000,2000,-0.4977978592944884,-0.018594910101070124,0.47920294919341827,0.03735433922400559,0.26611020367157484,0.0042086240486319424,0.5345748253090593,0.5481009940636377,0.469,0.011158830583891844,0.3065177055828866,0.5785,0.01104168805029376,0.001,True,0.2845433440288405,0.5085,0.01117872421164419,0.0055,,
family_10_decile,long_term_reversal,10,18,lambda_rate,2000,2000,-0.4977978592944884,-0.02478554708564308,0.4730123122088453,0.049790385038559176,0.2743735564555309,0.004339311804189818,0.55117464113725,0.5467941619649697,0.4645,0.011152124237112856,0.30962810494749265,0.5735,0.011058882176784416,0.0005,True,0.29118849020804866,0.531,0.011158830583891844,0.0095,,
family_10_decile,long_term_reversal,10,24,lambda_rate,2000,2000,-0.4977978592944884,-0.03046270153111801,0.46733515776337037,0.061194922722833195,0.25031590590352987,0.0039588318178165995,0.5028464892522718,0.5301215647411873,0.453,0.011130835548151809,0.29356691398540524,0.577,0.011046967909793166,0.001,True,0.2813510214809972,0.534,0.011154460991011623,0.006,,
family_10_decile,long_term_reversal,10,30,lambda_rate,2000,2000,-0.4977978592944884,-0.022689561343360417,0.47510829795112797,0.04557986925760899,0.268240624310947,0.0042423173809914535,0.5388545155479678,0.5455684657277022,0.449,0.01112202769282652,0.2950466061026757,0.557,0.011107452453195558,0.0015,True,0.28379783667519676,0.5125,0.011176845485198407,0.003,,
family_10_decile,long_term_reversal,10,36,lambda_rate,2000,2000,-0.4977978592944884,-0.04730439394750552,0.45049346534698287,0.09502731493170419,0.263816102473735,0.004172342052158256,0.5299663257845914,0.5220234657338723,0.427,0.01106053796160024,0.28973855231946927,0.549,0.011126522367748155,0.0025,True,0.2801462614391342,0.5215,0.011169998880931009,0.003,,
family_10_decile,long_term_reversal,10,48,lambda_rate,2000,2000,-0.4977978592944884,-0.042401710646552265,0.4553961486479361,0.08517857169302966,0.25909627958470277,0.00409769643601127,0.5204849212327086,0.5239112223048484,0.4315,0.01107492099294618,0.2826145306977251,0.5245,0.011166909823223254,0.0035,True,0.27408221314991243,0.5135,0.011176263910627737,0.006,,
family_10_decile,long_term_reversal,10,51,lambda_rate,2000,2000,-0.4977978592944884,-0.04071820181157274,0.4570796574829156,0.08179665912842862,0.2652974528769156,0.004195770116340909,0.5329421328828381,0.5284594217330478,0.442,0.011104863799254811,0.2860133502660635,0.537,0.011149686094236015,0.004,True,0.2794459953776468,0.5245,0.011166909823223254,0.0055,,
family_10_decile,long_term_reversal,10,60,lambda_rate,2000,2000,-0.4977978592944884,-0.04704207534751759,0.4507557839469708,0.09450035686008912,0.25741785829905683,0.004071151628299864,0.5171132287790193,0.5190487439114325,0.4175,0.011027097306181713,0.28269501883375037,0.5485,0.011127617669564317,0.003,True,0.27623233588258256,0.532,0.011157419056394717,0.0045,,
family_10_decile,long_term_reversal,10,72,lambda_rate,2000,2000,-0.4977978592944884,-0.0580496521681057,0.4397482071263827,0.11661290036557702,0.26768481494738466,0.004233527065469279,0.5377379792809175,0.5147793879364313,0.3985,0.010947551096021428,0.28252779604492295,0.561,0.011096823869918816,0.0035,True,0.27775895013375773,0.5425,0.011139877692326787,0.008,,
family_10_decile,long_term_reversal,10,84,lambda_rate,2000,2000,-0.4977978592944884,-0.07186377520050749,0.4259340840939809,0.1443633672960296,0.26411589353698767,0.004177083350541264,0.5305685603214726,0.5011408690270734,0.3845,0.010877953621890469,0.27482508643553355,0.5535,0.011116153786269782,0.0045,True,0.2712468238767775,0.5385,0.011147146495852649,0.0085,,
family_10_decile,long_term_reversal,10,120,lambda_rate,2000,2000,-0.4977978592944884,-0.0916803152427442,0.40611754405174416,0.184171774809718,0.2596422936329744,0.004106331835265945,0.5215817802048334,0.4819874201359311,0.3535,0.010689662062011128,0.26948182875489773,0.568,0.011076461528845753,0.0125,True,0.26636894152987456,0.5585,0.011103552359492884,0.0125,,
family_10_decile,long_term_reversal,10,180,lambda_rate,2000,2000,-0.4977978592944884,-0.11749442056164497,0.38030343873284345,0.2360283765144465,0.24397162323025795,0.0038584948135918225,0.4901017926755058,0.45179984216150604,0.305,0.010295023069425343,0.2537018913515435,0.578,0.011043459602859965,0.0135,True,0.252296540310251,0.5765,0.011048704675209669,0.015,,
family_10_decile,long_term_reversal,10,240,lambda_rate,2000,2000,-0.4977978592944884,-0.1422834977395499,0.3555143615549385,0.28582585297012597,0.24463558572519906,0.003868995607943352,0.4914355920933701,0.4315172160992249,0.2535,0.009727223396221554,0.24711431157036134,0.597,0.010967930524944073,0.024,True,0.2459358053373104,0.595,0.01097667982588542,0.0265,,
family_10_decile,long_term_reversal,10,444,lambda_rate,2000,2000,-0.4977978592944884,-0.22610964207103712,0.27168821722345127,0.4542197959458774,0.22320441863051294,0.003530054357361836,0.4483836450137668,0.3515818393603322,0.1355,0.007653095778833557,0.2227215503675135,0.666,0.010546184144039966,0.11,True,0.22251129551556734,0.6655,0.010550112558641259,0.109,,
family_10_decile,long_term_reversal,10,648,lambda_rate,2000,2000,-0.4977978592944884,-0.26738419290430876,0.23041366639017963,0.537134075432271,0.20614821959393362,0.003260304725618315,0.41412034171079065,0.30913799112514917,0.0795,0.006048956521582875,0.20381634444449173,0.6855,0.010382431073693675,0.2245,True,0.20356190079440012,0.6845,0.010391336535787877,0.224,,
family_10_decile,ppe_investment,10,12,lambda_rate,2000,2000,-0.4977978592944884,-0.02532799742707643,0.47246986186741197,0.050880085067004754,0.22708786611050685,0.003591472409846861,0.4561848988911897,0.5241859258489945,0.4505,0.011125415722569651,0.26552307170158573,0.484,0.011174614087296258,0.003,True,0.2432446679110743,0.433,0.011079508111825181,0.01,,
family_10_decile,ppe_investment,10,15,lambda_rate,2000,2000,-0.4977978592944884,-0.015530010477669423,0.48226784881681894,0.031197423186350316,0.21867249622066037,0.003458380451673578,0.4392797038753387,0.5295054577390824,0.4675,0.011156696419639641,0.2570529497894139,0.439,0.011096823869918815,0.002,True,0.2414759649127278,0.3995,0.010952163028370241,0.006,,
family_10_decile,ppe_investment,10,18,lambda_rate,2000,2000,-0.4977978592944884,-0.025564555339450484,0.47223330395503793,0.05135529384493987,0.21222277720175683,0.003356375935516892,0.42632320175609595,0.517706752200448,0.449,0.01112202769282652,0.2512670499722375,0.4495,0.011123168388548292,0.0035,True,0.2365847410352196,0.411,0.011001795308039502,0.009,,
family_10_decile,ppe_investment,10,24,lambda_rate,2000,2000,-0.4977978592944884,-0.022588611173107922,0.4752092481213805,0.04537707575746102,0.21316854379937442,0.0033713335583070293,0.4282231026495188,0.520808925760303,0.443,0.011107452453195556,0.24221619472889078,0.404,0.010972328832112169,0.003,True,0.23281687243536003,0.383,0.010869935602385139,0.011,,
family_10_decile,ppe_investment,10,30,lambda_rate,2000,2000,-0.4977978592944884,-0.03498870041924422,0.46280915887524415,0.07028696440927346,0.21688394041492706,0.003430093828791505,0.43568676796302247,0.5110845740451493,0.435,0.01108546345445241,0.23816655868873715,0.4075,0.01098735068157925,0.004,True,0.22992752315084522,0.3875,0.01089366214824014,0.0075,,
family_10_decile,ppe_investment,10,36,lambda_rate,2000,2000,-0.4977978592944884,-0.053918105558804524,0.4438797537356839,0.10831325316509151,0.21954574764549198,0.00347219122216017,0.441033932843035,0.49518226030221923,0.399,0.01094986301284176,0.23742081073260768,0.443,0.011107452453195556,0.0055,True,0.22991152487552613,0.4205,0.011038110119037587,0.009,,
family_10_decile,ppe_investment,10,48,lambda_rate,2000,2000,-0.4977978592944884,-0.04611130795433107,0.45168655134015734,0.09263058708143708,0.21472474064370345,0.003395945344601145,0.4313492648361834,0.5001043906515399,0.3985,0.010947551096021428,0.23135362045337218,0.431,0.011073368954387819,0.0075,True,0.2257455333454843,0.412,0.011005816643938786,0.013,,
family_10_decile,ppe_investment,10,51,lambda_rate,2000,2000,-0.4977978592944884,-0.06226593634623749,0.4355319229482509,0.12508277242189197,0.21314672141752974,0.0033709884298611346,0.428179264811655,0.48486788406288334,0.3835,0.010872620429316937,0.22780594526310063,0.418,0.011028961873177366,0.007,True,0.22163752624122818,0.404,0.010972328832112169,0.0115,,
family_10_decile,ppe_investment,10,60,lambda_rate,2000,2000,-0.4977978592944884,-0.053116461958082395,0.444681397336406,0.10670287339797425,0.21697192726735157,0.0034314853710096086,0.43586352013417323,0.4947674443115234,0.3985,0.010947551096021428,0.22937683673610573,0.4305,0.011071805408333366,0.009,True,0.2248513641935466,0.4235,0.011048704675209669,0.0125,,
family_10_decile,ppe_investment,10,72,lambda_rate,2000,2000,-0.4977978592944884,-0.07365000231724646,0.42414785697724194,0.1479516252272118,0.2141336293764405,0.003386596717376424,0.4301618124270857,0.4751122911509433,0.345,0.010629557845931316,0.22406438643974547,0.4515,0.011127617669564317,0.0095,True,0.22078714515701695,0.44,0.011099549540409287,0.0145,,
family_10_decile,ppe_investment,10,84,lambda_rate,2000,2000,-0.4977978592944884,-0.08413513492556896,0.41366272436891943,0.16901465796741424,0.2228634476091942,0.003524661783832488,0.447698686219846,0.46985118043315854,0.3335,0.010542242408520116,0.22317945216614807,0.4475,0.011118537448783451,0.017,True,0.2205232030817128,0.4385,0.011095443884766396,0.023,,
family_10_decile,ppe_investment,10,120,lambda_rate,2000,2000,-0.4977978592944884,-0.10034870101339129,0.3974491582810971,0.20158524015272386,0.2077542487821834,0.003285704627505635,0.4173466094784463,0.4484485259106762,0.3,0.010246950765959597,0.21397629087170963,0.457,0.011138918259867068,0.028,True,0.2119313012140552,0.454,0.011132924144177037,0.0285,,
family_10_decile,ppe_investment,10,180,lambda_rate,2000,2000,-0.4977978592944884,-0.14119888842302375,0.35659897087146464,0.28364703822378834,0.210053869608766,0.0033220739187990833,0.4219661970954798,0.4138398154481216,0.234,0.009466889668734923,0.20822874133863725,0.514,0.011175956334918278,0.0455,True,0.20679838995969657,0.5055,0.011179663456473097,0.049,,
family_10_decile,ppe_investment,10,240,lambda_rate,2000,2000,-0.4977978592944884,-0.17466712411087706,0.32313073518361135,0.3508796208132086,0.21045068417369606,0.003328349677104365,0.4227633370540414,0.38559151669123026,0.1835,0.00865528018032923,0.2031291808110741,0.523,0.011168504823833851,0.074,True,0.20176129481443714,0.5235,0.01116798437498907,0.082,,
family_10_decile,ppe_investment,10,444,lambda_rate,2000,2000,-0.4977978592944884,-0.26329570024801574,0.23450215904647265,0.5289209170589355,0.19018741634862005,0.0030078791536300555,0.3820575215372884,0.3019013585728819,0.065,0.005512485827646181,0.18699313895520078,0.647,0.010686229456641851,0.2485,True,0.18656202775655395,0.6455,0.010696488909918058,0.2465,,
family_10_decile,ppe_investment,10,648,lambda_rate,2000,2000,-0.4977978592944884,-0.30612729924680593,0.19167056004768246,0.6149630689064624,0.16380342291811156,0.002590607257556398,0.3290561015072754,0.2521026560113997,0.0235,0.0033873108803297047,0.1706295672013639,0.7055,0.010192392996740265,0.451,True,0.1702480902851865,0.708,0.01016700545883595,0.457,,
joint_70_portfolio,book_to_market,70,12,fitted_premium_spread,2000,2000,0.2948091835679978,0.07426062796065586,-0.22054855560734193,0.2518938761062293,0.5397897646247966,0.00853696007616847,1.8309801550001374,0.582982820397978,0.461,0.01114627740548386,,,,,,,,,,0.25,False
joint_70_portfolio,book_to_market,70,15,fitted_premium_spread,2000,2000,0.2948091835679978,0.06557088870134342,-0.22923829486665437,0.2224180668585566,0.47050443311086504,0.007441188818983429,1.5959626067833912,0.5232723289068123,0.4475,0.011118537448783451,,,,,,,,,,0.25,False
joint_70_portfolio,book_to_market,70,18,fitted_premium_spread,2000,2000,0.2948091835679978,0.06530066195566704,-0.22950852161233076,0.2215014510923654,0.40657245807598485,0.006430082728739681,1.379103775382251,0.46678975414718904,0.4445,0.011111249929688378,,,,,,,,,,0.25,False
joint_70_portfolio,book_to_market,70,24,fitted_premium_spread,2000,2000,0.2948091835679978,0.06773588394289216,-0.22707329962510564,0.2297617839549726,0.34877240025005907,0.0055159550101395675,1.1830445579373028,0.4161053346031895,0.416,0.011021433663548495,,,,,,,,,,0.25,False
joint_70_portfolio,book_to_market,70,30,fitted_premium_spread,2000,2000,0.2948091835679978,0.061290095287632226,-0.23351908828036555,0.20789751033483547,0.32482825398694576,0.00513727013298518,1.1018254250279285,0.3999897529715065,0.4395,0.011098192420389907,,,,,,,,,,0.25,False
joint_70_portfolio,book_to_market,70,36,fitted_premium_spread,2000,2000,0.2948091835679978,0.07735187275656762,-0.21745731081143016,0.26237945446745686,0.28669939423522706,0.004534249151888021,0.9724913951640851,0.3597820540394666,0.4155,0.011019522448817825,,,,,,,,,,0.25,False
joint_70_portfolio,book_to_market,70,48,fitted_premium_spread,2000,2000,0.2948091835679978,0.06945256077078056,-0.22535662279721724,0.23558479396813403,0.25535027836222035,0.004038452143182118,0.866154423250264,0.3405242578964101,0.4015,0.010961244226820238,,,,,,,,,,0.25,False
joint_70_portfolio,book_to_market,70,51,fitted_premium_spread,2000,2000,0.2948091835679978,0.07796797484878729,-0.2168412087192105,0.2644692879141737,0.25021109770573097,0.003957174240257888,0.8487221960913566,0.33105044995771793,0.4105,0.010999767042987774,,,,,,,,,,0.25,False
joint_70_portfolio,book_to_market,70,60,fitted_premium_spread,2000,2000,0.2948091835679978,0.08546285215683759,-0.2093463314111602,0.28989209604159283,0.23328227533094606,0.0036894391140638197,0.7912992143175196,0.3133995790502962,0.37,0.010795832529267949,,,,,,,,,,0.25,True
joint_70_portfolio,book_to_market,70,72,fitted_premium_spread,2000,2000,0.2948091835679978,0.09481665403655051,-0.19999252953144728,0.32162042202691776,0.22517024076239608,0.003561144507928881,0.7637829935866314,0.30112007301858795,0.35,0.01066536450385077,,,,,,,,,,0.25,True
joint_70_portfolio,book_to_market,70,84,fitted_premium_spread,2000,2000,0.2948091835679978,0.09470891089773951,-0.20010027267025826,0.32125495465067455,0.20712843164298791,0.0032758071150249986,0.7025847334067655,0.28795981529372844,0.326,0.010481507525160682,,,,,,,,,,0.25,True
joint_70_portfolio,book_to_market,70,120,fitted_premium_spread,2000,2000,0.2948091835679978,0.09862892172996451,-0.19618026183803328,0.3345517277863759,0.19114574050085703,0.003023035378449105,0.6483710520393923,0.2738706280333918,0.2995,0.01024206400097168,,,,,,,,,,0.25,True
joint_70_portfolio,book_to_market,70,180,fitted_premium_spread,2000,2000,0.2948091835679978,0.11989667003142258,-0.17491251353657522,0.4066924529973755,0.17245869083365725,0.002727493285202579,0.5849841200549969,0.24560439009862903,0.2255,0.009344777953488247,,,,,,,,,,0.25,True
joint_70_portfolio,book_to_market,70,240,fitted_premium_spread,2000,2000,0.2948091835679978,0.13044208584480085,-0.16436709772319694,0.44246276274739715,0.1675261962708007,0.0026494841936661848,0.5682529772080888,0.23466473262442172,0.193,0.008824709626950906,,,,,,,,,,0.25,True
joint_70_portfolio,book_to_market,70,444,fitted_premium_spread,2000,2000,0.2948091835679978,0.16859332075696265,-0.12621586281103514,0.5718726897056671,0.15058457095240288,0.002381546584532195,0.5107865675346932,0.19645564175545796,0.1025,0.006782099601155972,,,,,,,,,,0.25,True
joint_70_portfolio,book_to_market,70,648,fitted_premium_spread,2000,2000,0.2948091835679978,0.184511988308373,-0.11029719525962478,0.6258692014789807,0.1390231587232976,0.0021986988888323647,0.47156997295924424,0.1774351887992128,0.076,0.005925537950262406,,,,,,,,,,0.25,True
joint_70_portfolio,earnings_to_price,70,12,fitted_premium_spread,2000,2000,0.17714511422686677,0.05863489097625323,-0.11851022325061353,0.3309991993409455,0.5009101563482715,0.007922065749921891,2.8276825953368623,0.5146165584737764,0.454,0.011132924144177037,,,,,,,,,,0.25,False
joint_70_portfolio,earnings_to_price,70,15,fitted_premium_spread,2000,2000,0.17714511422686677,0.05900796856139874,-0.11813714566546803,0.33310525564836196,0.39722187975268985,0.006282200128760147,2.2423530080766128,0.41432199353807814,0.452,0.011128701631367427,,,,,,,,,,0.25,False
joint_70_portfolio,earnings_to_price,70,18,fitted_premium_spread,2000,2000,0.17714511422686677,0.06023721185287991,-0.11690790237398685,0.3400444438774367,0.37358674215393267,0.005908402329508454,2.108930544228764,0.39136265537697645,0.452,0.011128701631367427,,,,,,,,,,0.25,False
joint_70_portfolio,earnings_to_price,70,24,fitted_premium_spread,2000,2000,0.17714511422686677,0.05270267960352044,-0.12444243462334634,0.29751133602265206,0.30553778306142043,0.004832184725787495,1.7247880891037353,0.3298372018809194,0.441,0.011102229505824495,,,,,,,,,,0.25,False
joint_70_portfolio,earnings_to_price,70,30,fitted_premium_spread,2000,2000,0.17714511422686677,0.045261509278916034,-0.13188360494795073,0.2555052645761959,0.279333336859217,0.004417752430647902,1.5768616485887357,0.3088387682568876,0.446,0.011114944894150398,,,,,,,,,,0.25,False
joint_70_portfolio,earnings_to_price,70,36,fitted_premium_spread,2000,2000,0.17714511422686677,0.06020169590700701,-0.11694341831985976,0.33984395318917865,0.25416311301726163,0.0040196767164921215,1.4347734857183767,0.27971834345096086,0.432,0.011076461528845753,,,,,,,,,,0.25,False
joint_70_portfolio,earnings_to_price,70,48,fitted_premium_spread,2000,2000,0.17714511422686677,0.060880585034522386,-0.11626452919234438,0.34367634298145894,0.23626667898097703,0.003736638480337827,1.3337465163074962,0.26327072259030093,0.407,0.010985240097512661,,,,,,,,,,0.25,True
joint_70_portfolio,earnings_to_price,70,51,fitted_premium_spread,2000,2000,0.17714511422686677,0.06274861716214766,-0.1143964970647191,0.3542215512745475,0.21685070099822862,0.0034295681360275694,1.2241415855280748,0.24512705471008236,0.417,0.011025221086218633,,,,,,,,,,0.25,True
joint_70_portfolio,earnings_to_price,70,60,fitted_premium_spread,2000,2000,0.17714511422686677,0.06082841566932711,-0.11631669855753965,0.34338184225292934,0.20425899508235454,0.0032304259926610865,1.1530602804024472,0.23501159666459623,0.3915,0.010913930318634071,,,,,,,,,,0.25,True
joint_70_portfolio,earnings_to_price,70,72,fitted_premium_spread,2000,2000,0.17714511422686677,0.07154990460070534,-0.10559520962616142,0.40390560537318904,0.19173314630913216,0.003032325402570329,1.0823507447322693,0.2188459889737421,0.375,0.010825317547305483,,,,,,,,,,0.25,True
joint_70_portfolio,earnings_to_price,70,84,fitted_premium_spread,2000,2000,0.17714511422686677,0.06945758055885184,-0.10768753366801492,0.3920942491809212,0.17250049356359948,0.0027281544096995204,0.9737807012993934,0.2033178471680374,0.3475,0.010647622974166581,,,,,,,,,,0.25,True
joint_70_portfolio,earnings_to_price,70,120,fitted_premium_spread,2000,2000,0.17714511422686677,0.06872968390104786,-0.1084154303258189,0.3879852075007099,0.1625597639329111,0.0025709383645895144,0.9176643942023913,0.19536214972258908,0.342,0.010607450211997226,,,,,,,,,,0.25,True
joint_70_portfolio,earnings_to_price,70,180,fitted_premium_spread,2000,2000,0.17714511422686677,0.08043951102217034,-0.09670560320469643,0.45408822802277693,0.14914856636318008,0.0023588356799341594,0.8419569854586451,0.17772491635094959,0.2995,0.01024206400097168,,,,,,,,,,0.25,True
joint_70_portfolio,earnings_to_price,70,240,fitted_premium_spread,2000,2000,0.17714511422686677,0.08021755191160858,-0.09692756231525819,0.45283524900876077,0.14164013881629828,0.0022400873256612913,0.799571240982137,0.17160084584819663,0.298,0.010227316363543272,,,,,,,,,,0.25,True
joint_70_portfolio,earnings_to_price,70,444,fitted_premium_spread,2000,2000,0.17714511422686677,0.10227287234231085,-0.07487224188455592,0.5773395037660012,0.13077748046471854,0.0020682906619491647,0.7382505638695405,0.1506653597441062,0.2205,0.009270376205958419,,,,,,,,,,0.25,True
joint_70_portfolio,earnings_to_price,70,648,fitted_premium_spread,2000,2000,0.17714511422686677,0.11072978013457375,-0.06641533409229301,0.6250795039865676,0.12481366933885445,0.001973970945607933,0.7045843171209774,0.14135649765890804,0.1815,0.008618519304381698,,,,,,,,,,0.25,True
joint_70_portfolio,equity_duration,70,12,fitted_premium_spread,2000,2000,-0.2625219293495867,-0.0447126383920952,0.21780929095749146,0.1703196319746444,0.4609103842605547,0.0072894556491986335,1.7557024108518742,0.5096793603388877,0.4765,0.01116798437498907,,,,,,,,,,0.25,False
joint_70_portfolio,equity_duration,70,15,fitted_premium_spread,2000,2000,-0.2625219293495867,-0.0591938325166329,0.20332809683295378,0.22548147754090125,0.3908693068982792,0.0061817320124801884,1.4889015476409175,0.4405050971660994,0.453,0.011130835548151809,,,,,,,,,,0.25,False
joint_70_portfolio,equity_duration,70,18,fitted_premium_spread,2000,2000,-0.2625219293495867,-0.05796694422374033,0.20455498512584636,0.2208080078009361,0.3567716245103113,0.0056424654825964855,1.3590164653834205,0.41117525582108405,0.435,0.01108546345445241,,,,,,,,,,0.25,False
joint_70_portfolio,equity_duration,70,24,fitted_premium_spread,2000,2000,-0.2625219293495867,-0.05437429894696502,0.20814763040262166,0.20712288334037657,0.30340995210136745,0.004798532350093722,1.155750884709263,0.36788178301849006,0.441,0.011102229505824495,,,,,,,,,,0.25,False
joint_70_portfolio,equity_duration,70,30,fitted_premium_spread,2000,2000,-0.2625219293495867,-0.04919319456165543,0.21332873478793124,0.18738699156879743,0.267376233523029,0.004228646744513578,1.0184910425786873,0.3419992022125993,0.439,0.011096823869918815,,,,,,,,,,0.25,False
joint_70_portfolio,equity_duration,70,36,fitted_premium_spread,2000,2000,-0.2625219293495867,-0.06240600634485255,0.20011592300473413,0.2377173080339119,0.24576409843547492,0.003886843423119637,0.9361659768552278,0.3168851128150368,0.4275,0.011062182198824967,,,,,,,,,,0.25,True
joint_70_portfolio,equity_duration,70,48,fitted_premium_spread,2000,2000,-0.2625219293495867,-0.06788523627711765,0.19463669307246903,0.2585888213045945,0.22317122298277609,0.0035295293568190244,0.8501050694534196,0.29608095913184057,0.3715,0.010804807957571482,,,,,,,,,,0.25,True
joint_70_portfolio,equity_duration,70,51,fitted_premium_spread,2000,2000,-0.2625219293495867,-0.06940159435136285,0.19312033499822384,0.26436494095296853,0.21474547589936235,0.003396273279773929,0.8180096665882608,0.2887698484941948,0.393,0.010921332336304029,,,,,,,,,,0.25,True
joint_70_portfolio,equity_duration,70,60,fitted_premium_spread,2000,2000,-0.2625219293495867,-0.06898023634748189,0.19354169300210478,0.26275990169043945,0.19781833587303613,0.003128564760497159,0.7535307102273038,0.2767145006874315,0.366,0.010771350890208711,,,,,,,,,,0.25,True
joint_70_portfolio,equity_duration,70,72,fitted_premium_spread,2000,2000,-0.2625219293495867,-0.08127488929999492,0.18124704004959175,0.3095927624079184,0.1936209963579509,0.0030621823979280695,0.7375421810957209,0.265180759506169,0.3525,0.010682784047241618,,,,,,,,,,0.25,True
joint_70_portfolio,equity_duration,70,84,fitted_premium_spread,2000,2000,-0.2625219293495867,-0.08055086252391203,0.18197106682567465,0.306834795567294,0.17661241099909233,0.002793185792811617,0.672752982719043,0.2535543667711661,0.33,0.01051427600931229,,,,,,,,,,0.25,True
joint_70_portfolio,equity_duration,70,120,fitted_premium_spread,2000,2000,-0.2625219293495867,-0.08703826759397827,0.17548366175560842,0.3315466552056075,0.16399979456801828,0.0025937129424826585,0.6247089337425535,0.2401603634973927,0.2965,0.010212437270309179,,,,,,,,,,0.25,True
joint_70_portfolio,equity_duration,70,180,fitted_premium_spread,2000,2000,-0.2625219293495867,-0.10775096818830297,0.1547709611612837,0.4104455900322775,0.15513968340446951,0.0024535872486836923,0.5909589487965332,0.21911261402517018,0.2145,0.009178500694557909,,,,,,,,,,0.25,True
joint_70_portfolio,equity_duration,70,240,fitted_premium_spread,2000,2000,-0.2625219293495867,-0.11210217222124223,0.15041975712834443,0.42702022074491786,0.1462263804866199,0.0023126203090653216,0.5570063455228454,0.20975596918226846,0.2085,0.009083714823793183,,,,,,,,,,0.25,True
joint_70_portfolio,equity_duration,70,444,fitted_premium_spread,2000,2000,-0.2625219293495867,-0.1476034206146619,0.11491850873492479,0.5622517744721667,0.13246180382651904,0.002094928813017189,0.5045742432058946,0.1753385869057285,0.108,0.0069403169956422026,,,,,,,,,,0.25,True
joint_70_portfolio,equity_duration,70,648,fitted_premium_spread,2000,2000,-0.2625219293495867,-0.16687313977728122,0.09564878957230546,0.635654096367184,0.1260387559074997,0.001993346109443513,0.4801075331869152,0.15819771190937656,0.0695,0.005686376262612245,,,,,,,,,,0.25,True
joint_70_portfolio,inventory_growth,70,12,fitted_premium_spread,2000,2000,-0.13239624728089103,-0.027431327289795804,0.10496491999109522,0.20719112401726672,0.295188644858068,0.00466850955916743,2.2295846817455307,0.3132258008431825,0.476,0.011167452708652945,,,,,,,,,,0.25,False
joint_70_portfolio,inventory_growth,70,15,fitted_premium_spread,2000,2000,-0.13239624728089103,-0.016998307960454127,0.1153979393204369,0.128389650836482,0.24630085262275145,0.00389533237449996,1.8603310719238224,0.2719383429145221,0.48,0.011171392035015153,,,,,,,,,,0.25,True
joint_70_portfolio,inventory_growth,70,18,fitted_premium_spread,2000,2000,-0.13239624728089103,-0.018421026892478178,0.11397522038841285,0.13913556668563457,0.22814423196103936,0.0036081791977165645,1.7231925877552257,0.25497865899794686,0.4855,0.011175637565705143,,,,,,,,,,0.25,True
joint_70_portfolio,inventory_growth,70,24,fitted_premium_spread,2000,2000,-0.13239624728089103,-0.028530392230182004,0.10386585505070903,0.21549245402441133,0.18484060895252113,0.002923317562679574,1.3961166781439394,0.21198368696198008,0.457,0.011138918259867068,,,,,,,,,,0.25,True
joint_70_portfolio,inventory_growth,70,30,fitted_premium_spread,2000,2000,-0.13239624728089103,-0.02098126270553525,0.11141498457535579,0.1584732432862809,0.17583510600531455,0.0027808924480063483,1.328097356356815,0.20812454035883185,0.472,0.011162795348836239,,,,,,,,,,0.25,True
joint_70_portfolio,inventory_growth,70,36,fitted_premium_spread,2000,2000,-0.13239624728089103,-0.03135969068417635,0.10103655659671468,0.23686238340006596,0.16225833519325367,0.002566171165793046,1.225550863605729,0.1911098878261864,0.442,0.011104863799254811,,,,,,,,,,0.25,True
joint_70_portfolio,inventory_growth,70,48,fitted_premium_spread,2000,2000,-0.13239624728089103,-0.027368251323240344,0.10502799595765068,0.20671470593253324,0.1500870989170682,0.0023736788938441096,1.1336204915132102,0.18315500028006726,0.444,0.011109995499549044,,,,,,,,,,0.25,True
joint_70_portfolio,inventory_growth,70,51,fitted_premium_spread,2000,2000,-0.13239624728089103,-0.028837573937478118,0.10355867334341291,0.21781262331625237,0.14282771205896996,0.0022588692033933765,1.078789731524245,0.17639148017685471,0.446,0.011114944894150398,,,,,,,,,,0.25,True
joint_70_portfolio,inventory_growth,70,60,fitted_premium_spread,2000,2000,-0.13239624728089103,-0.026275316650298187,0.10612093063059284,0.19845967835140102,0.13335836549438726,0.0021091082429842136,1.0072669598516264,0.17040309075370086,0.427,0.01106053796160024,,,,,,,,,,0.25,True
joint_70_portfolio,inventory_growth,70,72,fitted_premium_spread,2000,2000,-0.13239624728089103,-0.0342889846288089,0.09810726265208213,0.25898758713350545,0.13055357939298168,0.002064749589784231,0.9860821743383711,0.16328119903668653,0.406,0.010980983562504773,,,,,,,,,,0.25,True
joint_70_portfolio,inventory_growth,70,84,fitted_premium_spread,2000,2000,-0.13239624728089103,-0.03618710439473172,0.09620914288615931,0.2733242454973621,0.11377926124695241,0.0017994580009058488,0.8593843374243008,0.14898136327959519,0.397,0.010940543862167,,,,,,,,,,0.25,True
joint_70_portfolio,inventory_growth,70,120,fitted_premium_spread,2000,2000,-0.13239624728089103,-0.04023063442985763,0.09216561285103339,0.30386536821171806,0.10807943350745931,0.001709313272268927,0.8163330587320854,0.14202050400391575,0.361,0.01073962289840756,,,,,,,,,,0.25,True
joint_70_portfolio,inventory_growth,70,180,fitted_premium_spread,2000,2000,-0.13239624728089103,-0.051959204852129015,0.08043704242876201,0.3924522478487831,0.10336381635845027,0.0016347341713414244,0.7807156054744834,0.1309536341137725,0.305,0.010295023069425343,,,,,,,,,,0.25,True
joint_70_portfolio,inventory_growth,70,240,fitted_premium_spread,2000,2000,-0.13239624728089103,-0.05314940469472561,0.07924684258616542,0.40144192744348844,0.10001851694158516,0.0015818271148609112,0.7554482773925345,0.1275882594097319,0.2795,0.010034434463386564,,,,,,,,,,0.25,True
joint_70_portfolio,inventory_growth,70,444,fitted_premium_spread,2000,2000,-0.13239624728089103,-0.07353180814363729,0.05886443913725374,0.5553919363562675,0.09273755056865932,0.0014666761369893724,0.7004545255116478,0.10982247198900302,0.1925,0.008816001077586141,,,,,,,,,,0.25,True
joint_70_portfolio,inventory_growth,70,648,fitted_premium_spread,2000,2000,-0.13239624728089103,-0.0877810082453012,0.044615239035589824,0.6630173441326142,0.08666448503949513,0.0013706285248260201,0.6545841503772257,0.09745510327776638,0.134,0.007617217339685143,,,,,,,,,,0.25,True
joint_70_portfolio,investment_to_assets,70,12,fitted_premium_spread,2000,2000,-0.25927928864000593,-0.05179694090692747,0.20748234773307847,0.1997727669595873,0.3883491968029891,0.006141875607855705,1.4978026160129942,0.4402142838766458,0.4405,0.01110089523416918,,,,,,,,,,0.25,False
joint_70_portfolio,investment_to_assets,70,15,fitted_premium_spread,2000,2000,-0.25927928864000593,-0.04484137675735687,0.21443791188264907,0.17294623489813907,0.30602111763373935,0.0048398288276540555,1.1802759843985522,0.3736117209459237,0.442,0.011104863799254811,,,,,,,,,,0.25,False
joint_70_portfolio,investment_to_assets,70,18,fitted_premium_spread,2000,2000,-0.25927928864000593,-0.05989006724304306,0.19938922139696286,0.23098669992957635,0.30600473518493115,0.004839569733613022,1.1802127998345473,0.3651686461293044,0.436,0.011088372288122365,,,,,,,,,,0.25,False
joint_70_portfolio,investment_to_assets,70,24,fitted_premium_spread,2000,2000,-0.25927928864000593,-0.05998623922570947,0.19929304941429646,0.23135762034967952,0.24470929036629263,0.003870161272095731,0.9438057765811643,0.3155478014786792,0.4135,0.011011760758389187,,,,,,,,,,0.25,True
joint_70_portfolio,investment_to_assets,70,30,fitted_premium_spread,2000,2000,-0.25927928864000593,-0.04416447116644626,0.21511481747355968,0.17033551502744995,0.22559286115155405,0.0035678283941861983,0.8700766742104746,0.31167463424174574,0.4355,0.011086923603957953,,,,,,,,,,0.25,True
joint_70_portfolio,investment_to_assets,70,36,fitted_premium_spread,2000,2000,-0.25927928864000593,-0.06616461021351083,0.1931146784264951,0.2551866389350385,0.21449858785144787,0.0033923686607046986,0.8272877829021915,0.28858260237224764,0.401,0.010958991741944146,,,,,,,,,,0.25,True
joint_70_portfolio,investment_to_assets,70,48,fitted_premium_spread,2000,2000,-0.25927928864000593,-0.051365728296546675,0.20791356034345926,0.19810964680586182,0.18947188418165406,0.002996562767246092,0.7307636686890353,0.28126445504647707,0.403,0.010967930524944073,,,,,,,,,,0.25,True
joint_70_portfolio,investment_to_assets,70,51,fitted_premium_spread,2000,2000,-0.25927928864000593,-0.05851409641316771,0.20076519222683822,0.22567979386279133,0.19749386202049374,0.0031234330953444486,0.7617031929407303,0.28158655158384466,0.3815,0.010861808090737012,,,,,,,,,,0.25,True
joint_70_portfolio,investment_to_assets,70,60,fitted_premium_spread,2000,2000,-0.25927928864000593,-0.05961859181397882,0.1996606968260271,0.22993966130767865,0.16943174123116647,0.002679621040112864,0.6534719457149255,0.26183421326520984,0.366,0.010771350890208711,,,,,,,,,,0.25,True
joint_70_portfolio,investment_to_assets,70,72,fitted_premium_spread,2000,2000,-0.25927928864000593,-0.07196995206967374,0.1873093365703322,0.2775769420194599,0.16453012599780875,0.002602100315752705,0.6345671760394606,0.2492817980641434,0.351,0.010672370870617268,,,,,,,,,,0.25,True
joint_70_portfolio,investment_to_assets,70,84,fitted_premium_spread,2000,2000,-0.25927928864000593,-0.07499595904271912,0.18428332959728683,0.28924778155669273,0.15948273732521293,0.0025222741345045175,0.6151001808194766,0.24368498456091367,0.3205,0.010435031145137996,,,,,,,,,,0.25,True
joint_70_portfolio,investment_to_assets,70,120,fitted_premium_spread,2000,2000,-0.25927928864000593,-0.07904106633608872,0.18023822230391723,0.30484913295883265,0.14632782989879714,0.002314224766278603,0.5643637433067966,0.23213561696832768,0.2875,0.010120369311443136,,,,,,,,,,0.25,True
joint_70_portfolio,investment_to_assets,70,180,fitted_premium_spread,2000,2000,-0.25927928864000593,-0.09723328717906404,0.1620460014609419,0.37501370699171716,0.13407051894322644,0.0021203711937833485,0.5170891961577984,0.21029698806012598,0.2105,0.009115639034099584,,,,,,,,,,0.25,True
joint_70_portfolio,investment_to_assets,70,240,fitted_premium_spread,2000,2000,-0.25927928864000593,-0.11297091687758637,0.14630837176241956,0.4357113037070996,0.1309570307344891,0.002071130310985048,0.5050809550635387,0.19633468535797463,0.1645,0.008289745170992895,,,,,,,,,,0.25,True
joint_70_portfolio,investment_to_assets,70,444,fitted_premium_spread,2000,2000,-0.25927928864000593,-0.14663576521993932,0.11264352342006662,0.565551402077219,0.11696892284261821,0.0018499035919177758,0.4511309925916323,0.16236825864372012,0.07,0.005705260730238366,,,,,,,,,,0.25,True
joint_70_portfolio,investment_to_assets,70,648,fitted_premium_spread,2000,2000,-0.25927928864000593,-0.1672895160189138,0.09198977262109215,0.6452097153474741,0.1094175781611117,0.0017304764884560832,0.422006627428817,0.14292773899533254,0.0345,0.004081038470781672,,,,,,,,,,0.25,True
joint_70_portfolio,long_term_reversal,70,12,fitted_premium_spread,2000,2000,-0.10889477268833199,-0.052041071572806415,0.056853701115525575,0.4779023849175323,0.5622293671015226,0.008891850077838022,5.163051937402733,0.5649567714713193,0.4835,0.011174250534152167,,,,,,,,,,0.25,False
joint_70_portfolio,long_term_reversal,70,15,fitted_premium_spread,2000,2000,-0.10889477268833199,-0.0505448234561501,0.05834994923218189,0.46416207324124337,0.4855903548530907,0.007679777840238958,4.4592623030942,0.4889629948220883,0.473,0.011164027051203344,,,,,,,,,,0.25,False
joint_70_portfolio,long_term_reversal,70,18,fitted_premium_spread,2000,2000,-0.10889477268833199,-0.050559606159884314,0.058335166528447675,0.4642978254299781,0.42716936789094384,0.006755829914600029,3.9227720242692126,0.4310283328086659,0.469,0.011158830583891844,,,,,,,,,,0.25,False
joint_70_portfolio,long_term_reversal,70,24,fitted_premium_spread,2000,2000,-0.10889477268833199,-0.04629627765063516,0.06259849503769682,0.42514692402306453,0.35262856878940163,0.005576941636831585,3.2382506532123516,0.35805489195608414,0.463,0.011149686094236015,,,,,,,,,,0.25,False
joint_70_portfolio,long_term_reversal,70,30,fitted_premium_spread,2000,2000,-0.10889477268833199,-0.041520818853721934,0.06737395383461006,0.3812930394056543,0.322575229009431,0.005101637771009915,2.962265506836351,0.32945713019543194,0.465,0.011152914417317117,,,,,,,,,,0.25,False
joint_70_portfolio,long_term_reversal,70,36,fitted_premium_spread,2000,2000,-0.10889477268833199,-0.04893075773630193,0.05996401495203006,0.44933982163080294,0.2881980088745881,0.004557950255881127,2.6465734007218176,0.2942995860722281,0.456,0.011136965475388708,,,,,,,,,,0.25,False
joint_70_portfolio,long_term_reversal,70,48,fitted_premium_spread,2000,2000,-0.10889477268833199,-0.03166257957644356,0.07723219311188842,0.29076308067665574,0.24915470243474153,0.003940466987093578,2.2880317969701616,0.2607907942496129,0.4565,0.011137947521873139,,,,,,,,,,0.25,True
joint_70_portfolio,long_term_reversal,70,51,fitted_premium_spread,2000,2000,-0.10889477268833199,-0.04070908772239949,0.0681856849659325,0.37383876854137965,0.24032969568368262,0.003800896481605993,2.206990195677536,0.24975742447497168,0.4635,0.011150510078018852,,,,,,,,,,0.25,True
joint_70_portfolio,long_term_reversal,70,60,fitted_premium_spread,2000,2000,-0.10889477268833199,-0.04721131216711281,0.06168346052121918,0.4335498481845077,0.21785432722734213,0.00344544082871431,2.000594903217839,0.226366134701295,0.4385,0.011095443884766396,,,,,,,,,,0.25,True
joint_70_portfolio,long_term_reversal,70,72,fitted_premium_spread,2000,2000,-0.10889477268833199,-0.057580072437004914,0.051314700251327075,0.5287680116822961,0.22023463675970958,0.0034830862395361863,2.0224537075810214,0.22608016729237979,0.415,0.011017599557072311,,,,,,,,,,0.25,True
joint_70_portfolio,long_term_reversal,70,84,fitted_premium_spread,2000,2000,-0.10889477268833199,-0.054080518149753,0.05481425453857899,0.4966309843406074,0.21364008251958722,0.0033787911047309088,1.9618947470605137,0.22050820011320818,0.4285,0.011065436051055557,,,,,,,,,,0.25,True
joint_70_portfolio,long_term_reversal,70,120,fitted_premium_spread,2000,2000,-0.10889477268833199,-0.04500460487481838,0.06389016781351362,0.41328526396419574,0.18356354737597616,0.0029031203962858183,1.6856965935486532,0.19432107883739366,0.4305,0.011071805408333366,,,,,,,,,,0.25,True
joint_70_portfolio,long_term_reversal,70,180,fitted_premium_spread,2000,2000,-0.10889477268833199,-0.04927299977880514,0.059621772909526846,0.4524826909720407,0.16498341203592998,0.0026092691897553737,1.5150719172547376,0.17538720674202302,0.4,0.010954451150103323,,,,,,,,,,0.25,True
joint_70_portfolio,long_term_reversal,70,240,fitted_premium_spread,2000,2000,-0.10889477268833199,-0.06015738742979435,0.04873738525853764,0.552435952109207,0.15986112620210408,0.0025282584842402545,1.4680330584797032,0.16708720657970455,0.3635,0.010755643867291257,,,,,,,,,,0.25,True
joint_70_portfolio,long_term_reversal,70,444,fitted_premium_spread,2000,2000,-0.10889477268833199,-0.06361125815923546,0.04528351452909653,0.584153459241771,0.14315753910495885,0.0022640855311346127,1.3146410573323883,0.15011472496125564,0.3345,0.010550112558641259,,,,,,,,,,0.25,True
joint_70_portfolio,long_term_reversal,70,648,fitted_premium_spread,2000,2000,-0.10889477268833199,-0.06652477108122525,0.042370001607106744,0.6109087648460957,0.13720233334722698,0.002169901911638857,1.259953347254915,0.14356282621894798,0.314,0.010377957409818176,,,,,,,,,,0.25,True
joint_70_portfolio,ppe_investment,70,12,fitted_premium_spread,2000,2000,-0.15065328342354228,-0.03862453528456137,0.11202874813898092,0.25638030852585847,0.34046273206555133,0.0053845347606528825,2.259909139241156,0.3583397199574223,0.4525,0.011129774256470793,,,,,,,,,,0.25,False
joint_70_portfolio,ppe_investment,70,15,fitted_premium_spread,2000,2000,-0.15065328342354228,-0.02387771363864179,0.12677556978490048,0.15849447881937415,0.29246929532933724,0.004625502114637505,1.9413403324711982,0.31869666559342924,0.4705,0.011160863541859115,,,,,,,,,,0.25,False
joint_70_portfolio,ppe_investment,70,18,fitted_premium_spread,2000,2000,-0.15065328342354228,-0.03843561244213368,0.11221767098140861,0.2551262844638899,0.269503294968864,0.004262286950076335,1.7888975855321403,0.29187071738454107,0.4705,0.011160863541859115,,,,,,,,,,0.25,False
joint_70_portfolio,ppe_investment,70,24,fitted_premium_spread,2000,2000,-0.15065328342354228,-0.03958003186676668,0.11107325155677561,0.26272266337197925,0.21811927374531412,0.0034496310486748887,1.4478229002955076,0.24472330657660793,0.449,0.01112202769282652,,,,,,,,,,0.25,True
joint_70_portfolio,ppe_investment,70,30,fitted_premium_spread,2000,2000,-0.15065328342354228,-0.03233699753143014,0.11831628589211214,0.21464515606021572,0.19937760391681053,0.0031532251188627907,1.3234202360945968,0.23179796534146022,0.4395,0.011098192420389907,,,,,,,,,,0.25,True
joint_70_portfolio,ppe_investment,70,36,fitted_premium_spread,2000,2000,-0.15065328342354228,-0.040381473147764385,0.1102718102757779,0.2680424364481794,0.18845658940338703,0.002980505532456483,1.2509291873418094,0.21830712376834888,0.4305,0.011071805408333366,,,,,,,,,,0.25,True
joint_70_portfolio,ppe_investment,70,48,fitted_premium_spread,2000,2000,-0.15065328342354228,-0.032788137265891026,0.11786514615765126,0.21763971233014157,0.16096309263676623,0.002545686460972135,1.0684340160329546,0.19947018652260062,0.421,0.011039904890894667,,,,,,,,,,0.25,True
joint_70_portfolio,ppe_investment,70,51,fitted_premium_spread,2000,2000,-0.15065328342354228,-0.03942383621058123,0.11122944721296105,0.26168587444421104,0.16732773845981136,0.0026463455153876193,1.1106809931874568,0.20088942903833165,0.4205,0.011038110119037587,,,,,,,,,,0.25,True
joint_70_portfolio,ppe_investment,70,60,fitted_premium_spread,2000,2000,-0.15065328342354228,-0.03808733039064046,0.11256595303290182,0.25281447257649764,0.14512418586862616,0.002295188723535869,0.9632991898399468,0.1836343992599834,0.4055,0.010978837597851605,,,,,,,,,,0.25,True
joint_70_portfolio,ppe_investment,70,72,fitted_premium_spread,2000,2000,-0.15065328342354228,-0.04529291003930567,0.10536037338423662,0.3006433647514372,0.14582115870975723,0.0023062115878227556,0.9679255267195196,0.17987213987151607,0.398,0.010945227270367666,,,,,,,,,,0.25,True
joint_70_portfolio,ppe_investment,70,84,fitted_premium_spread,2000,2000,-0.15065328342354228,-0.04834175021410434,0.10231153320943795,0.32088082725816036,0.1351132748032465,0.0021368627349898956,0.8968491873050848,0.16945240941694956,0.372,0.010807774979152739,,,,,,,,,,0.25,True
joint_70_portfolio,ppe_investment,70,120,fitted_premium_spread,2000,2000,-0.15065328342354228,-0.04618146857030823,0.10447181485323406,0.30654140102924265,0.1278789461096942,0.002022449347997157,0.848829465934566,0.16510362941021445,0.367,0.010777546102893738,,,,,,,,,,0.25,True
joint_70_portfolio,ppe_investment,70,180,fitted_premium_spread,2000,2000,-0.15065328342354228,-0.0606345534307124,0.0900187299928299,0.40247747711044685,0.11508267208295814,0.0018200718898660456,0.7638908988091421,0.14608480808273255,0.308,0.010323177805307822,,,,,,,,,,0.25,True
joint_70_portfolio,ppe_investment,70,240,fitted_premium_spread,2000,2000,-0.15065328342354228,-0.06388093328975741,0.08677235013378487,0.42402616018772327,0.10762245829787252,0.0017020860527555064,0.7143718069211001,0.13822533407828114,0.275,0.00998436277385793,,,,,,,,,,0.25,True
joint_70_portfolio,ppe_investment,70,444,fitted_premium_spread,2000,2000,-0.15065328342354228,-0.08442767520031845,0.06622560822322383,0.5604104555953217,0.10308908093105477,0.001630389136424331,0.6842803461590221,0.12250663701384464,0.186,0.008700689627839852,,,,,,,,,,0.25,True
joint_70_portfolio,ppe_investment,70,648,fitted_premium_spread,2000,2000,-0.15065328342354228,-0.09788795717986454,0.052765326243677746,0.6497565466573016,0.09585349343554787,0.0015159558410473763,0.6362522691660701,0.10939596844170478,0.133,0.00759312188760328,,,,,,,,,,0.25,True
joint_70_portfolio,joint_70_portfolio,70,12,lambda_market,2000,2000,0.6939221786933667,0.7223981693493466,0.028475990655979944,1.0410362884057105,1.2937853293411332,0.02046165827430058,1.864453059819027,1.2937752587767994,0.29,0.010146427942877236,1.3288577974984874,0.954,0.0046842288586276416,0.0665,False,,,,,,
joint_70_portfolio,joint_70_portfolio,70,15,lambda_market,2000,2000,0.6939221786933667,0.6963261081572567,0.002403929463890009,1.0034642637715032,1.1400378833451728,0.018030089737255946,1.6428901083574352,1.139755373381182,0.2675,0.009898074307662071,1.1882658780315696,0.959,0.00443390347211123,0.0745,False,,,,,,
joint_70_portfolio,joint_70_portfolio,70,18,lambda_market,2000,2000,0.6939221786933667,0.7061888590579344,0.012266680364567684,1.0176773141732773,1.0599257566215219,0.01676308900423512,1.5274418215272039,1.0597317394945276,0.2535,0.009727223396221554,1.0847958973746799,0.9495,0.0048964145045124596,0.089,False,,,,,,
joint_70_portfolio,joint_70_portfolio,70,24,lambda_market,2000,2000,0.6939221786933667,0.7222708168864828,0.02834863819311606,1.0408527628364548,0.9319987711151994,0.014739879896720506,1.3430883170071366,0.932196891108829,0.2125,0.00914723318823785,0.9392362958164399,0.9465,0.005031786462082825,0.115,False,,,,,,
joint_70_portfolio,joint_70_portfolio,70,30,lambda_market,2000,2000,0.6939221786933667,0.6923853759504754,-0.0015368027428912523,0.9977853384859596,0.8256616500297871,0.013058121892376245,1.1898476160316445,0.8254566393896267,0.199,0.008927457644816915,0.840063538333262,0.9585,0.004459694496263168,0.1295,False,,,,,,
joint_70_portfolio,joint_70_portfolio,70,36,lambda_market,2000,2000,0.6939221786933667,0.7140931480076536,0.020170969314286857,1.0290680568133277,0.7662576348272662,0.012118627038299995,1.1042414529394418,0.7663315571948531,0.1775,0.008543820866567839,0.7669347431880487,0.9465,0.005031786462082825,0.149,False,,,,,,
joint_70_portfolio,joint_70_portfolio,70,48,lambda_market,2000,2000,0.6939221786933667,0.6979532269343324,0.004031048240965673,1.0058090782579625,0.6494369027421433,0.010271067133986733,0.9358929901404971,0.6492870365623415,0.133,0.00759312188760328,0.6641462698962367,0.9455,0.005075911248239078,0.1685,False,,,,,,
joint_70_portfolio,joint_70_portfolio,70,51,lambda_market,2000,2000,0.6939221786933667,0.6976611348611891,0.0037389561678223826,1.0053881491075307,0.6496200338988102,0.010273963415975805,0.9361568974809595,0.6494683711634422,0.1455,0.007884470495854494,0.6443461831572501,0.953,0.004732388403332932,0.194,False,,,,,,
joint_70_portfolio,joint_70_portfolio,70,60,lambda_market,2000,2000,0.6939221786933667,0.7149088690421549,0.020986690348788195,1.030243579169505,0.59079019520042,0.009343549360042969,0.8513781708387805,0.5910152107935749,0.104,0.0068258332824644935,0.5940150233723103,0.9425,0.005205465877325487,0.215,False,,,,,,
joint_70_portfolio,joint_70_portfolio,70,72,lambda_market,2000,2000,0.6939221786933667,0.7307086828729388,0.03678650417957208,1.0530124346923742,0.5475536185604901,0.008659748086297358,0.789070641309543,0.5486513506825997,0.088,0.006334666526345329,0.5422733944501835,0.952,0.004779958158812692,0.277,True,0.539791521458187,0.9475,0.004987171041783106,0.2815,,
joint_70_portfolio,joint_70_portfolio,70,84,lambda_market,2000,2000,0.6939221786933667,0.6834892542272162,-0.010432924466150517,0.9849652817181959,0.5079632009652396,0.008033612067129933,0.7320175324583487,0.5079433493422287,0.094,0.006525488487462069,0.5020566911529207,0.9475,0.004987171041783106,0.2725,True,0.5004134848231614,0.94,0.005310367218940704,0.2765,,
joint_70_portfolio,joint_70_portfolio,70,120,lambda_market,2000,2000,0.6939221786933667,0.7122757596941607,0.018353581000793984,1.026449047983094,0.4135911339052125,0.0065410854917938,0.5960194768295076,0.413894855207853,0.0415,0.004459694496263169,0.42011655484845795,0.9565,0.004561126505590477,0.3945,True,0.4195135268360483,0.954,0.0046842288586276416,0.3975,,
joint_70_portfolio,joint_70_portfolio,70,180,lambda_market,2000,2000,0.6939221786933667,0.7118431453456903,0.017920966652323567,1.0258256144602096,0.3468490316880741,0.005485536277326365,0.4998385155251555,0.34722508507208527,0.019,0.003052785613173647,0.3431139290829186,0.9485,0.004942051699446293,0.5435,True,0.34226662443614453,0.9435,0.005162739098579358,0.541,,
joint_70_portfolio,joint_70_portfolio,70,240,lambda_market,2000,2000,0.6939221786933667,0.7028964908133247,0.008974312119958028,1.0129327356806153,0.2935468793504574,0.004642544475145053,0.4230256480679099,0.2936106669881567,0.008,0.0019919839356781974,0.2971993561535284,0.955,0.004635461142108735,0.652,True,0.29677278833271975,0.9505,0.004850244839180801,0.6515,,
joint_70_portfolio,joint_70_portfolio,70,444,lambda_market,2000,2000,0.6939221786933667,0.6998366118878712,0.005914433194504465,1.008523193776053,0.22223912918641073,0.003514787974065414,0.3202652055377159,0.2222622683819178,0.0005,0.0004998749843710925,0.21872448876992104,0.943,0.005184158562389852,0.894,True,0.21878970278832593,0.9435,0.005162739098579358,0.8915,,
joint_70_portfolio,joint_70_portfolio,70,648,lambda_market,2000,2000,0.6939221786933667,0.7031036900354627,0.009181511342095994,1.0132313271199727,0.18316002271779241,0.0028967385155566445,0.2639489388603732,0.183344267092119,0.0,0.0,0.1811526642013993,0.947,0.005009540897128201,0.9675,True,0.18110337931464662,0.9465,0.005031786462082825,0.968,,
joint_70_portfolio,joint_70_portfolio,70,12,lambda_rate,2000,2000,-0.4977978592944884,-0.015511315127699661,0.48228654416678873,0.03115986707874419,0.14985381684703455,0.002369989457976893,0.3010334698092458,0.5050200481414145,0.461,0.01114627740548386,0.20123888331412412,0.227,0.009366723012879158,0.005,False,,,,,,
joint_70_portfolio,joint_70_portfolio,70,15,lambda_rate,2000,2000,-0.4977978592944884,-0.022327275428095733,0.4754705838663926,0.04485209209163616,0.1457290967743206,0.002304755596770566,0.2927475360799209,0.49729129017516915,0.436,0.011088372288122365,0.18916531478326074,0.2175,0.00922479674572833,0.0045,False,,,,,,
joint_70_portfolio,joint_70_portfolio,70,18,lambda_rate,2000,2000,-0.4977978592944884,-0.031438929409095685,0.4663589298853927,0.06315601568406298,0.1454766598781852,0.0023007632207655156,0.2922404288446805,0.4885115436956195,0.4135,0.011011760758389187,0.18274469667636156,0.2115,0.00913147715323211,0.005,False,,,,,,
joint_70_portfolio,joint_70_portfolio,70,24,lambda_rate,2000,2000,-0.4977978592944884,-0.0335165569962823,0.4642813022982061,0.06732965273049618,0.1408156312223518,0.0022270474555612877,0.28287713294292766,0.48515590807416675,0.4085,0.010991536516793273,0.1733074617559328,0.1975,0.00890207138816579,0.0075,False,,,,,,
joint_70_portfolio,joint_70_portfolio,70,30,lambda_rate,2000,2000,-0.4977978592944884,-0.03685105065982381,0.4609468086346646,0.07402814208974608,0.1410122443068933,0.0022301569588590205,0.28327209865214176,0.48202330981854685,0.384,0.010875293099498515,0.16436137215416258,0.1765,0.008524897360085926,0.0085,False,,,,,,
joint_70_portfolio,joint_70_portfolio,70,36,lambda_rate,2000,2000,-0.4977978592944884,-0.05279014068770347,0.4450077186067849,0.10604734372004151,0.14427858228857193,0.0022818152131874356,0.2898336736382373,0.4678009948387905,0.3465,0.010640435846336371,0.16226258695627455,0.2015,0.008969329685099104,0.0125,False,,,,,,
joint_70_portfolio,joint_70_portfolio,70,48,lambda_rate,2000,2000,-0.4977978592944884,-0.057431229541275726,0.44036662975321267,0.11537058359927664,0.14445502181649467,0.0022846056647751597,0.29018811374806985,0.46344318778200094,0.3415,0.010603719866160178,0.15500384314502252,0.188,0.008736589723685096,0.02,False,,,,,,
joint_70_portfolio,joint_70_portfolio,70,51,lambda_rate,2000,2000,-0.4977978592944884,-0.06043505537855834,0.4373628039159301,0.12140481171255105,0.14595420628535602,0.0023083157808170547,0.2931997467651063,0.46106203624504405,0.341,0.010599976415068102,0.15377557284806068,0.181,0.008609268261588785,0.0255,False,,,,,,
joint_70_portfolio,joint_70_portfolio,70,60,lambda_rate,2000,2000,-0.4977978592944884,-0.06937580483604243,0.42842205445844594,0.1393654141750757,0.1410437189968566,0.00223065474186499,0.28333532650532683,0.45103086451985264,0.299,0.010237162692855867,0.15125704546502142,0.191,0.008789738335126933,0.022,False,,,,,,
joint_70_portfolio,joint_70_portfolio,70,72,lambda_rate,2000,2000,-0.4977978592944884,-0.08406110230581638,0.413736756988672,0.1688659377220972,0.14166466196999108,0.002240475167739332,0.2845827062630753,0.43730646701866843,0.247,0.009643417444039223,0.1471298649365263,0.1985,0.008919017602852906,0.041,True,0.14525992424873188,0.197,0.008893565089434044,0.046,,
joint_70_portfolio,joint_70_portfolio,70,84,lambda_rate,2000,2000,-0.4977978592944884,-0.0942654501289879,0.4035324091655005,0.18936491664023436,0.14464644554736952,0.0022876330966666216,0.29057265483698924,0.42866133270834716,0.244,0.009603749267864087,0.14664102603460644,0.2175,0.00922479674572833,0.0555,True,0.1448746060440555,0.2155,0.009194012997597947,0.0625,,
joint_70_portfolio,joint_70_portfolio,70,120,lambda_rate,2000,2000,-0.4977978592944884,-0.1223007161284078,0.37549714316608057,0.2456834914913864,0.14229070487039744,0.0022503762507108714,0.28584033099712625,0.40154031665083934,0.192,0.008807269724494646,0.14219598552016824,0.248,0.009656500401284102,0.0995,True,0.14108845973582743,0.248,0.009656500401284102,0.105,,
joint_70_portfolio,joint_70_portfolio,70,180,lambda_rate,2000,2000,-0.4977978592944884,-0.1652931126350193,0.33250474665946905,0.33204866101530345,0.13899302802028782,0.002198222361440557,0.2792158010025953,0.3603731522441802,0.103,0.0067967271535644275,0.1376478843963306,0.314,0.010377957409818176,0.1905,True,0.13699950030523828,0.311,0.010350821223458553,0.191,,
joint_70_portfolio,joint_70_portfolio,70,240,lambda_rate,2000,2000,-0.4977978592944884,-0.1953303077226648,0.3024675515718236,0.39238880617023875,0.13962573269223705,0.002208228802611575,0.2804868082199545,0.3331249274837938,0.072,0.005779965397820302,0.13498423652872554,0.385,0.010880602005403929,0.2985,True,0.13427522463539016,0.382,0.01086452944218018,0.301,,
joint_70_portfolio,joint_70_portfolio,70,444,lambda_rate,2000,2000,-0.4977978592944884,-0.2809926595859052,0.2168051997085832,0.5644714101104138,0.12787264820238992,0.0020223497444352826,0.25687665347460387,0.251689755595836,0.0115,0.0023840878758971955,0.1292285312740605,0.5555,0.011111249929688378,0.624,True,0.1290012381184096,0.558,0.011104863799254811,0.624,,
joint_70_portfolio,joint_70_portfolio,70,648,lambda_rate,2000,2000,-0.4977978592944884,-0.32388486002471206,0.17391299926977632,0.6506353010110225,0.11671383470286403,0.0018458692855864965,0.23446029854021166,0.2094302735194966,0.002,0.0009989994994993741,0.12286787123884736,0.6505,0.010661842007833357,0.8175,True,0.12274118409714041,0.65,0.01066536450385077,0.8155,,
